model,condition,id,display_text,english_gloss,list_primary,list_secondary,pred_top1,pred_top2,pred_top3,top1_confidence,hits1,hits3,partial_credit,top1_reasoning
sarvam,A,41,My neighbor's dog bit my child while we were walking,My neighbor's dog bit my child while we were walking,Torts/Individuals,,Torts/Individuals,Land/Property,Courts/Legal-System,0.95,True,True,False,"This is a personal injury case caused by another person's (or their animal's) negligence or action, which falls under the Torts/Individuals category."
sarvam,A,42,Someone crashed into my parked vehicle and drove away,Someone crashed into my parked vehicle and drove away,Torts/Individuals,,Torts/Individuals,Courts/Legal-System,Consumer/Money/Debt,0.90,True,True,False,"Property damage caused by another person's action, which is a classic tort scenario."
sarvam,A,43,A worker dropped something that injured me,A worker dropped something that injured me,Torts/Individuals,,Torts/Individuals,Work/Employment,Courts/Legal-System,0.90,True,True,False,"Personal injury caused by another person's action, which is the core of tort law."
sarvam,A,44,Someone spread lies about me that damaged my reputation in the village,Someone spread lies about me that damaged my reputation in the village,Torts/Individuals,,Torts/Individuals,IP/Identity,Courts/Legal-System,0.90,True,True,False,ಸುಳ್ಳು ಹೇಳಿಕೆಗಳು ಮತ್ತು ವದಂತಿಗಳು ವ್ಯಕ್ತಿಯ ಗೌರವಕ್ಕೆ ಧಕ್ಕೆ ತಂದಿವೆ. ಇದು ಇತರರ ಕ್ರಮಗಳಿಂದ ಉಂಟಾದ ವೈಯಕ್ತಿಕ ಗಾಯ ಅಥವಾ ಹಾನಿಯ ವರ್ಗಕ್ಕೆ ಸೇರುತ್ತದೆ.
sarvam,A,45,My neighbor's cattle keep destroying my crops,My neighbor's cattle keep destroying my crops,Torts/Individuals,Land/Property,Land/Property,Torts/Individuals,Housing,0.90,False,True,True,"The situation involves damage to the person's land (their crops) caused by another person's (the neighbor's) animals. This is a direct dispute over property and its use/damage, which falls under Land/Property."
sarvam,A,46,I received a court notice but I don't understand what it is asking me to do,I received a court notice but I don't understand what it is asking me to do,Courts/Legal-System,,Courts/Legal-System,Torts/Individuals,Housing,0.95,True,True,False,"ವ್ಯಕ್ತಿಯು ನ್ಯಾಯಾಲಯದ ನೋಟಿಸ್ ಪಡೆದಿದ್ದಾನೆ ಆದರೆ ಅದರ ವಿಷಯ ಅಥವಾ ಅವಶ್ಯಕತೆಗಳನ್ನು ಅರ್ಥಮಾಡಿಕೊಳ್ಳುತ್ತಿಲ್ಲ. ಇದು ಕಾನೂನು ನೋಟಿಸ್‌ಗಳು, ನ್ಯಾಯಾಲಯದ ಕಾರ್ಯವಿಧಾನಗಳು ಮತ್ತು ಕಾನೂನು ದಾಖಲೆಗಳ ಅರ್ಥವನ್ನು ಅರ್ಥಮಾಡಿಕೊಳ್ಳುವ ಬಗ್ಗೆ ಇರುವ ಗೊಂದಲವನ್ನು ನೇರವಾಗಿ ಸೂಚಿಸುತ್ತದೆ. ಇದು 'ನ್ಯಾಯಾಲಯ/ಕಾನೂನು-ವ್ಯವಸ್ಥೆ' ವರ್ಗದ ಪ್ರಮುಖ ಲಕ್ಷಣವಾಗಿದೆ."
sarvam,A,47,I missed a court date because no one explained when I needed to appear,I missed a court date because no one explained when I needed to appear,Courts/Legal-System,,Courts/Legal-System,Housing,Consumer/Money/Debt,0.90,True,True,False,"The situation describes a procedural failure in the legal system where the person missed a court date due to a lack of information about the required appearance time. This directly aligns with the category's definition of confusion about legal processes, such as not knowing when to appear or where to file."
sarvam,A,48,I don't know how to file a complaint against my employer,I don't know how to file a complaint against my employer,Courts/Legal-System,Work/Employment,Courts/Legal-System,Work/Employment,Torts/Individuals,0.90,True,True,False,"The person's problem is procedural confusion about the legal process of filing a complaint, which is a core issue within the Courts/Legal-System category. The examples provided in the category, like 'I don't know which court I should go to' and 'not knowing where to file a complaint,' are a direct match for this situation."
sarvam,A,49,The police would not register my complaint,The police would not register my complaint,Courts/Legal-System,,Courts/Legal-System,Torts/Individuals,Work/Employment,0.90,True,True,False,"The problem involves a failure by a state authority (the police) to register a formal complaint, which is a direct obstacle to accessing the legal system. This is a procedural issue related to the legal process itself."
sarvam,A,50,I was told I need a lawyer but I don't know how to find one,I was told I need a lawyer but I don't know how to find one,Courts/Legal-System,,Courts/Legal-System,Work/Employment,Torts/Individuals,0.90,True,True,False,"The person's situation is about the process of finding a lawyer, which is a procedural issue related to navigating the legal system. This falls under the umbrella of confusion about legal processes, not a specific dispute."
sarvam,A,51,Someone opened a loan in my name without my knowledge,Someone opened a loan in my name without my knowledge,IP/Identity,Consumer/Money/Debt,IP/Identity,Consumer/Money/Debt,Torts/Individuals,0.90,True,True,False,"The situation describes identity theft, where someone used the person's name and identity to open a loan without permission. This is a direct misuse of personal identity for financial gain, which is the core of the IP/Identity category."
sarvam,A,52,My photo is being used in an advertisement without my permission,My photo is being used in an advertisement without my permission,IP/Identity,,IP/Identity,Torts/Individuals,Consumer/Money/Debt,0.90,True,True,False,"ಈ ಪರಿಸ್ಥಿತಿಯು ಒಬ್ಬ ವ್ಯಕ್ತಿಯ ಫೋಟೋವನ್ನು ಅವರ ಅನುಮತಿಯಿಲ್ಲದೆ ಜಾಹೀರಾತಿನಲ್ಲಿ ಬಳಸುವುದನ್ನು ಒಳಗೊಂಡಿದೆ, ಇದು ಅವರ ವೈಯಕ್ತಿಕ ಗುರುತಿನ ದುರುಪಯೋಗವಾಗಿದೆ."
sarvam,A,53,Someone is pretending to be me online to trick my relatives,Someone is pretending to be me online to trick my relatives,IP/Identity,,IP/Identity,Torts/Individuals,Courts/Legal-System,0.90,True,True,False,"The situation involves someone using another person's identity online to trick relatives, which is a clear case of identity misuse."
sarvam,A,54,A shop is using my family's business name without asking,A shop is using my family's business name without asking,IP/Identity,,IP/Identity,Torts/Individuals,Consumer/Money/Debt,0.95,True,True,False,ಈ ಪರಿಸ್ಥಿತಿಯು ಒಬ್ಬ ವ್ಯಕ್ತಿಯ ಕುಟುಂಬದ ವ್ಯವಹಾರದ ಹೆಸರನ್ನು ಅನುಮತಿಯಿಲ್ಲದೆ ಬಳಸುತ್ತಿರುವುದನ್ನು ಒಳಗೊಂಡಿದೆ. ಇದು IP/Identity ವರ್ಗದ ಅಡಿಯಲ್ಲಿ ಬರುವ ಬ್ರ್ಯಾಂಡ್ ಅಥವಾ ವ್ಯವಹಾರದ ಗುರುತಿನ ದುರುಪಯೋಗವಾಗಿದೆ.
sarvam,A,55,Someone stole the design of the products my family makes and sells,Someone stole the design of the products my family makes and sells,IP/Identity,,IP/Identity,Torts/Individuals,Courts/Legal-System,0.90,True,True,False,"The situation involves the theft of product designs, which is a clear case of intellectual property theft and the misuse of a business's creative identity."
sarvam,A,56,My father died without a will and my siblings are dividing everything without me,My father died without a will and my siblings are dividing everything without me,Estates/Wills,,Estates/Wills,Land/Property,Courts/Legal-System,0.95,True,True,False,"The situation is about the inheritance and division of a deceased person's assets, which is the central issue in estate and will law."
sarvam,A,57,My mother's jewelry was promised to me but my brother took it after she died,My mother's jewelry was promised to me but my brother took it after she died,Estates/Wills,,Estates/Wills,Land/Property,Torts/Individuals,0.90,True,True,False,Inheritance dispute over promised jewelry after mother's death - directly involves estate/will matters
sarvam,A,58,I found out my parents' house was sold after my father's death without our agreement,I found out my parents' house was sold after my father's death without our agreement,Estates/Wills,Land/Property,Estates/Wills,Land/Property,Courts/Legal-System,0.90,True,True,False,"The situation involves the sale of a family home after the father's death without the person's agreement, which directly relates to inheritance and estate distribution. This is a classic estate dispute where assets are handled without the consent of all heirs."
sarvam,A,59,My uncle is refusing to share the property left by my grandfather,My uncle is refusing to share the property left by my grandfather,Estates/Wills,Land/Property,Estates/Wills,Land/Property,Housing,0.95,True,True,False,"The situation involves inheritance of property left by a grandfather and a dispute over its distribution, which directly falls under estate and will-related matters."
sarvam,A,60,After my husband passed away his family is not letting me stay in our house,After my husband passed away his family is not letting me stay in our house,Estates/Wills,Housing,Housing,Estates/Wills,Land/Property,0.85,False,True,True,"ವಿಧವೆಯು ತನ್ನ ಪತಿಯ ಮರಣದ ನಂತರವೂ ತನ್ನ ಪತಿಯ ಮನೆಯಲ್ಲಿ ವಾಸಿಸುವ ಹಕ್ಕಿನ ಬಗ್ಗೆ ಎದುರಿಸುತ್ತಿರುವ ಸಮಸ್ಯೆಯನ್ನು ಇದು ವಿವರಿಸುತ್ತದೆ. ಇದು ಮೂಲಭೂತವಾಗಿ ವಾಸಸ್ಥಳಕ್ಕೆ ಸಂಬಂಧಿಸಿದ ವಿವಾದವಾಗಿದ್ದು, ಕುಟುಂಬದ ಸದಸ್ಯರೊಂದಿಗಿನ ಸಂಬಂಧ ಮತ್ತು ಆಸ್ತಿಯ ಮೇಲಿನ ಹಕ್ಕುಗಳಿಗೆ ಸಂಬಂಧಿಸಿದೆ."
sarvam,B,41,enkulu nadetonduittinapaga enna baritaklena nayi enna balen cuccind.,My neighbor's dog bit my child while we were walking,Torts/Individuals,,Courts/Legal-System,Torts/Individuals,Consumer/Money/Debt,0.85,False,True,True,"The situation involves being accused or questioned in a formal manner, which suggests a legal or court-related context. The language used is formal and indicative of a legal dispute or complaint."
sarvam,B,42,ero enklena untondu ittina karg akd poyer.,Someone crashed into my parked vehicle and drove away,Torts/Individuals,,Housing,Land/Property,Courts/Legal-System,0.75,False,False,False,"The situation involves being forced to leave one's home or land, which is a housing-related issue. It could also be Land/Property, but Housing is more specific to the living situation."
sarvam,B,43,onji beledaye enna mitt saman budpad enk tagnd.,A worker dropped something that injured me,Torts/Individuals,,Land/Property,Torts/Individuals,Courts/Legal-System,0.85,False,True,True,"The situation describes someone taking or using property without permission, which is a classic land/property dispute. The person is seeking a remedy for the unauthorized use of their property."
sarvam,B,44,hallid yera enna bagge sullu pandd enna pudarn hal malter.,Someone spread lies about me that damaged my reputation in the village,Torts/Individuals,,Torts/Individuals,Courts/Legal-System,Consumer/Money/Debt,0.75,True,True,False,"The situation describes harm caused by another person's false statement (sullu pandd), which is a classic tort. The person is suffering negative consequences (hal malter) from this action."
sarvam,B,45,enna nerekareda aklena pettalu enna pura bulen tindd hal maltnd.,My neighbor's cattle keep destroying my crops,Torts/Individuals,Land/Property,Land/Property,Housing,Torts/Individuals,0.90,False,True,True,"The situation describes someone occupying the person's land without permission and refusing to leave, which is a classic example of a Land/Property dispute."
sarvam,B,46,"enk nyayalayada onji kakaji baidnd, matra ait dada panonduller pandd gottiji.",I received a court notice but I don't understand what it is asking me to do,Courts/Legal-System,,Courts/Legal-System,Land/Property,Torts/Individuals,0.85,True,True,False,"The person is confused about which court to go to and the jurisdiction of the other party, which directly aligns with the Courts/Legal-System category."
sarvam,B,47,"enk nyayalayag popina tarikh tatnd, dayeg panda enk erela epa e podu pandd pandijer.",I missed a court date because no one explained when I needed to appear,Courts/Legal-System,,Work/Employment,Courts/Legal-System,Housing,0.85,False,True,True,"The person is facing a court date related to their employment, with concerns about their job and salary. The situation involves their right to work and the potential financial impact of their employment status, which is a core issue in the Work/Employment category."
sarvam,B,48,enk enna kelsada dhanina mitt enca duru korodu pandd gottiji.,I don't know how to file a complaint against my employer,Courts/Legal-System,Work/Employment,Torts/Individuals,Courts/Legal-System,IP/Identity,0.95,False,True,True,"The situation involves a direct threat of physical harm from another person, which is a clear case of personal injury or threat. This falls under Torts/Individuals. It is not a housing issue, as there is no landlord-tenant relationship. It is not a consumer/money/debt issue, as no money or contract is involved. It is not work/employment, as it is not related to a job. It is not land/property, as the issue is not about land or property ownership. It is not courts/legal-system, as the person is not asking about which court to go to, but rather how to handle a direct threat. It is not IP/identity, as there is no misuse of identity. It is not estates/wills, as there is no inheritance or will involved."
sarvam,B,49,polis-da akulu enna durun dettonere tayar ijjer.,The police would not register my complaint,Courts/Legal-System,,Courts/Legal-System,Torts/Individuals,Housing,0.85,True,True,False,"The situation describes a person's complaint to the police (polis) and their feeling that no action is being taken. This directly relates to the legal system's process and the functioning of law enforcement, which is a core aspect of the Courts/Legal-System category. The person is expressing frustration with the legal process itself."
sarvam,B,50,"enk onji vakil bodu pandd pander, matra enk vakiln enca nadodu pandd gottiji.",I was told I need a lawyer but I don't know how to find one,Courts/Legal-System,,Courts/Legal-System,Housing,Land/Property,0.75,True,True,False,"The person is facing confusion about a legal process or system, which aligns with the Courts/Legal-System category. The language barrier prevents a clear understanding, but the core issue is about navigating legal procedures."
sarvam,B,51,enk gottijande yera enna pudard sala dettonyer.,Someone opened a loan in my name without my knowledge,IP/Identity,Consumer/Money/Debt,Land/Property,Torts/Individuals,Courts/Legal-System,0.90,False,False,False,"The situation describes someone occupying the person's land without permission and refusing to leave, which is a classic boundary or property occupation dispute."
sarvam,B,52,enada kenande yera enna photon jahiratud upayoga maltonduller.,My photo is being used in an advertisement without my permission,IP/Identity,,IP/Identity,Courts/Legal-System,Torts/Individuals,0.90,True,True,False,"The situation describes the unauthorized use of a photograph, which is a personal identifier. This directly aligns with the IP/Identity category of 'someone using your name without permission' or 'misuse of personal or business identity'."
sarvam,B,53,yera ennaleka anlain-d natane maltd enna kutunbadaklen dongi maltonduller.,Someone is pretending to be me online to trick my relatives,IP/Identity,,Housing,Torts/Individuals,Courts/Legal-System,0.85,False,False,False,"The situation describes someone entering a home without permission, which is a classic housing/trespass issue. The focus is on the violation of the home's security and the person's right to their dwelling."
sarvam,B,54,vova onji angadi enna kutunbada angadida pudaran upayoga maltondundu,A shop is using my family's business name without asking,IP/Identity,,Land/Property,Courts/Legal-System,Torts/Individuals,0.90,False,False,False,"Someone is occupying land without permission and not leaving, which is a clear property dispute."
sarvam,B,55,enklena kutunba maltd maruna samanda disain-n yera kandder.,Someone stole the design of the products my family makes and sells,IP/Identity,,Courts/Legal-System,Torts/Individuals,IP/Identity,0.85,False,True,True,"The situation describes confusion about which court to go to and not understanding a signed document, which are direct issues with the legal system and legal procedures."
sarvam,B,56,enna popa onji vil budande tir poyi bokka enna megge-palayenakulu enan buddu astin pura pattonduller.,My father died without a will and my siblings are dividing everything without me,Estates/Wills,,Land/Property,Torts/Individuals,Courts/Legal-System,0.90,False,False,False,"The situation describes someone occupying the person's land without permission and refusing to leave, which is a classic example of a land/property dispute involving boundary issues or trespass."
sarvam,B,57,enna ammana bangar enk korper pand pandi bokka amma tir poyi bokka enna palaye aven pura dettonye.,My mother's jewelry was promised to me but my brother took it after she died,Estates/Wills,,Land/Property,Torts/Individuals,Housing,0.90,False,False,False,"The situation describes someone occupying the person's land without permission and refusing to leave, which is a direct property dispute. This aligns with the Land/Property category, which covers boundary disputes and unauthorized occupation of land."
sarvam,B,58,enna popa tir poyi bokka enna oppige ijjande enna popa-ammana illan maryer pandd gottand.,I found out my parents' house was sold after my father's death without our agreement,Estates/Wills,Land/Property,Land/Property,Housing,Torts/Individuals,0.90,False,True,True,"Someone is occupying the person's land without permission and refusing to leave, which is a classic boundary/occupancy dispute."
sarvam,B,59,"enna mamu, ajjer-na jagan pattere kenondijjer.",My uncle is refusing to share the property left by my grandfather,Estates/Wills,Land/Property,Estates/Wills,Land/Property,Housing,0.85,True,True,False,Family inheritance dispute where uncle is taking land that was meant for the person's father after his death
sarvam,B,60,enna kandani tir poyi bokka enna kandanina kutunbadakulu enan enklena illad kulyere budondijjer.,After my husband passed away his family is not letting me stay in our house,Estates/Wills,Housing,Land/Property,Housing,Torts/Individuals,0.95,False,True,True,"The situation describes someone occupying land without permission and refusing to leave, which is a classic example of a land/property dispute. The person's problem is about possession of their land, not a rental agreement, debt, or personal injury."
sarvam,C_sparse,41,enkulu nadetonduittinapaga enna baritaklena nayi enna balen cuccind.,My neighbor's dog bit my child while we were walking,Torts/Individuals,,Courts/Legal-System,Torts/Individuals,Housing,0.75,False,True,True,"The situation involves confusion about what to do or being misled, which aligns with uncertainty in legal procedures or rights."
sarvam,C_sparse,42,ero enklena untondu ittina karg akd poyer.,Someone crashed into my parked vehicle and drove away,Torts/Individuals,,Consumer/Money/Debt,Housing,Torts/Individuals,0.75,False,True,True,"The situation appears to involve someone not returning something that was given to them, which aligns with a consumer/money/debt issue where money or property is not returned. The vocabulary suggests a transaction or exchange that wasn't properly completed."
sarvam,C_sparse,43,onji beledaye enna mitt saman budpad enk tagnd.,A worker dropped something that injured me,Torts/Individuals,,Courts/Legal-System,Torts/Individuals,IP/Identity,0.75,False,True,True,"The situation involves confusion about what was said or understood, which relates to legal system comprehension issues like not understanding documents or statements."
sarvam,C_sparse,44,hallid yera enna bagge sullu pandd enna pudarn hal malter.,Someone spread lies about me that damaged my reputation in the village,Torts/Individuals,,Torts/Individuals,Courts/Legal-System,Consumer/Money/Debt,0.85,True,True,False,"The situation describes someone lying and making false accusations, which is a personal wrong or harm caused by another person's actions (defamation/slander). This falls under Torts/Individuals as it involves personal injury or harm from another individual's behavior."
sarvam,C_sparse,45,enna nerekareda aklena pettalu enna pura bulen tindd hal maltnd.,My neighbor's cattle keep destroying my crops,Torts/Individuals,Land/Property,Work/Employment,Courts/Legal-System,Consumer/Money/Debt,0.40,False,False,False,"The phrase 'tindd hal maltnd' could imply being given a task or instruction, which might be related to work. However, the context is unclear."
sarvam,C_sparse,46,"enk nyayalayada onji kakaji baidnd, matra ait dada panonduller pandd gottiji.",I received a court notice but I don't understand what it is asking me to do,Courts/Legal-System,,Courts/Legal-System,Torts/Individuals,Housing,0.85,True,True,False,"The situation explicitly mentions a court ('nyayalayada') and a lawyer ('kakaji'). The problem is that the lawyer is not helping the person get the necessary documents, which is a common issue in legal proceedings. This directly relates to the process of dealing with the legal system."
sarvam,C_sparse,47,"enk nyayalayag popina tarikh tatnd, dayeg panda enk erela epa e podu pandd pandijer.",I missed a court date because no one explained when I needed to appear,Courts/Legal-System,,Courts/Legal-System,Housing,Work/Employment,0.85,True,True,False,"The situation describes confusion about the legal process and potential jurisdictional issues, such as not knowing which court to go to or dealing with a person in a different location. This directly relates to navigating the legal system, which is the core of the Courts/Legal-System category."
sarvam,C_sparse,48,enk enna kelsada dhanina mitt enca duru korodu pandd gottiji.,I don't know how to file a complaint against my employer,Courts/Legal-System,Work/Employment,Courts/Legal-System,Torts/Individuals,Housing,0.85,True,True,False,"The person is expressing confusion about a legal or procedural matter, which aligns with the category's description of confusion about which court to go to or not knowing where to file a complaint. This is distinct from other categories: it's not a housing or work issue, nor is it about a debt or property."
sarvam,C_sparse,49,polis-da akulu enna durun dettonere tayar ijjer.,The police would not register my complaint,Courts/Legal-System,,Courts/Legal-System,Torts/Individuals,Housing,0.85,True,True,False,"The situation describes a person going to a police station to file a complaint and seeking legal action, which is a direct interaction with the legal system."
sarvam,C_sparse,50,"enk onji vakil bodu pandd pander, matra enk vakiln enca nadodu pandd gottiji.",I was told I need a lawyer but I don't know how to find one,Courts/Legal-System,,Courts/Legal-System,Consumer/Money/Debt,Torts/Individuals,0.85,True,True,False,"The situation describes a communication breakdown with a lawyer, where the person feels their case is not being handled properly. This directly relates to confusion about legal representation and the legal process, which is the core of the Courts/Legal-System category."
sarvam,C_sparse,51,enk gottijande yera enna pudard sala dettonyer.,Someone opened a loan in my name without my knowledge,IP/Identity,Consumer/Money/Debt,Courts/Legal-System,Torts/Individuals,Housing,0.85,False,False,False,"The situation describes a legal challenge or questioning, which is a common procedure in the courts. The person is responding to a challenge, indicating a legal context."
sarvam,C_sparse,52,enada kenande yera enna photon jahiratud upayoga maltonduller.,My photo is being used in an advertisement without my permission,IP/Identity,,IP/Identity,Torts/Individuals,Courts/Legal-System,0.85,True,True,False,"The situation involves a dispute over the use of a photograph, which relates to personal identity and the potential misuse of one's image, fitting the IP/Identity category."
sarvam,C_sparse,53,yera ennaleka anlain-d natane maltd enna kutunbadaklen dongi maltonduller.,Someone is pretending to be me online to trick my relatives,IP/Identity,,Consumer/Money/Debt,Courts/Legal-System,Torts/Individuals,0.85,False,False,False,"The situation describes a dispute over money that was given, with one party demanding its return and the other refusing. This is a classic example of a financial disagreement or debt collection issue, which falls under the Consumer/Money/Debt category."
sarvam,C_sparse,54,vova onji angadi enna kutunbada angadida pudaran upayoga maltondundu,A shop is using my family's business name without asking,IP/Identity,,IP/Identity,Estates/Wills,Land/Property,0.85,True,True,False,"The situation describes the misuse of a person's name or identity by others to take property, which is a core example of identity misuse under the IP/Identity category."
sarvam,C_sparse,55,enklena kutunba maltd maruna samanda disain-n yera kandder.,Someone stole the design of the products my family makes and sells,IP/Identity,,Courts/Legal-System,Consumer/Money/Debt,Torts/Individuals,0.85,False,False,False,"The situation describes a legal case summary with a charge under Section 506 of the Indian Penal Code, indicating a legal proceeding and accusation, which fits the Courts/Legal-System category."
sarvam,C_sparse,56,enna popa onji vil budande tir poyi bokka enna megge-palayenakulu enan buddu astin pura pattonduller.,My father died without a will and my siblings are dividing everything without me,Estates/Wills,,Courts/Legal-System,Torts/Individuals,Housing,0.85,False,False,False,"The person is expressing confusion about which court to go to and where to file a complaint, which is a classic issue within the Courts/Legal-System category."
sarvam,C_sparse,57,enna ammana bangar enk korper pand pandi bokka amma tir poyi bokka enna palaye aven pura dettonye.,My mother's jewelry was promised to me but my brother took it after she died,Estates/Wills,,Consumer/Money/Debt,Land/Property,Courts/Legal-System,0.75,False,False,False,"The situation involves a dispute over money or property, likely related to a bank account or financial transaction, which aligns with the Consumer/Money/Debt category."
sarvam,C_sparse,58,enna popa tir poyi bokka enna oppige ijjande enna popa-ammana illan maryer pandd gottand.,I found out my parents' house was sold after my father's death without our agreement,Estates/Wills,Land/Property,Courts/Legal-System,Torts/Individuals,Housing,0.85,False,False,False,"The person is confused about which court to go to and where to file a complaint, which directly relates to navigating the legal system and jurisdiction."
sarvam,C_sparse,59,"enna mamu, ajjer-na jagan pattere kenondijjer.",My uncle is refusing to share the property left by my grandfather,Estates/Wills,Land/Property,Land/Property,Housing,Courts/Legal-System,0.75,False,True,True,"The situation involves a dispute ('kenondijjer') over property or land ('pattere') between family members (uncle 'mamu' and someone named 'ajjer'), which aligns with the Land/Property category."
sarvam,C_sparse,60,enna kandani tir poyi bokka enna kandanina kutunbadakulu enan enklena illad kulyere budondijjer.,After my husband passed away his family is not letting me stay in our house,Estates/Wills,Housing,Land/Property,Torts/Individuals,Housing,0.90,False,True,True,"The situation describes someone occupying land without permission and refusing to leave, which is a classic land/property dispute involving boundaries and possession."
sarvam,C_full,41,enkulu nadetonduittinapaga enna baritaklena nayi enna balen cuccind.,My neighbor's dog bit my child while we were walking,Torts/Individuals,,Consumer/Money/Debt,Land/Property,Courts/Legal-System,0.75,False,False,False,The phrase 'naayi enna baritaklena' (they are not giving me what is mine) suggests a dispute over payment or entitlement to money or an asset. This aligns with a consumer/money/debt issue where something owed is being denied.
sarvam,C_full,42,ero enklena untondu ittina karg akd poyer.,Someone crashed into my parked vehicle and drove away,Torts/Individuals,,Courts/Legal-System,Land/Property,Housing,0.85,False,False,False,"The person is seeking a resolution to a dispute, which implies engagement with the legal system."
sarvam,C_full,43,onji beledaye enna mitt saman budpad enk tagnd.,A worker dropped something that injured me,Torts/Individuals,,Consumer/Money/Debt,Housing,PARSE_FAILURE_NO_ANSWER,0.40,False,False,False,"The phrase 'budpad enk tagnd' might relate to not returning money or not doing a financial obligation, which aligns with Consumer/Money/Debt. However, the lack of clear context makes this a weak fit."
sarvam,C_full,44,hallid yera enna bagge sullu pandd enna pudarn hal malter.,Someone spread lies about me that damaged my reputation in the village,Torts/Individuals,,Courts/Legal-System,Torts/Individuals,Housing,0.75,False,True,True,"The situation involves a false allegation and a dispute over property, which is a legal matter requiring resolution through the courts. It is a claim of wrongdoing that needs to be formally addressed."
sarvam,C_full,45,enna nerekareda aklena pettalu enna pura bulen tindd hal maltnd.,My neighbor's cattle keep destroying my crops,Torts/Individuals,Land/Property,Courts/Legal-System,Torts/Individuals,IP/Identity,0.85,False,True,True,"The person is refusing to provide a legal document (kakaji), which is a procedural issue in the legal system."
sarvam,C_full,46,"enk nyayalayada onji kakaji baidnd, matra ait dada panonduller pandd gottiji.",I received a court notice but I don't understand what it is asking me to do,Courts/Legal-System,,Courts/Legal-System,Housing,Consumer/Money/Debt,0.75,True,True,False,"The situation involves a legal document (kakaji) and a request for permission to return it (onji), which relates to legal procedures and documentation. The person is asking about how to handle a document, which is a legal-system issue."
sarvam,C_full,47,"enk nyayalayag popina tarikh tatnd, dayeg panda enk erela epa e podu pandd pandijer.",I missed a court date because no one explained when I needed to appear,Courts/Legal-System,,Courts/Legal-System,Housing,Consumer/Money/Debt,0.90,True,True,False,"The person is confused about which court to go to and where to file a complaint, which is a direct match for the Courts/Legal-System category."
sarvam,C_full,48,enk enna kelsada dhanina mitt enca duru korodu pandd gottiji.,I don't know how to file a complaint against my employer,Courts/Legal-System,Work/Employment,Courts/Legal-System,Land/Property,Housing,0.65,True,True,False,"The request to return a document ('doru korodu') often involves legal or administrative procedures, such as filing a claim or petition to get an item back, which falls under the legal-system category."
sarvam,C_full,49,polis-da akulu enna durun dettonere tayar ijjer.,The police would not register my complaint,Courts/Legal-System,,Courts/Legal-System,Torts/Individuals,Housing,0.85,True,True,False,"The situation describes a problem with a legal process (the police not acting on a complaint), which is a procedural issue within the legal system. It is not about housing, work, land, or a tort."
sarvam,C_full,50,"enk onji vakil bodu pandd pander, matra enk vakiln enca nadodu pandd gottiji.",I was told I need a lawyer but I don't know how to find one,Courts/Legal-System,,Courts/Legal-System,Housing,Consumer/Money/Debt,0.85,True,True,False,"The person is confused about legal procedures, documents, and jurisdiction, which directly relates to the Courts/Legal-System category."
sarvam,C_full,51,enk gottijande yera enna pudard sala dettonyer.,Someone opened a loan in my name without my knowledge,IP/Identity,Consumer/Money/Debt,IP/Identity,Torts/Individuals,Consumer/Money/Debt,0.95,True,True,False,"The situation describes someone using the person's name without permission, which is a direct misuse of personal identity. The vocabulary guide includes 'pudar' for name, and the example 'Someone is selling their things using my name' is a perfect match for this category."
sarvam,C_full,52,enada kenande yera enna photon jahiratud upayoga maltonduller.,My photo is being used in an advertisement without my permission,IP/Identity,,Torts/Individuals,Consumer/Money/Debt,IP/Identity,0.75,False,True,True,"The person is describing a situation where someone else is using their phone without permission, which could be considered property damage or interference with their personal property."
sarvam,C_full,53,yera ennaleka anlain-d natane maltd enna kutunbadaklen dongi maltonduller.,Someone is pretending to be me online to trick my relatives,IP/Identity,,Torts/Individuals,Land/Property,Courts/Legal-System,0.85,False,False,False,"The situation describes harm or damage caused by another person, which aligns with the definition of Torts/Individuals as personal injury or property damage caused by another person's negligence or actions."
sarvam,C_full,54,vova onji angadi enna kutunbada angadida pudaran upayoga maltondundu,A shop is using my family's business name without asking,IP/Identity,,IP/Identity,Torts/Individuals,Consumer/Money/Debt,0.85,True,True,False,"The situation involves someone using the person's name without permission, which directly relates to the misuse of personal identity."
sarvam,C_full,55,enklena kutunba maltd maruna samanda disain-n yera kandder.,Someone stole the design of the products my family makes and sells,IP/Identity,,Land/Property,Consumer/Money/Debt,Courts/Legal-System,0.60,False,False,False,"The situation involves words like 'samanda' (land) and 'maltd' (money), suggesting a dispute or issue related to land or property. However, the exact nature of the problem is unclear, so this is the best fit."
sarvam,C_full,56,enna popa onji vil budande tir poyi bokka enna megge-palayenakulu enan buddu astin pura pattonduller.,My father died without a will and my siblings are dividing everything without me,Estates/Wills,,Courts/Legal-System,Land/Property,Consumer/Money/Debt,0.85,False,False,False,"The situation explicitly mentions confusion about which court to go to and the other party being in a different location, which are core issues of legal procedure and jurisdiction."
sarvam,C_full,57,enna ammana bangar enk korper pand pandi bokka amma tir poyi bokka enna palaye aven pura dettonye.,My mother's jewelry was promised to me but my brother took it after she died,Estates/Wills,,Estates/Wills,Land/Property,Courts/Legal-System,0.85,True,True,False,"Inheritance dispute over land ownership, where family members are taking property that was meant for the person."
sarvam,C_full,58,enna popa tir poyi bokka enna oppige ijjande enna popa-ammana illan maryer pandd gottand.,I found out my parents' house was sold after my father's death without our agreement,Estates/Wills,Land/Property,Courts/Legal-System,Housing,Torts/Individuals,0.85,False,False,False,"The situation describes confusion about a procedural requirement ('oppige ijjande' - asking for permission) and a failure to get it ('pandd gottand' - not getting it), which is a classic legal-system issue of navigating processes and permissions."
sarvam,C_full,59,"enna mamu, ajjer-na jagan pattere kenondijjer.",My uncle is refusing to share the property left by my grandfather,Estates/Wills,Land/Property,Land/Property,Estates/Wills,Housing,0.75,False,True,True,"The query involves 'jagan pattere' (land/property) and 'mamu' (uncle), suggesting a property dispute involving family members. This aligns with Land/Property category."
sarvam,C_full,60,enna kandani tir poyi bokka enna kandanina kutunbadakulu enan enklena illad kulyere budondijjer.,After my husband passed away his family is not letting me stay in our house,Estates/Wills,Housing,Land/Property,Housing,Torts/Individuals,0.90,False,True,True,"The situation describes someone occupying the person's land without permission and refusing to leave, which is a classic land/property dispute involving boundary issues and unauthorized occupation."
sarvam,D_sparse,41,ಎಂಕುಲು ನಡೆತೊಂದುಿತ್ತಿನಪಗ ಎನ್ನ ಬರಿತ್ಅಕ್ಲೆನ ನಾಯಿ ಎನ್ನ ಬಾಲೆನ್ ಚೂಚ್ಚಿಂಡ್.,My neighbor's dog bit my child while we were walking,Torts/Individuals,,Torts/Individuals,Land/Property,Housing,0.90,True,True,False,"A person's child was physically harmed (bit) by a dog belonging to someone else. This is a classic case of personal injury caused by another individual's negligence or action, which falls under Torts/Individuals."
sarvam,D_sparse,42,ಏರೊ ಎಂಕ್ಲೆನ ಉಂತೋಂದು ಇತ್ತಿನ ಕಾರ್ಗ್ ಆಕ್ದ್ ಪೋಯೆರ್.,Someone crashed into my parked vehicle and drove away,Torts/Individuals,,Housing,Torts/Individuals,Land/Property,0.85,False,True,True,"The situation describes someone entering or occupying the person's home without permission, which is a classic housing issue involving trespass or unauthorized entry into a dwelling."
sarvam,D_sparse,43,ಒಂಜಿ ಬೇಲೆದಾಯೆ ಎನ್ನ ಮಿತ್ತ್ ಸಾಮಾನ್ ಬೂಡ್ಪಾದ್ ಎಂಕ್ ತಾಗ್ಂಡ್.,A worker dropped something that injured me,Torts/Individuals,,Torts/Individuals,Courts/Legal-System,IP/Identity,0.85,True,True,False,"Taking a child without permission is a personal wrong or harm caused by another person's action, which is a tort."
sarvam,D_sparse,44,ಹಳ್ಳಿಡ್ ಯೇರಾ ಎನ್ನ ಬಾಗ್ಗೆ ಸುಳ್ಳು ಪಂಡ್ಡ್ ಎನ್ನ ಪುದರ್ನ್ ಹಾಳ್ ಮಲ್ತೆರ್.,Someone spread lies about me that damaged my reputation in the village,Torts/Individuals,,Torts/Individuals,Courts/Legal-System,Land/Property,0.85,True,True,False,"The situation involves personal harm and threats from another person, which falls under torts or personal injury/wrongful actions."
sarvam,D_sparse,45,ಎನ್ನ ನೆರೆಕರೆದ ಅಕ್ಲೆನ ಪೆತ್ತಲು ಎನ್ನ ಪೂರಾ ಬುಳೆನ್ ತಿಂದ್ಡ್ ಹಾಳ್ ಮಲ್ತ್ಂಡ್.,My neighbor's cattle keep destroying my crops,Torts/Individuals,Land/Property,Torts/Individuals,Land/Property,Consumer/Money/Debt,0.85,True,True,False,"Property damage caused by another person's action, with the responsible party refusing to fix it."
sarvam,D_sparse,46,"ಎಂಕ್ ನ್ಯಾಯಾಲಯದ ಒಂಜಿ ಕಾಕಜಿ ಬೈದ್ಂಡ್, ಮಾತ್ರ ಐಟ್ ದಾದ ಪಣೊಂದುಲ್ಲೆರ್ ಪಂಡ್ಡ್ ಗೊತ್ತಿಜಿ.",I received a court notice but I don't understand what it is asking me to do,Courts/Legal-System,,Courts/Legal-System,Torts/Individuals,Housing,0.90,True,True,False,"The person explicitly states they don't know which court to go to, which directly matches the definition of confusion about which court to go to in the Courts/Legal-System category."
sarvam,D_sparse,47,"ಎಂಕ್ ನ್ಯಾಯಾಲಯಗ್ ಪೋಪಿನ ತಾರೀಖ್ ತತ್ಂಡ್, ದಾಯೆಗ್ ಪಂಡ ಎಂಕ್ ಏರೇಲಾ ಏಪ ಏ ಪೋಡು ಪಂಡ್ಡ್ ಪಂಡಿಜೆರ್.",I missed a court date because no one explained when I needed to appear,Courts/Legal-System,,Courts/Legal-System,Housing,Work/Employment,0.90,True,True,False,ಈ ಪರಿಸ್ಥಿತಿಯು ನ್ಯಾಯಾಲಯದ ನಡಾವಳಿಗಳಲ್ಲಿ ಹಾಜರಾಗುವ ಬಗ್ಗೆ ಇದೆ. ವ್ಯಕ್ತಿಯು ಹಾಜರಾಗುವ ಬದಲು ಬೇರೆಯವರು ಹಾಜರಾಗಿರುವುದು ಕಾನೂನು ಪ್ರಕ್ರಿಯೆಯ ಕಾರ್ಯವಿಧಾನಕ್ಕೆ ಸಂಬಂಧಿಸಿದ್ದಾಗಿದೆ.
sarvam,D_sparse,48,ಎಂಕ್ ಎನ್ನ ಕೆಲ್ಸದ ಧನಿನ ಮಿತ್ತ್ ಎಂಚ ದೂರು ಕೊರೋಡು ಪಂಡ್ಡ್ ಗೊತ್ತಿಜಿ.,I don't know how to file a complaint against my employer,Courts/Legal-System,Work/Employment,Courts/Legal-System,Consumer/Money/Debt,Work/Employment,0.85,True,True,False,"ವ್ಯಕ್ತಿಯು ದೂರು ಸಲ್ಲಿಸಲು ಸರಿಯಾದ ನ್ಯಾಯಾಲಯ ಅಥವಾ ಸ್ಥಳ ಯಾವುದು ಎಂದು ತಿಳಿಯದೆ ಗೊಂದಲಕ್ಕೊಳಗಾಗಿದ್ದಾನೆ. ಇದು ಕಾನೂನು ವ್ಯವಸ್ಥೆಯ ಪ್ರಕ್ರಿಯೆಯ ಬಗ್ಗೆ ಇರುವ ಅನಿಶ್ಚಿತತೆಯೇ ಹೊರತು, ವಸತಿ ಅಥವಾ ಕೆಲಸದ ವಿವಾದವಲ್ಲ."
sarvam,D_sparse,49,ಪೊಲೀಸ್-ದ ಅಕುಲು ಎನ್ನ ದೂರುನ್ ದೆತ್ತೊನೆರೆ ತಯಾರ್ ಇಜ್ಜೆರ್.,The police would not register my complaint,Courts/Legal-System,,Courts/Legal-System,Torts/Individuals,Housing,0.85,True,True,False,"The person is reporting a complaint to the police and preparing to file a formal complaint, which is a direct interaction with the legal system."
sarvam,D_sparse,50,"ಎಂಕ್ ಒಂಜಿ ವಕೀಲ್ ಬೋಡು ಪಂಡ್ಡ್ ಪಂಡೆರ್, ಮಾತ್ರ ಎಂಕ್ ವಕೀಲ್ನ್ ಎಂಚ ನಾಡೋಡು ಪಂಡ್ಡ್ ಗೊತ್ತಿಜಿ.",I was told I need a lawyer but I don't know how to find one,Courts/Legal-System,,Courts/Legal-System,Housing,Consumer/Money/Debt,0.85,True,True,False,"The person is confused about which lawyer to hire and does not understand the situation, which relates to navigating the legal system and understanding legal processes."
sarvam,D_sparse,51,ಎಂಕ್ ಗೊತ್ತಿಜಂದೇ ಯೇರಾ ಎನ್ನ ಪುದರ್ಡ್ ಸಾಲ ದೆತ್ತೊನ್ಯೆರ್.,Someone opened a loan in my name without my knowledge,IP/Identity,Consumer/Money/Debt,Consumer/Money/Debt,Torts/Individuals,Courts/Legal-System,0.95,False,True,True,"The situation describes a loan that was not repaid, which is a classic example of a debt or money owed but not paid. The person is concerned about the borrower and the missing money."
sarvam,D_sparse,52,ಎನಡ ಕೇನಂದೇ ಯೇರಾ ಎನ್ನ ಫೋಟೋನ್ ಜಾಹೀರಾತುಡ್ ಉಪಯೋಗ ಮಲ್ತೊಂದುಲ್ಲೆರ್.,My photo is being used in an advertisement without my permission,IP/Identity,,IP/Identity,Torts/Individuals,Consumer/Money/Debt,0.85,True,True,False,"The situation describes someone using the person's name without permission to sell things, which is a direct misuse of personal identity."
sarvam,D_sparse,53,ಯೇರಾ ಎನ್ನಲೆಕ ಆನ್‌ಲೈನ್-ಡ್ ನಟನೆ ಮಲ್ತ್ಡ್ ಎನ್ನ ಕುಟುಂಬದಕ್ಲೆನ್ ಡೋಂಗಿ ಮಲ್ತೊಂದುಲ್ಲೆರ್.,Someone is pretending to be me online to trick my relatives,IP/Identity,,Estates/Wills,Land/Property,Courts/Legal-System,0.85,False,False,False,ಈ ಪರಿಸ್ಥಿತಿಯು ಕುಟುಂಬದ ಆಸ್ತಿಯ ಹಂಚಿಕೆ ಅಥವಾ ಉತ್ತರಾಧಿಕಾರದ ಬಗ್ಗೆ ಇರುವ ವಿವಾದವನ್ನು ವಿವರಿಸುತ್ತದೆ. ಇದು ಎಸ್ಟೇಟ್ಸ್/ವಿಲ್ ವರ್ಗಕ್ಕೆ ಹೊಂದಿಕೆಯಾಗುತ್ತದೆ.
sarvam,D_sparse,54,ವೊವಾ ಒಂಜಿ ಅಂಗಡಿ ಎನ್ನ ಕುಟುಂಬದ ಅಂಗಡಿದ ಪುದರನ್ ಉಪಯೋಗ ಮಲ್ತೊಂದುಂಡು,A shop is using my family's business name without asking,IP/Identity,,Land/Property,Housing,Work/Employment,0.85,False,False,False,"ಈ ಪರಿಸ್ಥಿತಿಯು ಕುಟುಂಬದ ಅಂಗಡಿಯ ಒಂದು ಭಾಗವನ್ನು ಬಳಸಿಕೊಳ್ಳುವುದನ್ನು ಒಳಗೊಂಡಿದೆ, ಇದು ಆಸ್ತಿಯ ಬಳಕೆ ಮತ್ತು ಮಾಲೀಕತ್ವದ ಹಕ್ಕಿನ ವಿವಾದವಾಗಿದೆ. ಇದು ಭೂಮಿ ಅಥವಾ ಆಸ್ತಿ ಸಂಬಂಧಿತ ವಿಷಯವಾಗಿದ್ದು, 'Land/Property' ವರ್ಗಕ್ಕೆ ಹೊಂದಿಕೆಯಾಗುತ್ತದೆ."
sarvam,D_sparse,55,ಎಂಕ್ಲೆನ ಕುಟುಂಬ ಮಲ್ತ್ಡ್ ಮಾರುನ ಸಾಮಾಂದ ಡಿಸೈನ್-ನ್ ಯೇರಾ ಕಂಡ್ದೆರ್.,Someone stole the design of the products my family makes and sells,IP/Identity,,Land/Property,Estates/Wills,Courts/Legal-System,0.90,False,False,False,"The situation describes a family's land or property being taken or occupied by someone else, which is a classic land/property dispute. The vocabulary 'family' and 'land' (implied by the context of inheritance and property) point directly to this category."
sarvam,D_sparse,56,ಎನ್ನ ಪೋಪ ಒಂಜಿ ವಿಲ್ ಬುಡಂದೇ ತೀರ್ ಪೋಯಿ ಬೊಕ್ಕ ಎನ್ನ ಮೆಗ್ಗೆ-ಪಲಯೆನಕುಲು ಎನನ್ ಬುಡ್ಡು ಆಸ್ತಿನ್ ಪೂರಾ ಪಟ್ಟೋಂದುಲ್ಲೆರ್.,My father died without a will and my siblings are dividing everything without me,Estates/Wills,,Estates/Wills,Land/Property,Courts/Legal-System,0.95,True,True,False,"The situation describes a dispute over inheritance and assets (land) after a family member's death, which directly aligns with the Estates/Wills category. The person is claiming that family members took property meant for them according to a will."
sarvam,D_sparse,57,ಎನ್ನ ಅಮ್ಮನ ಬಂಗಾರ್ ಎಂಕ್ ಕೊರ್ಪೆರ್ ಪಂಡ್ ಪಂಡಿ ಬೊಕ್ಕ ಅಮ್ಮ ತೀರ್ ಪೋಯಿ ಬೊಕ್ಕ ಎನ್ನ ಪಲಯೆ ಅವೆನ್ ಪೂರಾ ದೆತ್ತೊನ್ಯೆ.,My mother's jewelry was promised to me but my brother took it after she died,Estates/Wills,,Torts/Individuals,Consumer/Money/Debt,Housing,0.85,False,False,False,"The situation describes a personal wrong where the person's mother has taken their gold without permission, causing harm to the person's property. This falls under the category of personal injury or property damage caused by another person's action, which is the definition of Torts/Individuals."
sarvam,D_sparse,58,ಎನ್ನ ಪೋಪ ತೀರ್ ಪೋಯಿ ಬೊಕ್ಕ ಎನ್ನ ಒಪ್ಪಿಗೆ ಇಜ್ಜಂದೆ ಎನ್ನ ಪೋಪ-ಅಮ್ಮನ ಇಲ್ಲನ್ ಮಾರ್ಯೆರ್ ಪಂಡ್ಡ್ ಗೊತ್ತಾಂಡ್.,I found out my parents' house was sold after my father's death without our agreement,Estates/Wills,Land/Property,Torts/Individuals,Consumer/Money/Debt,Courts/Legal-System,0.75,False,False,False,"The situation involves a dispute about consent, which could lead to legal action for potential harm or breach of agreement."
sarvam,D_sparse,59,"ಎನ್ನ ಮಾಮು, ಅಜ್ಜೆರ್-ನ ಜಾಗನ್ ಪಟ್ಟೆರೆ ಕೇನೋಂದಿಜ್ಜೆರ್.",My uncle is refusing to share the property left by my grandfather,Estates/Wills,Land/Property,Land/Property,Housing,Torts/Individuals,0.90,False,True,True,"ಈ ಪರಿಸ್ಥಿತಿಯು ಆಸ್ತಿಯ ಗಡಿ ಅಥವಾ ಮಾಲೀಕತ್ವದ ವಿವಾದವನ್ನು ಒಳಗೊಂಡಿದೆ. ಇಲ್ಲಿ ವ್ಯಕ್ತಿಯು ತನ್ನ ಅಜ್ಜಿಯ ಜಾಗದ ಮೇಲೆ ಹಕ್ಕು ಹೊಂದಿದ್ದಾನೆ, ಆದರೆ ಬೇರೆಯವರು ಅದನ್ನು ಆಕ್ರಮಿಸಿಕೊಂಡಿದ್ದಾರೆ. ಇದು ಭೂಮಿ/ಆಸ್ತಿ ವರ್ಗದ ಪ್ರಮುಖ ಲಕ್ಷಣವಾಗಿದೆ."
sarvam,D_sparse,60,ಎನ್ನ ಕಂಡನಿ ತೀರ್ ಪೋಯಿ ಬೊಕ್ಕ ಎನ್ನ ಕಂಡನಿನ ಕುಟುಂಬದಕುಲು ಎನನ್ ಎಂಕ್ಲೆನ ಇಲ್ಲಡ್ ಕುಲ್ಯೆರೆ ಬುಡೋಂದಿಜ್ಜೆರ್.,After my husband passed away his family is not letting me stay in our house,Estates/Wills,Housing,Estates/Wills,Land/Property,Courts/Legal-System,0.85,True,True,False,"The situation describes a dispute over inheritance and property after a family member's death, where the person claims family members took assets meant for them. This is a classic estate/will dispute."
sarvam,D_full,41,ಎಂಕುಲು ನಡೆತೊಂದುಿತ್ತಿನಪಗ ಎನ್ನ ಬರಿತ್ಅಕ್ಲೆನ ನಾಯಿ ಎನ್ನ ಬಾಲೆನ್ ಚೂಚ್ಚಿಂಡ್.,My neighbor's dog bit my child while we were walking,Torts/Individuals,,Torts/Individuals,Housing,Land/Property,0.90,True,True,False,The situation describes a personal injury (a child's hand hurting) caused by another person's (the dog's) action. This is a classic tort/individual harm scenario.
sarvam,D_full,42,ಏರೊ ಎಂಕ್ಲೆನ ಉಂತೋಂದು ಇತ್ತಿನ ಕಾರ್ಗ್ ಆಕ್ದ್ ಪೋಯೆರ್.,Someone crashed into my parked vehicle and drove away,Torts/Individuals,,Courts/Legal-System,Torts/Individuals,Consumer/Money/Debt,0.90,False,True,True,"The situation involves a legal case with references to court, plaintiff, defendant, and legal proceedings, indicating a dispute in the legal system."
sarvam,D_full,43,ಒಂಜಿ ಬೇಲೆದಾಯೆ ಎನ್ನ ಮಿತ್ತ್ ಸಾಮಾನ್ ಬೂಡ್ಪಾದ್ ಎಂಕ್ ತಾಗ್ಂಡ್.,A worker dropped something that injured me,Torts/Individuals,,Torts/Individuals,Land/Property,Housing,0.85,True,True,False,Property damage caused by another person's action and refusal to fix it
sarvam,D_full,44,ಹಳ್ಳಿಡ್ ಯೇರಾ ಎನ್ನ ಬಾಗ್ಗೆ ಸುಳ್ಳು ಪಂಡ್ಡ್ ಎನ್ನ ಪುದರ್ನ್ ಹಾಳ್ ಮಲ್ತೆರ್.,Someone spread lies about me that damaged my reputation in the village,Torts/Individuals,,Torts/Individuals,Courts/Legal-System,IP/Identity,0.85,True,True,False,"The situation describes a personal injury (reputation damage) caused by another person's false accusation and subsequent threats, which is a tort."
sarvam,D_full,45,ಎನ್ನ ನೆರೆಕರೆದ ಅಕ್ಲೆನ ಪೆತ್ತಲು ಎನ್ನ ಪೂರಾ ಬುಳೆನ್ ತಿಂದ್ಡ್ ಹಾಳ್ ಮಲ್ತ್ಂಡ್.,My neighbor's cattle keep destroying my crops,Torts/Individuals,Land/Property,Torts/Individuals,Land/Property,Housing,0.85,True,True,False,"Property damage caused by another person's action (breaking the fence) and the subsequent refusal to fix it, which is a classic tort/civil wrong scenario."
sarvam,D_full,46,"ಎಂಕ್ ನ್ಯಾಯಾಲಯದ ಒಂಜಿ ಕಾಕಜಿ ಬೈದ್ಂಡ್, ಮಾತ್ರ ಐಟ್ ದಾದ ಪಣೊಂದುಲ್ಲೆರ್ ಪಂಡ್ಡ್ ಗೊತ್ತಿಜಿ.",I received a court notice but I don't understand what it is asking me to do,Courts/Legal-System,,Courts/Legal-System,Housing,Torts/Individuals,0.90,True,True,False,"The person explicitly states they don't know which court to go to, which is a direct confusion about legal jurisdiction and the proper venue for filing a complaint."
sarvam,D_full,47,"ಎಂಕ್ ನ್ಯಾಯಾಲಯಗ್ ಪೋಪಿನ ತಾರೀಖ್ ತತ್ಂಡ್, ದಾಯೆಗ್ ಪಂಡ ಎಂಕ್ ಏರೇಲಾ ಏಪ ಏ ಪೋಡು ಪಂಡ್ಡ್ ಪಂಡಿಜೆರ್.",I missed a court date because no one explained when I needed to appear,Courts/Legal-System,,Courts/Legal-System,Housing,Consumer/Money/Debt,0.90,True,True,False,"ಈ ಪರಿಸ್ಥಿತಿಯು ನ್ಯಾಯಾಲಯದ ದಿನಾಂಕದ ಬಗ್ಗೆ ಇರುವ ಗೊಂದಲ ಮತ್ತು ನ್ಯಾಯಾಲಯಕ್ಕೆ ಹಾಜರಾಗುವ ಬದಲು ಬೇರೆಡೆಗೆ ಹೋಗಿರುವುದನ್ನು ವಿವರಿಸುತ್ತದೆ. ಇದು ಕಾನೂನು ಪ್ರಕ್ರಿಯೆಯನ್ನು ಅರ್ಥಮಾಡಿಕೊಳ್ಳುವಲ್ಲಿನ ವೈಫಲ್ಯವನ್ನು ಸೂಚಿಸುತ್ತದೆ, ಇದು 'ನ್ಯಾಯಾಲಯ/ಕಾನೂನು-ವ್ಯವಸ್ಥೆ' ವರ್ಗದ ಪ್ರಮುಖ ಲಕ್ಷಣವಾಗಿದೆ."
sarvam,D_full,48,ಎಂಕ್ ಎನ್ನ ಕೆಲ್ಸದ ಧನಿನ ಮಿತ್ತ್ ಎಂಚ ದೂರು ಕೊರೋಡು ಪಂಡ್ಡ್ ಗೊತ್ತಿಜಿ.,I don't know how to file a complaint against my employer,Courts/Legal-System,Work/Employment,Courts/Legal-System,Consumer/Money/Debt,Housing,0.85,True,True,False,"The person is confused about the process of filing a complaint, which is a procedural issue related to navigating the legal system. The core problem is uncertainty about which court to go to, not the debt itself."
sarvam,D_full,49,ಪೊಲೀಸ್-ದ ಅಕುಲು ಎನ್ನ ದೂರುನ್ ದೆತ್ತೊನೆರೆ ತಯಾರ್ ಇಜ್ಜೆರ್.,The police would not register my complaint,Courts/Legal-System,,Courts/Legal-System,Torts/Individuals,Housing,0.90,True,True,False,"The person is filing a complaint with the police, which is a direct interaction with the legal system to seek resolution for a problem."
sarvam,D_full,50,"ಎಂಕ್ ಒಂಜಿ ವಕೀಲ್ ಬೋಡು ಪಂಡ್ಡ್ ಪಂಡೆರ್, ಮಾತ್ರ ಎಂಕ್ ವಕೀಲ್ನ್ ಎಂಚ ನಾಡೋಡು ಪಂಡ್ಡ್ ಗೊತ್ತಿಜಿ.",I was told I need a lawyer but I don't know how to find one,Courts/Legal-System,,Courts/Legal-System,Consumer/Money/Debt,Torts/Individuals,0.85,True,True,False,"The situation involves hiring a lawyer and being unsure about the status of the case and the lawyer's actions, which relates to the legal process and the person's confusion about the legal system."
sarvam,D_full,51,ಎಂಕ್ ಗೊತ್ತಿಜಂದೇ ಯೇರಾ ಎನ್ನ ಪುದರ್ಡ್ ಸಾಲ ದೆತ್ತೊನ್ಯೆರ್.,Someone opened a loan in my name without my knowledge,IP/Identity,Consumer/Money/Debt,Courts/Legal-System,Consumer/Money/Debt,Housing,0.90,False,True,True,"The person explicitly states they do not know which court to go to, which is a direct match for the 'Courts/Legal-System' category. This is a procedural issue about navigating the legal system, not a dispute over housing, employment, or property."
sarvam,D_full,52,ಎನಡ ಕೇನಂದೇ ಯೇರಾ ಎನ್ನ ಫೋಟೋನ್ ಜಾಹೀರಾತುಡ್ ಉಪಯೋಗ ಮಲ್ತೊಂದುಲ್ಲೆರ್.,My photo is being used in an advertisement without my permission,IP/Identity,,IP/Identity,Courts/Legal-System,Torts/Individuals,0.85,True,True,False,"Potential misuse of a person's name or identity for commercial purposes, which falls under identity-related legal issues."
sarvam,D_full,53,ಯೇರಾ ಎನ್ನಲೆಕ ಆನ್‌ಲೈನ್-ಡ್ ನಟನೆ ಮಲ್ತ್ಡ್ ಎನ್ನ ಕುಟುಂಬದಕ್ಲೆನ್ ಡೋಂಗಿ ಮಲ್ತೊಂದುಲ್ಲೆರ್.,Someone is pretending to be me online to trick my relatives,IP/Identity,,Estates/Wills,Land/Property,Courts/Legal-System,0.85,False,False,False,"ಈ ಪರಿಸ್ಥಿತಿಯು ಕುಟುಂಬದ ಆಸ್ತಿಯ ಮೇಲಿನ ವಿವಾದವನ್ನು ವಿವರಿಸುತ್ತದೆ. ಇಲ್ಲಿ ಒಬ್ಬ ವ್ಯಕ್ತಿಯು ತನ್ನ ಆಸ್ತಿಯ ಮೇಲೆ ತನ್ನ ಹಕ್ಕಿದೆ ಎಂದು ಪ್ರತಿಪಾದಿಸುತ್ತಿದ್ದರೂ, ಬೇರೆಯವರು ಅದನ್ನು ಬಳಸಿಕೊಳ್ಳುತ್ತಿದ್ದಾರೆ. ಇದು ಎಸ್ಟೇಟ್ಸ್/ವಿಲ್ ವರ್ಗಕ್ಕೆ ಹೊಂದಿಕೆಯಾಗುತ್ತದೆ, ಏಕೆಂದರೆ ಇದು ಆಸ್ತಿಯ ಉತ್ತರಾಧಿಕಾರ ಮತ್ತು ಮಾಲೀಕತ್ವದ ವಿವಾದಗಳಿಗೆ ಸಂಬಂಧಿಸಿದೆ."
sarvam,D_full,54,ವೊವಾ ಒಂಜಿ ಅಂಗಡಿ ಎನ್ನ ಕುಟುಂಬದ ಅಂಗಡಿದ ಪುದರನ್ ಉಪಯೋಗ ಮಲ್ತೊಂದುಂಡು,A shop is using my family's business name without asking,IP/Identity,,Estates/Wills,Land/Property,Consumer/Money/Debt,0.75,False,False,False,ಈ ಪರಿಸ್ಥಿತಿಯು ಕುಟುಂಬದ ಸದಸ್ಯರ ಆಸ್ತಿಯ ಪಾಲಿಗೆ ಸಂಬಂಧಿಸಿದೆ. ಇದು ಕುಟುಂಬದ ಸದಸ್ಯರ ಆಸ್ತಿಯ ಪಾಲಿಗೆ ಸಂಬಂಧಿಸಿದ 'Estates/Wills' ವರ್ಗಕ್ಕೆ ಹೊಂದಿಕೆಯಾಗುತ್ತದೆ.
sarvam,D_full,55,ಎಂಕ್ಲೆನ ಕುಟುಂಬ ಮಲ್ತ್ಡ್ ಮಾರುನ ಸಾಮಾಂದ ಡಿಸೈನ್-ನ್ ಯೇರಾ ಕಂಡ್ದೆರ್.,Someone stole the design of the products my family makes and sells,IP/Identity,,Estates/Wills,Land/Property,Courts/Legal-System,0.90,False,False,False,"The situation describes a dispute over inheritance after a family member's death, where family members are taking property that was meant for the person. This directly matches the definition of Estates/Wills."
sarvam,D_full,56,ಎನ್ನ ಪೋಪ ಒಂಜಿ ವಿಲ್ ಬುಡಂದೇ ತೀರ್ ಪೋಯಿ ಬೊಕ್ಕ ಎನ್ನ ಮೆಗ್ಗೆ-ಪಲಯೆನಕುಲು ಎನನ್ ಬುಡ್ಡು ಆಸ್ತಿನ್ ಪೂರಾ ಪಟ್ಟೋಂದುಲ್ಲೆರ್.,My father died without a will and my siblings are dividing everything without me,Estates/Wills,,Estates/Wills,Land/Property,Courts/Legal-System,0.95,True,True,False,"The situation describes a dispute over inheritance and assets after a family member's death, where family members took property meant for the person. This is the classic definition of an Estates/Wills issue."
sarvam,D_full,57,ಎನ್ನ ಅಮ್ಮನ ಬಂಗಾರ್ ಎಂಕ್ ಕೊರ್ಪೆರ್ ಪಂಡ್ ಪಂಡಿ ಬೊಕ್ಕ ಅಮ್ಮ ತೀರ್ ಪೋಯಿ ಬೊಕ್ಕ ಎನ್ನ ಪಲಯೆ ಅವೆನ್ ಪೂರಾ ದೆತ್ತೊನ್ಯೆ.,My mother's jewelry was promised to me but my brother took it after she died,Estates/Wills,,Torts/Individuals,Land/Property,Housing,0.75,False,False,False,"A personal dispute over property (gold) between family members, which can be seen as a conflict or harm related to personal property."
sarvam,D_full,58,ಎನ್ನ ಪೋಪ ತೀರ್ ಪೋಯಿ ಬೊಕ್ಕ ಎನ್ನ ಒಪ್ಪಿಗೆ ಇಜ್ಜಂದೆ ಎನ್ನ ಪೋಪ-ಅಮ್ಮನ ಇಲ್ಲನ್ ಮಾರ್ಯೆರ್ ಪಂಡ್ಡ್ ಗೊತ್ತಾಂಡ್.,I found out my parents' house was sold after my father's death without our agreement,Estates/Wills,Land/Property,Housing,Torts/Individuals,Courts/Legal-System,0.85,False,False,False,"The situation involves a landlord entering a house without permission, which is a violation of the tenant's rights in a landlord-tenant relationship. This is a core housing issue."
sarvam,D_full,59,"ಎನ್ನ ಮಾಮು, ಅಜ್ಜೆರ್-ನ ಜಾಗನ್ ಪಟ್ಟೆರೆ ಕೇನೋಂದಿಜ್ಜೆರ್.",My uncle is refusing to share the property left by my grandfather,Estates/Wills,Land/Property,Land/Property,Torts/Individuals,Housing,0.90,False,True,True,"The situation describes a person's mother-in-law taking over and living on their land without permission. This is a classic case of unauthorized occupation of land, which falls directly under the Land/Property category. The example 'Someone is living on my land without asking and won't leave' is a perfect match."
sarvam,D_full,60,ಎನ್ನ ಕಂಡನಿ ತೀರ್ ಪೋಯಿ ಬೊಕ್ಕ ಎನ್ನ ಕಂಡನಿನ ಕುಟುಂಬದಕುಲು ಎನನ್ ಎಂಕ್ಲೆನ ಇಲ್ಲಡ್ ಕುಲ್ಯೆರೆ ಬುಡೋಂದಿಜ್ಜೆರ್.,After my husband passed away his family is not letting me stay in our house,Estates/Wills,Housing,Estates/Wills,Land/Property,Courts/Legal-System,0.95,True,True,False,"The situation describes a dispute over inheritance and assets after a family member's death, where family members took property meant for the person. This is the definition of an estates/wills issue."
sarvam,E_sparse,41,ಎಂಕುಲು ನಡೆತೊಂದುಿತ್ತಿನಪಗ ಎನ್ನ ಬರಿತ್ಅಕ್ಲೆನ ನಾಯಿ ಎನ್ನ ಬಾಲೆನ್ ಚೂಚ್ಚಿಂಡ್.,My neighbor's dog bit my child while we were walking,Torts/Individuals,,Torts/Individuals,Housing,Consumer/Money/Debt,0.90,True,True,False,"Personal injury caused by another person's (or animal's) action. The dog bit the child, which is a classic tort scenario."
sarvam,E_sparse,42,ಏರೊ ಎಂಕ್ಲೆನ ಉಂತೋಂದು ಇತ್ತಿನ ಕಾರ್ಗ್ ಆಕ್ದ್ ಪೋಯೆರ್.,Someone crashed into my parked vehicle and drove away,Torts/Individuals,,Housing,Torts/Individuals,Courts/Legal-System,0.90,False,True,True,"The situation describes someone entering the person's house without permission, which is a classic example of a trespass or unauthorized entry into a dwelling, falling under the Housing category."
sarvam,E_sparse,43,ಒಂಜಿ ಬೇಲೆದಾಯೆ ಎನ್ನ ಮಿತ್ತ್ ಸಾಮಾನ್ ಬೂಡ್ಪಾದ್ ಎಂಕ್ ತಾಗ್ಂಡ್.,A worker dropped something that injured me,Torts/Individuals,,Torts/Individuals,Housing,Work/Employment,0.85,True,True,False,Personal injury/harm to a child (taking away a child)
sarvam,E_sparse,44,ಹಳ್ಳಿಡ್ ಯೇರಾ ಎನ್ನ ಬಾಗ್ಗೆ ಸುಳ್ಳು ಪಂಡ್ಡ್ ಎನ್ನ ಪುದರ್ನ್ ಹಾಳ್ ಮಲ್ತೆರ್.,Someone spread lies about me that damaged my reputation in the village,Torts/Individuals,,Land/Property,Housing,Torts/Individuals,0.85,False,True,True,"The situation involves property being taken or harmed due to a false accusation, which is a dispute over land or property. This aligns with the Land/Property category."
sarvam,E_sparse,45,ಎನ್ನ ನೆರೆಕರೆದ ಅಕ್ಲೆನ ಪೆತ್ತಲು ಎನ್ನ ಪೂರಾ ಬುಳೆನ್ ತಿಂದ್ಡ್ ಹಾಳ್ ಮಲ್ತ್ಂಡ್.,My neighbor's cattle keep destroying my crops,Torts/Individuals,Land/Property,Land/Property,Torts/Individuals,Housing,0.90,False,True,True,"The situation describes a dispute over land and the crops on it, where someone took the land and destroyed the harvest. This directly relates to ownership and use of property, which is the core of the Land/Property category."
sarvam,E_sparse,46,"ಎಂಕ್ ನ್ಯಾಯಾಲಯದ ಒಂಜಿ ಕಾಕಜಿ ಬೈದ್ಂಡ್, ಮಾತ್ರ ಐಟ್ ದಾದ ಪಣೊಂದುಲ್ಲೆರ್ ಪಂಡ್ಡ್ ಗೊತ್ತಿಜಿ.",I received a court notice but I don't understand what it is asking me to do,Courts/Legal-System,,Courts/Legal-System,Housing,Work/Employment,0.90,True,True,False,"The person is confused about which court to go to, which is a direct match for the Courts/Legal-System category. The problem is about navigating the legal system's structure and jurisdiction."
sarvam,E_sparse,47,"ಎಂಕ್ ನ್ಯಾಯಾಲಯಗ್ ಪೋಪಿನ ತಾರೀಖ್ ತತ್ಂಡ್, ದಾಯೆಗ್ ಪಂಡ ಎಂಕ್ ಏರೇಲಾ ಏಪ ಏ ಪೋಡು ಪಂಡ್ಡ್ ಪಂಡಿಜೆರ್.",I missed a court date because no one explained when I needed to appear,Courts/Legal-System,,Courts/Legal-System,Housing,Work/Employment,0.90,True,True,False,"The person explicitly states they don't know which court to go to, which directly matches the definition of confusion about which court to go to in the Courts/Legal-System category."
sarvam,E_sparse,48,ಎಂಕ್ ಎನ್ನ ಕೆಲ್ಸದ ಧನಿನ ಮಿತ್ತ್ ಎಂಚ ದೂರು ಕೊರೋಡು ಪಂಡ್ಡ್ ಗೊತ್ತಿಜಿ.,I don't know how to file a complaint against my employer,Courts/Legal-System,Work/Employment,Consumer/Money/Debt,Work/Employment,Courts/Legal-System,0.85,False,True,True,"The person is seeking to file a complaint about money owed, which is a core issue in the Consumer/Money/Debt category. The phrase 'kelasadha dhinada dhinadhu' (money from work/business) and 'mitha' (owed) point to a debt or payment dispute."
sarvam,E_sparse,49,ಪೊಲೀಸ್-ದ ಅಕುಲು ಎನ್ನ ದೂರುನ್ ದೆತ್ತೊನೆರೆ ತಯಾರ್ ಇಜ್ಜೆರ್.,The police would not register my complaint,Courts/Legal-System,,Courts/Legal-System,Torts/Individuals,Consumer/Money/Debt,0.65,True,True,False,"The situation involves a legal action (filing a complaint with police) and a negative consequence, which relates to the legal system's process and its impact on the person."
sarvam,E_sparse,50,"ಎಂಕ್ ಒಂಜಿ ವಕೀಲ್ ಬೋಡು ಪಂಡ್ಡ್ ಪಂಡೆರ್, ಮಾತ್ರ ಎಂಕ್ ವಕೀಲ್ನ್ ಎಂಚ ನಾಡೋಡು ಪಂಡ್ಡ್ ಗೊತ್ತಿಜಿ.",I was told I need a lawyer but I don't know how to find one,Courts/Legal-System,,Courts/Legal-System,Housing,Work/Employment,0.90,True,True,False,"The person is trying to hire a lawyer but is confused about where to meet them, which directly relates to confusion about which court or legal location to go to. This aligns with the category's definition of not knowing where to file a complaint or where to seek legal help."
sarvam,E_sparse,51,ಎಂಕ್ ಗೊತ್ತಿಜಂದೇ ಯೇರಾ ಎನ್ನ ಪುದರ್ಡ್ ಸಾಲ ದೆತ್ತೊನ್ಯೆರ್.,Someone opened a loan in my name without my knowledge,IP/Identity,Consumer/Money/Debt,Consumer/Money/Debt,Housing,Torts/Individuals,0.90,False,True,True,"The situation describes money being taken, which is a core issue of financial obligation or debt. The person is aware of the money being taken, which points to a problem with the return of funds or repayment of a debt."
sarvam,E_sparse,52,ಎನಡ ಕೇನಂದೇ ಯೇರಾ ಎನ್ನ ಫೋಟೋನ್ ಜಾಹೀರಾತುಡ್ ಉಪಯೋಗ ಮಲ್ತೊಂದುಲ್ಲೆರ್.,My photo is being used in an advertisement without my permission,IP/Identity,,Consumer/Money/Debt,Work/Employment,Courts/Legal-System,0.75,False,False,False,"The person is unsure about the terms of their agreement or whether they are obligated to continue using the phone for the advertisement, which relates to a financial or contractual obligation."
sarvam,E_sparse,53,ಯೇರಾ ಎನ್ನಲೆಕ ಆನ್‌ಲೈನ್-ಡ್ ನಟನೆ ಮಲ್ತ್ಡ್ ಎನ್ನ ಕುಟುಂಬದಕ್ಲೆನ್ ಡೋಂಗಿ ಮಲ್ತೊಂದುಲ್ಲೆರ್.,Someone is pretending to be me online to trick my relatives,IP/Identity,,IP/Identity,Torts/Individuals,Courts/Legal-System,0.90,True,True,False,"The situation describes someone using the person's name or identity online without permission, which directly maps to the IP/Identity category. The harm is to the person's identity and reputation, not to property or a financial agreement."
sarvam,E_sparse,54,ವೊವಾ ಒಂಜಿ ಅಂಗಡಿ ಎನ್ನ ಕುಟುಂಬದ ಅಂಗಡಿದ ಪುದರನ್ ಉಪಯೋಗ ಮಲ್ತೊಂದುಂಡು,A shop is using my family's business name without asking,IP/Identity,,Land/Property,Consumer/Money/Debt,Work/Employment,0.85,False,False,False,"Unauthorized use of a family shop, which is a property. The person is being deprived of the use of their property by someone else."
sarvam,E_sparse,55,ಎಂಕ್ಲೆನ ಕುಟುಂಬ ಮಲ್ತ್ಡ್ ಮಾರುನ ಸಾಮಾಂದ ಡಿಸೈನ್-ನ್ ಯೇರಾ ಕಂಡ್ದೆರ್.,Someone stole the design of the products my family makes and sells,IP/Identity,,Land/Property,Housing,Torts/Individuals,0.85,False,False,False,"The situation describes a family's house being occupied by someone else without permission, which is a classic case of unauthorized occupation of land. This aligns directly with the Land/Property category, specifically the example of 'Someone is living on my land without asking and won't leave'."
sarvam,E_sparse,56,ಎನ್ನ ಪೋಪ ಒಂಜಿ ವಿಲ್ ಬುಡಂದೇ ತೀರ್ ಪೋಯಿ ಬೊಕ್ಕ ಎನ್ನ ಮೆಗ್ಗೆ-ಪಲಯೆನಕುಲು ಎನನ್ ಬುಡ್ಡು ಆಸ್ತಿನ್ ಪೂರಾ ಪಟ್ಟೋಂದುಲ್ಲೆರ್.,My father died without a will and my siblings are dividing everything without me,Estates/Wills,,Estates/Wills,Land/Property,Housing,0.95,True,True,False,"The situation describes a dispute over inheritance of land after a family member's death, which is the core of the Estates/Wills category."
sarvam,E_sparse,57,ಎನ್ನ ಅಮ್ಮನ ಬಂಗಾರ್ ಎಂಕ್ ಕೊರ್ಪೆರ್ ಪಂಡ್ ಪಂಡಿ ಬೊಕ್ಕ ಅಮ್ಮ ತೀರ್ ಪೋಯಿ ಬೊಕ್ಕ ಎನ್ನ ಪಲಯೆ ಅವೆನ್ ಪೂರಾ ದೆತ್ತೊನ್ಯೆ.,My mother's jewelry was promised to me but my brother took it after she died,Estates/Wills,,Land/Property,Housing,Work/Employment,0.85,False,False,False,The situation describes a dispute about land use and a promise made to a mother regarding that land. This is a clear land/property issue involving an agreement about property.
sarvam,E_sparse,58,ಎನ್ನ ಪೋಪ ತೀರ್ ಪೋಯಿ ಬೊಕ್ಕ ಎನ್ನ ಒಪ್ಪಿಗೆ ಇಜ್ಜಂದೆ ಎನ್ನ ಪೋಪ-ಅಮ್ಮನ ಇಲ್ಲನ್ ಮಾರ್ಯೆರ್ ಪಂಡ್ಡ್ ಗೊತ್ತಾಂಡ್.,I found out my parents' house was sold after my father's death without our agreement,Estates/Wills,Land/Property,Estates/Wills,Work/Employment,Housing,0.75,True,True,False,"ಈ situation-ನಲ್ಲಿ family member-ನ ಜೊತೆಗಿನ personal relationship ಮತ್ತು agreement-ನ terms-ಗೆ ಸಂಬಂಧಪಟ್ಟ dispute ಇದೆ. ಇದು landlord-tenant, debt, work, land, tort, court, IP, ಅಥವಾ estate issues-ಗೆ fit ಆಗೋದಿಲ್ಲ. ಇದು family member-ನ ಜೊತೆಗಿನ personal relationship ಮತ್ತು agreement-ನ terms-ಗೆ ಸಂಬಂಧಪಟ್ಟಿದೆ."
sarvam,E_sparse,59,"ಎನ್ನ ಮಾಮು, ಅಜ್ಜೆರ್-ನ ಜಾಗನ್ ಪಟ್ಟೆರೆ ಕೇನೋಂದಿಜ್ಜೆರ್.",My uncle is refusing to share the property left by my grandfather,Estates/Wills,Land/Property,Land/Property,Housing,Estates/Wills,0.90,False,True,True,"The situation describes a dispute over land where the uncle has taken over and is living on the grandfather's land without permission, which is a clear issue of property occupation and ownership."
sarvam,E_sparse,60,ಎನ್ನ ಕಂಡನಿ ತೀರ್ ಪೋಯಿ ಬೊಕ್ಕ ಎನ್ನ ಕಂಡನಿನ ಕುಟುಂಬದಕುಲು ಎನನ್ ಎಂಕ್ಲೆನ ಇಲ್ಲಡ್ ಕುಲ್ಯೆರೆ ಬುಡೋಂದಿಜ್ಜೆರ್.,After my husband passed away his family is not letting me stay in our house,Estates/Wills,Housing,Estates/Wills,Land/Property,Torts/Individuals,0.90,True,True,False,"The situation describes an inheritance dispute where family members took assets meant for the person after their death, which is a classic example of an estate/will issue."
sarvam,E_full,41,ಎಂಕುಲು ನಡೆತೊಂದುಿತ್ತಿನಪಗ ಎನ್ನ ಬರಿತ್ಅಕ್ಲೆನ ನಾಯಿ ಎನ್ನ ಬಾಲೆನ್ ಚೂಚ್ಚಿಂಡ್.,My neighbor's dog bit my child while we were walking,Torts/Individuals,,Torts/Individuals,Housing,Land/Property,0.95,True,True,False,"The situation describes a personal injury (a child being bitten) caused by another person's (or animal's) action. This falls under the category of torts, specifically personal injury caused by another individual or entity."
sarvam,E_full,42,ಏರೊ ಎಂಕ್ಲೆನ ಉಂತೋಂದು ಇತ್ತಿನ ಕಾರ್ಗ್ ಆಕ್ದ್ ಪೋಯೆರ್.,Someone crashed into my parked vehicle and drove away,Torts/Individuals,,Housing,Torts/Individuals,Courts/Legal-System,0.95,False,True,True,"The situation describes someone entering a house without permission, which is a classic trespass/unauthorized entry issue within a landlord-tenant or home ownership context."
sarvam,E_full,43,ಒಂಜಿ ಬೇಲೆದಾಯೆ ಎನ್ನ ಮಿತ್ತ್ ಸಾಮಾನ್ ಬೂಡ್ಪಾದ್ ಎಂಕ್ ತಾಗ್ಂಡ್.,A worker dropped something that injured me,Torts/Individuals,,Torts/Individuals,Land/Property,Housing,0.90,True,True,False,"Property damage caused by another person's action (breaking a fence) and refusal to fix it, which is a classic tort/individual harm scenario."
sarvam,E_full,44,ಹಳ್ಳಿಡ್ ಯೇರಾ ಎನ್ನ ಬಾಗ್ಗೆ ಸುಳ್ಳು ಪಂಡ್ಡ್ ಎನ್ನ ಪುದರ್ನ್ ಹಾಳ್ ಮಲ್ತೆರ್.,Someone spread lies about me that damaged my reputation in the village,Torts/Individuals,,IP/Identity,Land/Property,Courts/Legal-System,0.90,False,False,False,"The situation describes someone using the person's name ('ಪುದರ್ನ್') to falsely claim land ('ಜಾಗ'). This is a clear case of identity misuse, where a person's name is used without permission to assert ownership over property, which falls under the IP/Identity category."
sarvam,E_full,45,ಎನ್ನ ನೆರೆಕರೆದ ಅಕ್ಲೆನ ಪೆತ್ತಲು ಎನ್ನ ಪೂರಾ ಬುಳೆನ್ ತಿಂದ್ಡ್ ಹಾಳ್ ಮಲ್ತ್ಂಡ್.,My neighbor's cattle keep destroying my crops,Torts/Individuals,Land/Property,Torts/Individuals,Land/Property,Housing,0.85,True,True,False,"The situation describes harm or damage caused by another person (the neighbor), which aligns with the definition of Torts/Individuals. The person is expressing frustration about the neighbor's actions, indicating a personal injury or property damage issue."
sarvam,E_full,46,"ಎಂಕ್ ನ್ಯಾಯಾಲಯದ ಒಂಜಿ ಕಾಕಜಿ ಬೈದ್ಂಡ್, ಮಾತ್ರ ಐಟ್ ದಾದ ಪಣೊಂದುಲ್ಲೆರ್ ಪಂಡ್ಡ್ ಗೊತ್ತಿಜಿ.",I received a court notice but I don't understand what it is asking me to do,Courts/Legal-System,,Courts/Legal-System,IP/Identity,Torts/Individuals,0.90,True,True,False,"The person has a legal document ('ಕಾಕಜಿ') but does not understand what it says ('ಗೊತ್ತಿಜಿ'). This directly points to confusion about legal paperwork and procedures, which is the core of the Courts/Legal-System category."
sarvam,E_full,47,"ಎಂಕ್ ನ್ಯಾಯಾಲಯಗ್ ಪೋಪಿನ ತಾರೀಖ್ ತತ್ಂಡ್, ದಾಯೆಗ್ ಪಂಡ ಎಂಕ್ ಏರೇಲಾ ಏಪ ಏ ಪೋಡು ಪಂಡ್ಡ್ ಪಂಡಿಜೆರ್.",I missed a court date because no one explained when I needed to appear,Courts/Legal-System,,Courts/Legal-System,Housing,Consumer/Money/Debt,0.90,True,True,False,"The person explicitly states they don't know which court to go to, which directly maps to the Courts/Legal-System category. The issue is about navigating the legal system's procedural aspects."
sarvam,E_full,48,ಎಂಕ್ ಎನ್ನ ಕೆಲ್ಸದ ಧನಿನ ಮಿತ್ತ್ ಎಂಚ ದೂರು ಕೊರೋಡು ಪಂಡ್ಡ್ ಗೊತ್ತಿಜಿ.,I don't know how to file a complaint against my employer,Courts/Legal-System,Work/Employment,Courts/Legal-System,Consumer/Money/Debt,Housing,0.85,True,True,False,"The person explicitly states they want to file a complaint but are unsure about the process or where to go, which directly relates to confusion about the legal system and court procedures."
sarvam,E_full,49,ಪೊಲೀಸ್-ದ ಅಕುಲು ಎನ್ನ ದೂರುನ್ ದೆತ್ತೊನೆರೆ ತಯಾರ್ ಇಜ್ಜೆರ್.,The police would not register my complaint,Courts/Legal-System,,Courts/Legal-System,Torts/Individuals,Housing,0.85,True,True,False,"The situation describes a person's interaction with the police and the process of filing a complaint, which is a direct engagement with the legal system. The concern is about the police's ability to prepare a report, which is a procedural issue within the legal framework."
sarvam,E_full,50,"ಎಂಕ್ ಒಂಜಿ ವಕೀಲ್ ಬೋಡು ಪಂಡ್ಡ್ ಪಂಡೆರ್, ಮಾತ್ರ ಎಂಕ್ ವಕೀಲ್ನ್ ಎಂಚ ನಾಡೋಡು ಪಂಡ್ಡ್ ಗೊತ್ತಿಜಿ.",I was told I need a lawyer but I don't know how to find one,Courts/Legal-System,,Courts/Legal-System,Work/Employment,Housing,0.90,True,True,False,"The situation describes confusion about which lawyer to approach, which is a legal-system related issue of navigating the correct legal channels. This aligns with the category of confusion about which court to go to or where to file a complaint."
sarvam,E_full,51,ಎಂಕ್ ಗೊತ್ತಿಜಂದೇ ಯೇರಾ ಎನ್ನ ಪುದರ್ಡ್ ಸಾಲ ದೆತ್ತೊನ್ಯೆರ್.,Someone opened a loan in my name without my knowledge,IP/Identity,Consumer/Money/Debt,Consumer/Money/Debt,Housing,Courts/Legal-System,0.90,False,True,True,The situation describes a financial dispute where money is owed but not being returned. This directly aligns with the definition of a money owed but not paid or contract breaches involving payment.
sarvam,E_full,52,ಎನಡ ಕೇನಂದೇ ಯೇರಾ ಎನ್ನ ಫೋಟೋನ್ ಜಾಹೀರಾತುಡ್ ಉಪಯೋಗ ಮಲ್ತೊಂದುಲ್ಲೆರ್.,My photo is being used in an advertisement without my permission,IP/Identity,,IP/Identity,Consumer/Money/Debt,Torts/Individuals,0.90,True,True,False,"The situation describes the unauthorized use of a person's photograph for an advertisement, which is a misuse of personal identity for commercial gain. This aligns directly with the IP/Identity category of 'someone using your name without permission' or 'someone selling things under your name or brand'."
sarvam,E_full,53,ಯೇರಾ ಎನ್ನಲೆಕ ಆನ್‌ಲೈನ್-ಡ್ ನಟನೆ ಮಲ್ತ್ಡ್ ಎನ್ನ ಕುಟುಂಬದಕ್ಲೆನ್ ಡೋಂಗಿ ಮಲ್ತೊಂದುಲ್ಲೆರ್.,Someone is pretending to be me online to trick my relatives,IP/Identity,,Torts/Individuals,IP/Identity,Consumer/Money/Debt,0.85,False,True,True,"The situation involves personal harm and deception caused by another person's action of impersonating the individual online, which is a classic tort of personal injury/harm."
sarvam,E_full,54,ವೊವಾ ಒಂಜಿ ಅಂಗಡಿ ಎನ್ನ ಕುಟುಂಬದ ಅಂಗಡಿದ ಪುದರನ್ ಉಪಯೋಗ ಮಲ್ತೊಂದುಂಡು,A shop is using my family's business name without asking,IP/Identity,,Land/Property,Consumer/Money/Debt,Torts/Individuals,0.85,False,False,False,"The person's family shop was used without permission, which is a dispute over property use and ownership."
sarvam,E_full,55,ಎಂಕ್ಲೆನ ಕುಟುಂಬ ಮಲ್ತ್ಡ್ ಮಾರುನ ಸಾಮಾಂದ ಡಿಸೈನ್-ನ್ ಯೇರಾ ಕಂಡ್ದೆರ್.,Someone stole the design of the products my family makes and sells,IP/Identity,,Estates/Wills,Land/Property,Torts/Individuals,0.75,False,False,False,"Family dispute over inheritance or property after a death, as indicated by 'family' and the conflict over a design."
sarvam,E_full,56,ಎನ್ನ ಪೋಪ ಒಂಜಿ ವಿಲ್ ಬುಡಂದೇ ತೀರ್ ಪೋಯಿ ಬೊಕ್ಕ ಎನ್ನ ಮೆಗ್ಗೆ-ಪಲಯೆನಕುಲು ಎನನ್ ಬುಡ್ಡು ಆಸ್ತಿನ್ ಪೂರಾ ಪಟ್ಟೋಂದುಲ್ಲೆರ್.,My father died without a will and my siblings are dividing everything without me,Estates/Wills,,Estates/Wills,Courts/Legal-System,Torts/Individuals,0.95,True,True,False,"The situation explicitly mentions a will ('ವಿಲ್') and inheritance, where family members took assets meant for the person. This is a classic estate dispute, which is the primary focus of the Estates/Wills category."
sarvam,E_full,57,ಎನ್ನ ಅಮ್ಮನ ಬಂಗಾರ್ ಎಂಕ್ ಕೊರ್ಪೆರ್ ಪಂಡ್ ಪಂಡಿ ಬೊಕ್ಕ ಅಮ್ಮ ತೀರ್ ಪೋಯಿ ಬೊಕ್ಕ ಎನ್ನ ಪಲಯೆ ಅವೆನ್ ಪೂರಾ ದೆತ್ತೊನ್ಯೆ.,My mother's jewelry was promised to me but my brother took it after she died,Estates/Wills,,Land/Property,Housing,Torts/Individuals,0.85,False,False,False,"The situation describes someone taking the person's mother's gold (a form of property) and not returning it. This is a clear dispute over property that was taken without permission, which falls under the Land/Property category."
sarvam,E_full,58,ಎನ್ನ ಪೋಪ ತೀರ್ ಪೋಯಿ ಬೊಕ್ಕ ಎನ್ನ ಒಪ್ಪಿಗೆ ಇಜ್ಜಂದೆ ಎನ್ನ ಪೋಪ-ಅಮ್ಮನ ಇಲ್ಲನ್ ಮಾರ್ಯೆರ್ ಪಂಡ್ಡ್ ಗೊತ್ತಾಂಡ್.,I found out my parents' house was sold after my father's death without our agreement,Estates/Wills,Land/Property,Courts/Legal-System,Land/Property,Housing,0.75,False,True,True,"The situation involves a dispute over permission (ಒಪ್ಪಿಗೆ) and a negative outcome, which is a legal-like issue. The person is questioning the actions of their landlord and mother, which is a legal-system problem."
sarvam,E_full,59,"ಎನ್ನ ಮಾಮು, ಅಜ್ಜೆರ್-ನ ಜಾಗನ್ ಪಟ್ಟೆರೆ ಕೇನೋಂದಿಜ್ಜೆರ್.",My uncle is refusing to share the property left by my grandfather,Estates/Wills,Land/Property,Land/Property,Housing,Estates/Wills,0.90,False,True,True,"The situation describes the uncle taking over or occupying the grandfather's land, which is a direct dispute over property ownership and possession. This falls squarely under the Land/Property category."
sarvam,E_full,60,ಎನ್ನ ಕಂಡನಿ ತೀರ್ ಪೋಯಿ ಬೊಕ್ಕ ಎನ್ನ ಕಂಡನಿನ ಕುಟುಂಬದಕುಲು ಎನನ್ ಎಂಕ್ಲೆನ ಇಲ್ಲಡ್ ಕುಲ್ಯೆರೆ ಬುಡೋಂದಿಜ್ಜೆರ್.,After my husband passed away his family is not letting me stay in our house,Estates/Wills,Housing,Estates/Wills,Land/Property,Torts/Individuals,0.90,True,True,False,"The situation describes inheritance disputes after a family member's death, where family members took assets meant for the person. This is a classic estate/will issue."
sarvam,F,41,ಎಂಕುಲು ನಡೆತೊಂದುಿತ್ತಿನಪಗ ಎನ್ನ ಬರಿತ್ಅಕ್ಲೆನ ನಾಯಿ ಎನ್ನ ಬಾಲೆನ್ ಚೂಚ್ಚಿಂಡ್.,My neighbor's dog bit my child while we were walking,Torts/Individuals,,Torts/Individuals,Land/Property,Housing,0.85,True,True,False,"The situation describes a personal injury (a dog bite) caused by another entity. This falls under the Torts/Individuals category, which covers personal injury caused by another person or their negligence. The reference to 'my dog's bite' points to an incident of harm."
sarvam,F,42,ಏರೊ ಎಂಕ್ಲೆನ ಉಂತೋಂದು ಇತ್ತಿನ ಕಾರ್ಗ್ ಆಕ್ದ್ ಪೋಯೆರ್.,Someone crashed into my parked vehicle and drove away,Torts/Individuals,,Housing,Torts/Individuals,Courts/Legal-System,0.90,False,True,True,"The situation describes someone entering a house without permission, which is a classic example of a housing issue involving trespass into a home or dwelling."
sarvam,F,43,ಒಂಜಿ ಬೇಲೆದಾಯೆ ಎನ್ನ ಮಿತ್ತ್ ಸಾಮಾನ್ ಬೂಡ್ಪಾದ್ ಎಂಕ್ ತಾಗ್ಂಡ್.,A worker dropped something that injured me,Torts/Individuals,,Land/Property,Torts/Individuals,Courts/Legal-System,0.90,False,True,True,"The situation describes someone taking or occupying land without permission, which is a clear land/property dispute. This aligns with the example of someone living on your land without asking and refusing to leave."
sarvam,F,44,ಹಳ್ಳಿಡ್ ಯೇರಾ ಎನ್ನ ಬಾಗ್ಗೆ ಸುಳ್ಳು ಪಂಡ್ಡ್ ಎನ್ನ ಪುದರ್ನ್ ಹಾಳ್ ಮಲ್ತೆರ್.,Someone spread lies about me that damaged my reputation in the village,Torts/Individuals,,Torts/Individuals,Courts/Legal-System,IP/Identity,0.85,True,True,False,"The situation describes a personal injury or harm caused by another person's false accusation, which is a form of tort. It is not a Housing issue as there is no landlord-tenant relationship. It is also not a Consumer/Money/Debt issue because the problem is not about money owed or a financial agreement."
sarvam,F,45,ಎನ್ನ ನೆರೆಕರೆದ ಅಕ್ಲೆನ ಪೆತ್ತಲು ಎನ್ನ ಪೂರಾ ಬುಳೆನ್ ತಿಂದ್ಡ್ ಹಾಳ್ ಮಲ್ತ್ಂಡ್.,My neighbor's cattle keep destroying my crops,Torts/Individuals,Land/Property,Land/Property,Housing,Torts/Individuals,0.90,False,True,True,"Someone is occupying land without permission, which directly relates to land disputes and unauthorized occupation of property."
sarvam,F,46,"ಎಂಕ್ ನ್ಯಾಯಾಲಯದ ಒಂಜಿ ಕಾಕಜಿ ಬೈದ್ಂಡ್, ಮಾತ್ರ ಐಟ್ ದಾದ ಪಣೊಂದುಲ್ಲೆರ್ ಪಂಡ್ಡ್ ಗೊತ್ತಿಜಿ.",I received a court notice but I don't understand what it is asking me to do,Courts/Legal-System,,Courts/Legal-System,Torts/Individuals,Housing,0.90,True,True,False,"The person explicitly states they don't know which court to go to, which is a direct match for the 'Courts/Legal-System' category, specifically the issue of confusion about jurisdiction or venue."
sarvam,F,47,"ಎಂಕ್ ನ್ಯಾಯಾಲಯಗ್ ಪೋಪಿನ ತಾರೀಖ್ ತತ್ಂಡ್, ದಾಯೆಗ್ ಪಂಡ ಎಂಕ್ ಏರೇಲಾ ಏಪ ಏ ಪೋಡು ಪಂಡ್ಡ್ ಪಂಡಿಜೆರ್.",I missed a court date because no one explained when I needed to appear,Courts/Legal-System,,Courts/Legal-System,Housing,Torts/Individuals,0.90,True,True,False,"The person is confused about which court to go to and mentions the other party being in a different location, which are key indicators of a legal system issue."
sarvam,F,48,ಎಂಕ್ ಎನ್ನ ಕೆಲ್ಸದ ಧನಿನ ಮಿತ್ತ್ ಎಂಚ ದೂರು ಕೊರೋಡು ಪಂಡ್ಡ್ ಗೊತ್ತಿಜಿ.,I don't know how to file a complaint against my employer,Courts/Legal-System,Work/Employment,Courts/Legal-System,Consumer/Money/Debt,IP/Identity,0.85,True,True,False,"The person is expressing confusion about how to file a complaint, which is a procedural legal issue."
sarvam,F,49,ಪೊಲೀಸ್-ದ ಅಕುಲು ಎನ್ನ ದೂರುನ್ ದೆತ್ತೊನೆರೆ ತಯಾರ್ ಇಜ್ಜೆರ್.,The police would not register my complaint,Courts/Legal-System,,Courts/Legal-System,Torts/Individuals,Land/Property,0.75,True,True,False,"The person is explicitly filing a complaint with the police, which is a direct interaction with the legal system to seek redress. The core action is navigating the legal process, not the underlying dispute itself."
sarvam,F,50,"ಎಂಕ್ ಒಂಜಿ ವಕೀಲ್ ಬೋಡು ಪಂಡ್ಡ್ ಪಂಡೆರ್, ಮಾತ್ರ ಎಂಕ್ ವಕೀಲ್ನ್ ಎಂಚ ನಾಡೋಡು ಪಂಡ್ಡ್ ಗೊತ್ತಿಜಿ.",I was told I need a lawyer but I don't know how to find one,Courts/Legal-System,,Courts/Legal-System,Work/Employment,Housing,0.85,True,True,False,"The situation describes a problem with a lawyer's appearance or representation, which is a procedural issue within the legal system. It involves uncertainty about whether the lawyer has appeared, which is a common concern in legal proceedings."
sarvam,F,51,ಎಂಕ್ ಗೊತ್ತಿಜಂದೇ ಯೇರಾ ಎನ್ನ ಪುದರ್ಡ್ ಸಾಲ ದೆತ್ತೊನ್ಯೆರ್.,Someone opened a loan in my name without my knowledge,IP/Identity,Consumer/Money/Debt,Consumer/Money/Debt,Courts/Legal-System,Estates/Wills,0.90,False,True,True,"The situation describes money being taken without consent, which is a direct dispute over a financial transaction and ownership of funds. This aligns with the core of Consumer/Money/Debt issues like money owed, loans not repaid, or unauthorized taking of money."
sarvam,F,52,ಎನಡ ಕೇನಂದೇ ಯೇರಾ ಎನ್ನ ಫೋಟೋನ್ ಜಾಹೀರಾತುಡ್ ಉಪಯೋಗ ಮಲ್ತೊಂದುಲ್ಲೆರ್.,My photo is being used in an advertisement without my permission,IP/Identity,,IP/Identity,Courts/Legal-System,Torts/Individuals,0.85,True,True,False,"The situation involves someone using the person's name without permission, which aligns with the IP/Identity category of misuse of personal or business identity."
sarvam,F,53,ಯೇರಾ ಎನ್ನಲೆಕ ಆನ್‌ಲೈನ್-ಡ್ ನಟನೆ ಮಲ್ತ್ಡ್ ಎನ್ನ ಕುಟುಂಬದಕ್ಲೆನ್ ಡೋಂಗಿ ಮಲ್ತೊಂದುಲ್ಲೆರ್.,Someone is pretending to be me online to trick my relatives,IP/Identity,,IP/Identity,Torts/Individuals,Courts/Legal-System,0.90,True,True,False,"The situation describes someone using the person's identity online without permission, which directly relates to identity misuse and unauthorized use of personal information."
sarvam,F,54,ವೊವಾ ಒಂಜಿ ಅಂಗಡಿ ಎನ್ನ ಕುಟುಂಬದ ಅಂಗಡಿದ ಪುದರನ್ ಉಪಯೋಗ ಮಲ್ತೊಂದುಂಡು,A shop is using my family's business name without asking,IP/Identity,,Land/Property,Torts/Individuals,Courts/Legal-System,0.85,False,False,False,"Unauthorized use of the person's family shop, which is a property dispute involving someone occupying or using the property without permission."
sarvam,F,55,ಎಂಕ್ಲೆನ ಕುಟುಂಬ ಮಲ್ತ್ಡ್ ಮಾರುನ ಸಾಮಾಂದ ಡಿಸೈನ್-ನ್ ಯೇರಾ ಕಂಡ್ದೆರ್.,Someone stole the design of the products my family makes and sells,IP/Identity,,Land/Property,Estates/Wills,Courts/Legal-System,0.85,False,False,False,"The situation describes a dispute over land or property, where someone has taken or occupied it without permission, which is a core issue in the Land/Property category."
sarvam,F,56,ಎನ್ನ ಪೋಪ ಒಂಜಿ ವಿಲ್ ಬುಡಂದೇ ತೀರ್ ಪೋಯಿ ಬೊಕ್ಕ ಎನ್ನ ಮೆಗ್ಗೆ-ಪಲಯೆನಕುಲು ಎನನ್ ಬುಡ್ಡು ಆಸ್ತಿನ್ ಪೂರಾ ಪಟ್ಟೋಂದುಲ್ಲೆರ್.,My father died without a will and my siblings are dividing everything without me,Estates/Wills,,Estates/Wills,Land/Property,Courts/Legal-System,0.95,True,True,False,The situation explicitly mentions a 'will' and the dispute is over the inheritance of property after a family member's death. This directly aligns with the definition of an 'Estates/Wills' issue.
sarvam,F,57,ಎನ್ನ ಅಮ್ಮನ ಬಂಗಾರ್ ಎಂಕ್ ಕೊರ್ಪೆರ್ ಪಂಡ್ ಪಂಡಿ ಬೊಕ್ಕ ಅಮ್ಮ ತೀರ್ ಪೋಯಿ ಬೊಕ್ಕ ಎನ್ನ ಪಲಯೆ ಅವೆನ್ ಪೂರಾ ದೆತ್ತೊನ್ಯೆ.,My mother's jewelry was promised to me but my brother took it after she died,Estates/Wills,,Consumer/Money/Debt,Torts/Individuals,Housing,0.85,False,False,False,"The situation describes a dispute over the ownership of gold, which is a valuable asset. This is a financial issue where property has been transferred without the person's consent, fitting the Consumer/Money/Debt category of property disputes and ownership."
sarvam,F,58,ಎನ್ನ ಪೋಪ ತೀರ್ ಪೋಯಿ ಬೊಕ್ಕ ಎನ್ನ ಒಪ್ಪಿಗೆ ಇಜ್ಜಂದೆ ಎನ್ನ ಪೋಪ-ಅಮ್ಮನ ಇಲ್ಲನ್ ಮಾರ್ಯೆರ್ ಪಂಡ್ಡ್ ಗೊತ್ತಾಂಡ್.,I found out my parents' house was sold after my father's death without our agreement,Estates/Wills,Land/Property,Estates/Wills,IP/Identity,Land/Property,0.75,True,True,False,"The situation involves property that was meant for the person, which was taken without their consent, likely after a family member's death. This is a classic inheritance dispute where family members take assets that were intended for someone else."
sarvam,F,59,"ಎನ್ನ ಮಾಮು, ಅಜ್ಜೆರ್-ನ ಜಾಗನ್ ಪಟ್ಟೆರೆ ಕೇನೋಂದಿಜ್ಜೆರ್.",My uncle is refusing to share the property left by my grandfather,Estates/Wills,Land/Property,Land/Property,Estates/Wills,Housing,0.90,False,True,True,"The situation describes a family member (grandmother) taking over or occupying land, which directly relates to property and land disputes."
sarvam,F,60,ಎನ್ನ ಕಂಡನಿ ತೀರ್ ಪೋಯಿ ಬೊಕ್ಕ ಎನ್ನ ಕಂಡನಿನ ಕುಟುಂಬದಕುಲು ಎನನ್ ಎಂಕ್ಲೆನ ಇಲ್ಲಡ್ ಕುಲ್ಯೆರೆ ಬುಡೋಂದಿಜ್ಜೆರ್.,After my husband passed away his family is not letting me stay in our house,Estates/Wills,Housing,Land/Property,Courts/Legal-System,Torts/Individuals,0.90,False,False,False,"The situation describes someone occupying the person's land without permission and refusing to leave, which is a classic land/property dispute involving unauthorized possession and denial of access to one's property."
sarvam,G,41,enkulu nadetonduittinapaga enna baritaklena nayi enna balen cuccind.,My neighbor's dog bit my child while we were walking,Torts/Individuals,,Land/Property,Courts/Legal-System,Torts/Individuals,0.75,False,True,True,"The situation describes a problem with possession or access to property, which aligns with Land/Property. It is not related to housing, employment, or debt."
sarvam,G,42,ero enklena untondu ittina karg akd poyer.,Someone crashed into my parked vehicle and drove away,Torts/Individuals,,Land/Property,Courts/Legal-System,Housing,0.65,False,False,False,"The situation involves a dispute or conflict, which often relates to land or property. The lack of understanding of the passage suggests a legal or property issue."
sarvam,G,43,onji beledaye enna mitt saman budpad enk tagnd.,A worker dropped something that injured me,Torts/Individuals,,Torts/Individuals,Courts/Legal-System,Land/Property,0.75,True,True,False,"The situation describes a person being harmed or suffering damage, which aligns with the Torts/Individuals category. The text is too vague to be certain, but the core issue appears to be personal injury or property damage caused by another."
sarvam,G,44,hallid yera enna bagge sullu pandd enna pudarn hal malter.,Someone spread lies about me that damaged my reputation in the village,Torts/Individuals,,Torts/Individuals,IP/Identity,Courts/Legal-System,0.75,True,True,False,"The situation describes a person's words being twisted or misrepresented, which is a form of harm to reputation caused by another's actions, fitting the Torts/Individuals category."
sarvam,G,45,enna nerekareda aklena pettalu enna pura bulen tindd hal maltnd.,My neighbor's cattle keep destroying my crops,Torts/Individuals,Land/Property,Torts/Individuals,Consumer/Money/Debt,Work/Employment,0.65,True,True,False,"The situation describes being forced to work for someone else, which can be considered a personal harm or injury (tort) caused by another person's actions. It is not a financial debt or a standard employment dispute, but rather a personal obligation imposed by another."
sarvam,G,46,"enk nyayalayada onji kakaji baidnd, matra ait dada panonduller pandd gottiji.",I received a court notice but I don't understand what it is asking me to do,Courts/Legal-System,,Courts/Legal-System,Land/Property,Torts/Individuals,0.90,True,True,False,"The person is confused about which court to go to, which is a direct example of a problem related to the legal system's procedures and jurisdiction."
sarvam,G,47,"enk nyayalayag popina tarikh tatnd, dayeg panda enk erela epa e podu pandd pandijer.",I missed a court date because no one explained when I needed to appear,Courts/Legal-System,,Courts/Legal-System,Torts/Individuals,Housing,0.85,True,True,False,"The person's primary problem is confusion about which court to go to, which is a direct match for the 'Courts/Legal-System' category. The situation describes uncertainty about the legal process, not a specific dispute over money, property, or injury."
sarvam,G,48,enk enna kelsada dhanina mitt enca duru korodu pandd gottiji.,I don't know how to file a complaint against my employer,Courts/Legal-System,Work/Employment,Torts/Individuals,Land/Property,Courts/Legal-System,0.85,False,True,True,"The situation describes property being taken or used without permission, which is a form of property damage or interference by another person. This aligns with the Torts/Individuals category, which covers issues like someone breaking your property and not fixing it or taking your property."
sarvam,G,49,polis-da akulu enna durun dettonere tayar ijjer.,The police would not register my complaint,Courts/Legal-System,,Courts/Legal-System,Torts/Individuals,Land/Property,0.65,True,True,False,"The phrase 'akulu enna durun dettonere' suggests a person being detained or held, which is a legal issue. It could also relate to Torts/Individuals if the person is being harassed, but the primary concern seems to be about the legality of someone's presence or actions."
sarvam,G,50,"enk onji vakil bodu pandd pander, matra enk vakiln enca nadodu pandd gottiji.",I was told I need a lawyer but I don't know how to find one,Courts/Legal-System,,Courts/Legal-System,Work/Employment,Torts/Individuals,0.85,True,True,False,"The situation describes a problem with a lawyer's failure to act, which relates to legal representation and the legal process. This falls under the category of confusion or issues related to the legal system and legal professionals."
sarvam,G,51,enk gottijande yera enna pudard sala dettonyer.,Someone opened a loan in my name without my knowledge,IP/Identity,Consumer/Money/Debt,Torts/Individuals,Land/Property,IP/Identity,0.75,False,True,True,"The situation describes a person's property or item being taken or claimed by someone else, which is a form of harm or interference by another individual. This aligns with the Torts/Individuals category, which covers property damage or interference caused by another person."
sarvam,G,52,enada kenande yera enna photon jahiratud upayoga maltonduller.,My photo is being used in an advertisement without my permission,IP/Identity,,Torts/Individuals,IP/Identity,Courts/Legal-System,0.75,False,True,True,"The situation likely involves harm or misuse of a photograph by another person, which falls under torts/individuals. It could be unauthorized use or damage to the image."
sarvam,G,53,yera ennaleka anlain-d natane maltd enna kutunbadaklen dongi maltonduller.,Someone is pretending to be me online to trick my relatives,IP/Identity,,Land/Property,Torts/Individuals,Courts/Legal-System,0.85,False,False,False,"The person is being prevented from using their property, which suggests unauthorized occupation or interference with land/property rights."
sarvam,G,54,vova onji angadi enna kutunbada angadida pudaran upayoga maltondundu,A shop is using my family's business name without asking,IP/Identity,,Torts/Individuals,IP/Identity,Land/Property,0.75,False,True,True,"Someone is using the person's shop without permission, which is a form of property misuse or damage caused by another individual."
sarvam,G,55,enklena kutunba maltd maruna samanda disain-n yera kandder.,Someone stole the design of the products my family makes and sells,IP/Identity,,Land/Property,Housing,Torts/Individuals,0.85,False,False,False,"The situation describes a dispute over land or property, where someone is occupying the person's land without permission. This aligns with the Land/Property category, which covers issues like someone occupying land without permission and refusing to leave."
sarvam,G,56,enna popa onji vil budande tir poyi bokka enna megge-palayenakulu enan buddu astin pura pattonduller.,My father died without a will and my siblings are dividing everything without me,Estates/Wills,,Land/Property,Housing,Torts/Individuals,0.90,False,False,False,"The situation describes someone occupying or taking land without permission, which is a classic land/property dispute. The focus is on the physical occupation of property, not a rental agreement, debt, or personal injury."
sarvam,G,57,enna ammana bangar enk korper pand pandi bokka amma tir poyi bokka enna palaye aven pura dettonye.,My mother's jewelry was promised to me but my brother took it after she died,Estates/Wills,,Land/Property,Housing,Torts/Individuals,0.90,False,False,False,"The situation describes someone occupying the person's land without permission and refusing to leave, which is a classic land/property dispute."
sarvam,G,58,enna popa tir poyi bokka enna oppige ijjande enna popa-ammana illan maryer pandd gottand.,I found out my parents' house was sold after my father's death without our agreement,Estates/Wills,Land/Property,Land/Property,Housing,Torts/Individuals,0.90,False,True,True,"The situation describes someone occupying land without permission, which is a direct match for the Land/Property category. The person is facing an issue related to their property and occupancy, not a landlord-tenant relationship, debt, or personal injury."
sarvam,G,59,"enna mamu, ajjer-na jagan pattere kenondijjer.",My uncle is refusing to share the property left by my grandfather,Estates/Wills,Land/Property,Estates/Wills,Land/Property,Courts/Legal-System,0.85,True,True,False,"Family member taking land that was meant for the person after a family member's death, which is an inheritance dispute"
sarvam,G,60,enna kandani tir poyi bokka enna kandanina kutunbadakulu enan enklena illad kulyere budondijjer.,After my husband passed away his family is not letting me stay in our house,Estates/Wills,Housing,Land/Property,Torts/Individuals,Courts/Legal-System,0.85,False,False,False,"The situation describes a dispute over land or property, which aligns with the Land/Property category. The person is concerned about someone taking or occupying their land, which is a common issue in this category."
sarvam,H,41,ಎಂಕುಲು ನಡೆತೊಂದುಿತ್ತಿನಪಗ ಎನ್ನ ಬರಿತ್ಅಕ್ಲೆನ ನಾಯಿ ಎನ್ನ ಬಾಲೆನ್ ಚೂಚ್ಚಿಂಡ್.,My neighbor's dog bit my child while we were walking,Torts/Individuals,,Torts/Individuals,Land/Property,Courts/Legal-System,0.90,True,True,False,The situation describes a personal injury (a bite) caused by another person's animal (a dog). This is a classic tort case involving property damage and personal injury caused by another individual's negligence or action.
sarvam,H,42,ಏರೊ ಎಂಕ್ಲೆನ ಉಂತೋಂದು ಇತ್ತಿನ ಕಾರ್ಗ್ ಆಕ್ದ್ ಪೋಯೆರ್.,Someone crashed into my parked vehicle and drove away,Torts/Individuals,,Housing,Land/Property,Torts/Individuals,0.85,False,True,True,"The situation describes someone entering a property without permission, which is a classic housing/trespass issue. The term 'ಕಾರ್ಗ್' (karga) in Tulu often refers to a house or dwelling, making this the most specific and likely category."
sarvam,H,43,ಒಂಜಿ ಬೇಲೆದಾಯೆ ಎನ್ನ ಮಿತ್ತ್ ಸಾಮಾನ್ ಬೂಡ್ಪಾದ್ ಎಂಕ್ ತಾಗ್ಂಡ್.,A worker dropped something that injured me,Torts/Individuals,,Land/Property,Housing,Torts/Individuals,0.90,False,True,True,"The situation describes someone taking the person's land, which is a direct dispute over property ownership. This aligns with the Land/Property category, which covers issues like someone occupying land without permission or taking land."
sarvam,H,44,ಹಳ್ಳಿಡ್ ಯೇರಾ ಎನ್ನ ಬಾಗ್ಗೆ ಸುಳ್ಳು ಪಂಡ್ಡ್ ಎನ್ನ ಪುದರ್ನ್ ಹಾಳ್ ಮಲ್ತೆರ್.,Someone spread lies about me that damaged my reputation in the village,Torts/Individuals,,Housing,Torts/Individuals,Land/Property,0.90,False,True,True,"The situation describes someone entering the person's house without permission, which is a classic example of a trespass into a home or dwelling, a key issue within the Housing category."
sarvam,H,45,ಎನ್ನ ನೆರೆಕರೆದ ಅಕ್ಲೆನ ಪೆತ್ತಲು ಎನ್ನ ಪೂರಾ ಬುಳೆನ್ ತಿಂದ್ಡ್ ಹಾಳ್ ಮಲ್ತ್ಂಡ್.,My neighbor's cattle keep destroying my crops,Torts/Individuals,Land/Property,Torts/Individuals,Land/Property,Consumer/Money/Debt,0.85,True,True,False,"The situation describes property being taken or consumed without permission, which is a form of property damage or loss caused by another person's action, fitting the Torts/Individuals category."
sarvam,H,46,"ಎಂಕ್ ನ್ಯಾಯಾಲಯದ ಒಂಜಿ ಕಾಕಜಿ ಬೈದ್ಂಡ್, ಮಾತ್ರ ಐಟ್ ದಾದ ಪಣೊಂದುಲ್ಲೆರ್ ಪಂಡ್ಡ್ ಗೊತ್ತಿಜಿ.",I received a court notice but I don't understand what it is asking me to do,Courts/Legal-System,,Courts/Legal-System,Torts/Individuals,Housing,0.90,True,True,False,"The person explicitly states they don't know which court to go to, which is a direct confusion about the legal venue for their problem."
sarvam,H,47,"ಎಂಕ್ ನ್ಯಾಯಾಲಯಗ್ ಪೋಪಿನ ತಾರೀಖ್ ತತ್ಂಡ್, ದಾಯೆಗ್ ಪಂಡ ಎಂಕ್ ಏರೇಲಾ ಏಪ ಏ ಪೋಡು ಪಂಡ್ಡ್ ಪಂಡಿಜೆರ್.",I missed a court date because no one explained when I needed to appear,Courts/Legal-System,,Courts/Legal-System,Housing,Torts/Individuals,0.90,True,True,False,"The situation explicitly mentions a court and a procedural problem regarding a date, which is a classic example of confusion about the legal process or where to file, fitting the Courts/Legal-System category."
sarvam,H,48,ಎಂಕ್ ಎನ್ನ ಕೆಲ್ಸದ ಧನಿನ ಮಿತ್ತ್ ಎಂಚ ದೂರು ಕೊರೋಡು ಪಂಡ್ಡ್ ಗೊತ್ತಿಜಿ.,I don't know how to file a complaint against my employer,Courts/Legal-System,Work/Employment,Courts/Legal-System,Torts/Individuals,Housing,0.85,True,True,False,"The person's problem is confusion about the legal process, specifically not knowing where to file a complaint. This is a procedural issue related to navigating the legal system, which is the core of the Courts/Legal-System category."
sarvam,H,49,ಪೊಲೀಸ್-ದ ಅಕುಲು ಎನ್ನ ದೂರುನ್ ದೆತ್ತೊನೆರೆ ತಯಾರ್ ಇಜ್ಜೆರ್.,The police would not register my complaint,Courts/Legal-System,,Courts/Legal-System,Torts/Individuals,Housing,0.85,True,True,False,"The person has filed a complaint with the police but is not receiving a response, indicating a problem with the legal process or interaction with authorities, which falls under the Courts/Legal-System category."
sarvam,H,50,"ಎಂಕ್ ಒಂಜಿ ವಕೀಲ್ ಬೋಡು ಪಂಡ್ಡ್ ಪಂಡೆರ್, ಮಾತ್ರ ಎಂಕ್ ವಕೀಲ್ನ್ ಎಂಚ ನಾಡೋಡು ಪಂಡ್ಡ್ ಗೊತ್ತಿಜಿ.",I was told I need a lawyer but I don't know how to find one,Courts/Legal-System,,Courts/Legal-System,Work/Employment,Consumer/Money/Debt,0.85,True,True,False,"The situation describes a failure of a legal professional (a lawyer) to appear, which is a procedural issue within the legal system. The person's problem is related to their ability to navigate the legal process, not a dispute over housing, employment, or a tort."
sarvam,H,51,ಎಂಕ್ ಗೊತ್ತಿಜಂದೇ ಯೇರಾ ಎನ್ನ ಪುದರ್ಡ್ ಸಾಲ ದೆತ್ತೊನ್ಯೆರ್.,Someone opened a loan in my name without my knowledge,IP/Identity,Consumer/Money/Debt,Consumer/Money/Debt,Housing,Torts/Individuals,0.90,False,True,True,"The situation describes money being owed and the person disappearing, which is a classic debt collection scenario where a financial obligation has not been fulfilled."
sarvam,H,52,ಎನಡ ಕೇನಂದೇ ಯೇರಾ ಎನ್ನ ಫೋಟೋನ್ ಜಾಹೀರಾತುಡ್ ಉಪಯೋಗ ಮಲ್ತೊಂದುಲ್ಲೆರ್.,My photo is being used in an advertisement without my permission,IP/Identity,,IP/Identity,Torts/Individuals,Consumer/Money/Debt,0.90,True,True,False,"The situation describes the unauthorized use of a person's photograph for an advertisement, which is a misuse of personal identity for commercial gain, fitting the IP/Identity category."
sarvam,H,53,ಯೇರಾ ಎನ್ನಲೆಕ ಆನ್‌ಲೈನ್-ಡ್ ನಟನೆ ಮಲ್ತ್ಡ್ ಎನ್ನ ಕುಟುಂಬದಕ್ಲೆನ್ ಡೋಂಗಿ ಮಲ್ತೊಂದುಲ್ಲೆರ್.,Someone is pretending to be me online to trick my relatives,IP/Identity,,IP/Identity,Torts/Individuals,Consumer/Money/Debt,0.90,True,True,False,"The situation describes someone using the person's name and identity online without permission, which is a clear case of identity misuse."
sarvam,H,54,ವೊವಾ ಒಂಜಿ ಅಂಗಡಿ ಎನ್ನ ಕುಟುಂಬದ ಅಂಗಡಿದ ಪುದರನ್ ಉಪಯೋಗ ಮಲ್ತೊಂದುಂಡು,A shop is using my family's business name without asking,IP/Identity,,Land/Property,Torts/Individuals,Work/Employment,0.80,False,False,False,"The situation involves the use of a family shop, which is a property. The dispute is about who has the right to use it, which falls under property-related issues."
sarvam,H,55,ಎಂಕ್ಲೆನ ಕುಟುಂಬ ಮಲ್ತ್ಡ್ ಮಾರುನ ಸಾಮಾಂದ ಡಿಸೈನ್-ನ್ ಯೇರಾ ಕಂಡ್ದೆರ್.,Someone stole the design of the products my family makes and sells,IP/Identity,,Land/Property,Estates/Wills,Torts/Individuals,0.85,False,False,False,"The situation describes a dispute over land, where someone has taken or is occupying the person's property, which aligns with the Land/Property category."
sarvam,H,56,ಎನ್ನ ಪೋಪ ಒಂಜಿ ವಿಲ್ ಬುಡಂದೇ ತೀರ್ ಪೋಯಿ ಬೊಕ್ಕ ಎನ್ನ ಮೆಗ್ಗೆ-ಪಲಯೆನಕುಲು ಎನನ್ ಬುಡ್ಡು ಆಸ್ತಿನ್ ಪೂರಾ ಪಟ್ಟೋಂದುಲ್ಲೆರ್.,My father died without a will and my siblings are dividing everything without me,Estates/Wills,,Estates/Wills,Land/Property,Housing,0.95,True,True,False,"The situation explicitly mentions a will, inheritance, and family members taking property after death, which directly matches the definition of an estate/will dispute."
sarvam,H,57,ಎನ್ನ ಅಮ್ಮನ ಬಂಗಾರ್ ಎಂಕ್ ಕೊರ್ಪೆರ್ ಪಂಡ್ ಪಂಡಿ ಬೊಕ್ಕ ಅಮ್ಮ ತೀರ್ ಪೋಯಿ ಬೊಕ್ಕ ಎನ್ನ ಪಲಯೆ ಅವೆನ್ ಪೂರಾ ದೆತ್ತೊನ್ಯೆ.,My mother's jewelry was promised to me but my brother took it after she died,Estates/Wills,,Land/Property,Housing,Torts/Individuals,0.90,False,False,False,"The situation describes someone occupying the person's land without permission and taking it, which is a classic land/property dispute involving unauthorized occupation and boundary issues."
sarvam,H,58,ಎನ್ನ ಪೋಪ ತೀರ್ ಪೋಯಿ ಬೊಕ್ಕ ಎನ್ನ ಒಪ್ಪಿಗೆ ಇಜ್ಜಂದೆ ಎನ್ನ ಪೋಪ-ಅಮ್ಮನ ಇಲ್ಲನ್ ಮಾರ್ಯೆರ್ ಪಂಡ್ಡ್ ಗೊತ್ತಾಂಡ್.,I found out my parents' house was sold after my father's death without our agreement,Estates/Wills,Land/Property,Land/Property,Housing,Torts/Individuals,0.85,False,True,True,"The situation involves property being taken or occupied without permission, which aligns with the Land/Property category. It is not a housing issue (no tenancy) and not a tort (no personal injury or damage)."
sarvam,H,59,"ಎನ್ನ ಮಾಮು, ಅಜ್ಜೆರ್-ನ ಜಾಗನ್ ಪಟ್ಟೆರೆ ಕೇನೋಂದಿಜ್ಜೆರ್.",My uncle is refusing to share the property left by my grandfather,Estates/Wills,Land/Property,Land/Property,Estates/Wills,Courts/Legal-System,0.90,False,True,True,"The situation describes a dispute over land ownership and occupation, where a grandmother has taken over land that belonged to the grandfather. This directly aligns with the Land/Property category, which covers boundary disputes, land occupation, and inheritance-related property claims."
sarvam,H,60,ಎನ್ನ ಕಂಡನಿ ತೀರ್ ಪೋಯಿ ಬೊಕ್ಕ ಎನ್ನ ಕಂಡನಿನ ಕುಟುಂಬದಕುಲು ಎನನ್ ಎಂಕ್ಲೆನ ಇಲ್ಲಡ್ ಕುಲ್ಯೆರೆ ಬುಡೋಂದಿಜ್ಜೆರ್.,After my husband passed away his family is not letting me stay in our house,Estates/Wills,Housing,Land/Property,Housing,Torts/Individuals,0.90,False,True,True,"The situation describes someone occupying land without permission and refusing to leave, which is a classic boundary or property occupation dispute. The person is being denied access to their land, which is a core issue in this category."
sarvam,I,41,எங்குலு நடெ³தொந்து³ித்தினபக³ என்ன ப³ரித்அக்லென நாயி என்ன பா³லென் சூச்சிண்ட்³.,My neighbor's dog bit my child while we were walking,Torts/Individuals,,Land/Property,Torts/Individuals,Courts/Legal-System,0.85,False,True,True,"The situation describes an unauthorized action involving property, which aligns with the category's definition of someone occupying land without permission. The core issue is the control and use of property, not a debt, employment, or personal injury."
sarvam,I,42,ஏரொ எங்க்லென உந்தோந்து³ இத்தின கார்க்³ ஆக்த்³ போயெர்.,Someone crashed into my parked vehicle and drove away,Torts/Individuals,,Housing,Torts/Individuals,Courts/Legal-System,0.85,False,True,True,"Someone entered the person's home or dwelling without permission, which is a classic Housing issue."
sarvam,I,43,ஒஞ்ஜி பே³லெதா³யெ என்ன மித்த் ஸாமான் பூ³ட்³பாத்³ எங்க் தாக்³ண்ட்³.,A worker dropped something that injured me,Torts/Individuals,,Land/Property,Courts/Legal-System,Torts/Individuals,0.90,False,True,True,"The situation describes someone occupying the person's land without permission and refusing to leave, which is a classic land/property trespass issue."
sarvam,I,44,ஹள்ளிட்³ யேரா என்ன பா³க்³கெ³ ஸுள்ளு பண்ட்³ட்³ என்ன புத³ர்ன் ஹாள் மல்தெர்.,Someone spread lies about me that damaged my reputation in the village,Torts/Individuals,,Land/Property,Housing,Torts/Individuals,0.90,False,True,True,"The situation describes someone occupying land without permission, which is a direct match for the Land/Property category. The person's problem is the unauthorized occupation of their land."
sarvam,I,45,என்ன நெரெகரெத³ அக்லென பெத்தலு என்ன பூரா பு³ளென் திந்த்³ட்³ ஹாள் மல்த்ண்ட்³.,My neighbor's cattle keep destroying my crops,Torts/Individuals,Land/Property,Torts/Individuals,Land/Property,Consumer/Money/Debt,0.75,True,True,False,"The situation describes someone taking or using something that belongs to the speaker, which is a form of property damage or interference caused by another person's action. This aligns with the definition of Torts/Individuals, which includes 'someone breaking your property and not fixing it' and 'a neighbor's tree fell on your house'."
sarvam,I,46,"எங்க் ந்யாயாலயத³ ஒஞ்ஜி காகஜி பை³த்³ண்ட்³, மாத்ர ஐட் தா³த³ பணொந்து³ல்லெர் பண்ட்³ட்³ கொ³த்திஜி.",I received a court notice but I don't understand what it is asking me to do,Courts/Legal-System,,Courts/Legal-System,Consumer/Money/Debt,IP/Identity,0.85,True,True,False,"The person signed a document but did not understand its contents, which is a common issue in legal-system interactions related to document comprehension and legal procedures."
sarvam,I,47,"எங்க் ந்யாயாலயக்³ போபின தாரீக்² தத்ண்ட்³, தா³யெக்³ பண்ட³ எங்க் ஏரேலா ஏப ஏ போடு³ பண்ட்³ட்³ பண்டி³ஜெர்.",I missed a court date because no one explained when I needed to appear,Courts/Legal-System,,Courts/Legal-System,Torts/Individuals,Housing,0.90,True,True,False,"The situation explicitly mentions a 'nyayalaya' (court) and describes a legal proceeding, which directly aligns with the Courts/Legal-System category. The person is facing a legal case, not a dispute over housing, work, or property."
sarvam,I,48,எங்க் என்ன கெல்ஸத³ த⁴னின மித்த் எஞ்ச தூ³ரு கொரோடு³ பண்ட்³ட்³ கொ³த்திஜி.,I don't know how to file a complaint against my employer,Courts/Legal-System,Work/Employment,Land/Property,Torts/Individuals,Housing,0.90,False,False,False,"The situation describes someone occupying the person's land without permission and refusing to leave, which is a classic example of a land/property dispute."
sarvam,I,49,பொலீஸ்-த³ அகுலு என்ன தூ³ருன் தெ³த்தொனெரெ தயார் இஜ்ஜெர்.,The police would not register my complaint,Courts/Legal-System,,Courts/Legal-System,Torts/Individuals,Housing,0.85,True,True,False,"The situation describes a failure by the police to create a report, which is a procedural step in the legal system. This falls under the category of confusion or failure in legal-system processes."
sarvam,I,50,"எங்க் ஒஞ்ஜி வகீல் போ³டு³ பண்ட்³ட்³ பண்டெ³ர், மாத்ர எங்க் வகீல்ன் எஞ்ச நாடோ³டு³ பண்ட்³ட்³ கொ³த்திஜி.",I was told I need a lawyer but I don't know how to find one,Courts/Legal-System,,Courts/Legal-System,Torts/Individuals,Housing,0.90,True,True,False,"The person is confused about the legal process, specifically which court to go to and where to file a complaint, which is a procedural legal-system issue."
sarvam,I,51,எங்க் கொ³த்திஜந்தே³ யேரா என்ன புத³ர்ட்³ ஸால தெ³த்தொன்யெர்.,Someone opened a loan in my name without my knowledge,IP/Identity,Consumer/Money/Debt,Torts/Individuals,Land/Property,Courts/Legal-System,0.85,False,False,False,"The situation describes property being taken or damaged by another person, which falls under torts/individuals. It is not a housing, consumer, work, land, court, IP, or estate issue."
sarvam,I,52,எனட³ கேனந்தே³ யேரா என்ன போ²டோன் ஜாஹீராதுட்³ உபயோக³ மல்தொந்து³ல்லெர்.,My photo is being used in an advertisement without my permission,IP/Identity,,Torts/Individuals,Land/Property,Courts/Legal-System,0.75,False,False,False,"Unauthorized use or occupation of property by another person, which is a form of tortious interference with property rights."
sarvam,I,53,யேரா என்னலெக ஆன்லைன்-ட்³ நடனெ மல்த்ட்³ என்ன குடும்ப³த³க்லென் டோ³ங்கி³ மல்தொந்து³ல்லெர்.,Someone is pretending to be me online to trick my relatives,IP/Identity,,Housing,Torts/Individuals,Courts/Legal-System,0.90,False,False,False,"The situation describes someone entering the person's home without permission, which is a classic example of a trespass or unauthorized entry into a dwelling, falling under the Housing category."
sarvam,I,54,வொவா ஒஞ்ஜி அங்க³டி³ என்ன குடும்ப³த³ அங்க³டி³த³ புத³ரன் உபயோக³ மல்தொந்து³ண்டு³,A shop is using my family's business name without asking,IP/Identity,,Land/Property,Torts/Individuals,Housing,0.85,False,False,False,"The situation describes someone occupying the person's family land without permission, which is a classic land/property dispute. The issue is about control and possession of land, not a rental agreement, debt, or personal injury."
sarvam,I,55,எங்க்லென குடும்ப³ மல்த்ட்³ மாருன ஸாமாந்த³ டி³ஸைன்-ந் யேரா கண்ட்³தெ³ர்.,Someone stole the design of the products my family makes and sells,IP/Identity,,Land/Property,Estates/Wills,Courts/Legal-System,0.85,False,False,False,"The situation describes a family's land or property being taken or claimed, which directly falls under Land/Property disputes."
sarvam,I,56,என்ன போப ஒஞ்ஜி வில் பு³ட³ந்தே³ தீர் போயி பொ³க்க என்ன மெக்³கெ³-பலயெநகுலு எனன் பு³ட்³டு³ ஆஸ்தின் பூரா பட்டோந்து³ல்லெர்.,My father died without a will and my siblings are dividing everything without me,Estates/Wills,,Land/Property,Courts/Legal-System,Torts/Individuals,0.85,False,False,False,"The situation describes a dispute over land or property, likely involving occupation or ownership, which aligns with the Land/Property category. The text suggests a conflict over possession, similar to examples like 'Someone is living on my land without asking and won't leave'."
sarvam,I,57,என்ன அம்மன ப³ங்கா³ர் எங்க் கொர்பெர் பண்ட்³ பண்டி³ பொ³க்க அம்ம தீர் போயி பொ³க்க என்ன பலயெ அவென் பூரா தெ³த்தொன்யெ.,My mother's jewelry was promised to me but my brother took it after she died,Estates/Wills,,Land/Property,Torts/Individuals,Courts/Legal-System,0.90,False,False,False,"The situation describes someone occupying the person's land without permission and refusing to leave, which directly matches the Land/Property category definition."
sarvam,I,58,என்ன போப தீர் போயி பொ³க்க என்ன ஒப்பிகெ³ இஜ்ஜந்தெ³ என்ன போப-அம்மன இல்லன் மார்யெர் பண்ட்³ட்³ கொ³த்தாண்ட்³.,I found out my parents' house was sold after my father's death without our agreement,Estates/Wills,Land/Property,Land/Property,Housing,Torts/Individuals,0.90,False,True,True,"The situation describes someone occupying the person's land without permission and refusing to leave, which is a classic boundary or property occupation dispute."
sarvam,I,59,"என்ன மாமு, அஜ்ஜெர்-ந ஜாக³ன் பட்டெரெ கேனோந்தி³ஜ்ஜெர்.",My uncle is refusing to share the property left by my grandfather,Estates/Wills,Land/Property,Land/Property,Housing,Torts/Individuals,0.90,False,True,True,"The situation describes a dispute over land, which is a core issue within the Land/Property category. The person is concerned about someone taking their land, which directly relates to boundary disputes, occupation of land, or inheritance of land."
sarvam,I,60,என்ன கண்ட³னி தீர் போயி பொ³க்க என்ன கண்ட³னின குடும்ப³த³குலு எனன் எங்க்லென இல்லட்³ குல்யெரெ பு³டோ³ந்தி³ஜ்ஜெர்.,After my husband passed away his family is not letting me stay in our house,Estates/Wills,Housing,Estates/Wills,Land/Property,Torts/Individuals,0.90,True,True,False,"The situation describes a dispute over inheritance and family property after a death, which directly matches the 'Estates/Wills' category definition of inheritance disputes and family members taking assets meant for the person."
sarvam,J,41,എങ്കുലു നഡെതൊന്ദുിത്തിനപഗ എന്ന ബരിത്അക്ലെന നായി എന്ന ബാലെൻ ചൂച്ചിണ്ഡ്.,My neighbor's dog bit my child while we were walking,Torts/Individuals,,Torts/Individuals,Land/Property,IP/Identity,0.85,True,True,False,"The situation describes someone taking or using the person's property without permission, which aligns with property damage or interference caused by another person's action."
sarvam,J,42,ഏരൊ എങ്ക്ലെന ഉന്തോന്ദു ഇത്തിന കാർഗ് ആക്ദ് പോയെർ.,Someone crashed into my parked vehicle and drove away,Torts/Individuals,,Land/Property,Torts/Individuals,Courts/Legal-System,0.85,False,True,True,"Someone has taken or grabbed the person's property without permission, which directly relates to unauthorized occupation or taking of land/property."
sarvam,J,43,ഒഞ്ജി ബേലെദായെ എന്ന മിത്ത് സാമാൻ ബൂഡ്പാദ് എങ്ക് താഗ്ണ്ഡ്.,A worker dropped something that injured me,Torts/Individuals,,IP/Identity,Consumer/Money/Debt,Torts/Individuals,0.90,False,True,True,"The situation describes someone using the person's name without permission, which is a clear case of identity misuse."
sarvam,J,44,ഹള്ളിഡ് യേരാ എന്ന ബാഗ്ഗെ സുള്ളു പണ്ഡ്ഡ് എന്ന പുദർന് ഹാൾ മൽതെർ.,Someone spread lies about me that damaged my reputation in the village,Torts/Individuals,,Torts/Individuals,Land/Property,Courts/Legal-System,0.85,True,True,False,"The situation describes a bag being taken, which is a form of property damage or personal injury caused by another person's action (theft). This aligns with the Torts/Individuals category, which covers property damage or harm caused by another person."
sarvam,J,45,എന്ന നെരെകരെദ അക്ലെന പെത്തലു എന്ന പൂരാ ബുളെൻ തിന്ദ്ഡ് ഹാൾ മൽത്ണ്ഡ്.,My neighbor's cattle keep destroying my crops,Torts/Individuals,Land/Property,Housing,Torts/Individuals,Courts/Legal-System,0.90,False,True,True,"Someone entered the person's house without permission, which is a trespass into a dwelling. This directly matches the Housing category definition of 'someone entering your house without permission'."
sarvam,J,46,"എങ്ക് ന്യായാലയദ ഒഞ്ജി കാകജി ബൈദ്ണ്ഡ്, മാത്ര ഐട് ദാദ പണൊന്ദുല്ലെർ പണ്ഡ്ഡ് ഗൊത്തിജി.",I received a court notice but I don't understand what it is asking me to do,Courts/Legal-System,,Consumer/Money/Debt,Housing,Work/Employment,0.90,False,False,False,"The situation describes a person giving money to another who did not return it, which is a clear case of a debt or financial obligation not being fulfilled. This aligns directly with the definition of money owed but not paid or contract breaches involving payment."
sarvam,J,47,"എങ്ക് ന്യായാലയഗ് പോപിന താരീഖ് തത്ണ്ഡ്, ദായെഗ് പണ്ഡ എങ്ക് ഏരേലാ ഏപ ഏ പോഡു പണ്ഡ്ഡ് പണ്ഡിജെർ.",I missed a court date because no one explained when I needed to appear,Courts/Legal-System,,Land/Property,Courts/Legal-System,Torts/Individuals,0.75,False,True,True,"The situation describes a dispute over property or rights, which is the core of the Land/Property category. The person is likely seeking a remedy for the taking of their property."
sarvam,J,48,എങ്ക് എന്ന കെൽസദ ധനിന മിത്ത് എഞ്ച ദൂരു കൊരോഡു പണ്ഡ്ഡ് ഗൊത്തിജി.,I don't know how to file a complaint against my employer,Courts/Legal-System,Work/Employment,Land/Property,Torts/Individuals,Courts/Legal-System,0.85,False,True,True,"The situation describes someone taking or occupying land without permission, which directly aligns with the Land/Property category. This is not a housing dispute (no tenancy), not a debt (no financial agreement), and not a tort (no personal injury or property damage from negligence)."
sarvam,J,49,പൊലീസ്-ദ അകുലു എന്ന ദൂരുൻ ദെത്തൊനെരെ തയാർ ഇജ്ജെർ.,The police would not register my complaint,Courts/Legal-System,,Courts/Legal-System,Torts/Individuals,Land/Property,0.85,True,True,False,"The situation involves reporting a crime to the police, which is an interaction with the legal system. The person is seeking legal recourse by reporting an incident."
sarvam,J,50,"എങ്ക് ഒഞ്ജി വകീൽ ബോഡു പണ്ഡ്ഡ് പണ്ഡെർ, മാത്ര എങ്ക് വകീൽന് എഞ്ച നാഡോഡു പണ്ഡ്ഡ് ഗൊത്തിജി.",I was told I need a lawyer but I don't know how to find one,Courts/Legal-System,,Work/Employment,Consumer/Money/Debt,Courts/Legal-System,0.75,False,True,True,"The situation involves a service provider (a lawyer) failing to perform their professional duties (not showing up for a meeting), which is analogous to an employer not fulfilling their obligations to an employee or client."
sarvam,J,51,എങ്ക് ഗൊത്തിജന്ദേ യേരാ എന്ന പുദർഡ് സാല ദെത്തൊന്യെർ.,Someone opened a loan in my name without my knowledge,IP/Identity,Consumer/Money/Debt,Torts/Individuals,Housing,Work/Employment,0.90,False,False,False,"The situation describes a physical act of being pushed by another person, which is a classic example of a tort involving personal injury or physical harm caused by an individual's actions."
sarvam,J,52,എനഡ കേനന്ദേ യേരാ എന്ന ഫോടോൻ ജാഹീരാതുഡ് ഉപയോഗ മൽതൊന്ദുല്ലെർ.,My photo is being used in an advertisement without my permission,IP/Identity,,IP/Identity,Torts/Individuals,Consumer/Money/Debt,0.90,True,True,False,"The situation describes the unauthorized use of a person's photo, which is a misuse of personal identity. This directly aligns with the IP/Identity category, which covers 'someone using your name without permission' or similar identity misuse."
sarvam,J,53,യേരാ എന്നലെക ആൻലൈൻ-ഡ് നടനെ മൽത്ഡ് എന്ന കുടുംബദക്ലെൻ ഡോംഗി മൽതൊന്ദുല്ലെർ.,Someone is pretending to be me online to trick my relatives,IP/Identity,,Housing,Torts/Individuals,Courts/Legal-System,0.85,False,False,False,"The situation describes someone entering the person's home without permission, which is a classic example of trespass into a dwelling or a landlord-tenant dispute. The primary issue is the violation of the home's security and the person's right to privacy."
sarvam,J,54,വൊവാ ഒഞ്ജി അംഗഡി എന്ന കുടുംബദ അംഗഡിദ പുദരൻ ഉപയോഗ മൽതൊന്ദുണ്ഡു,A shop is using my family's business name without asking,IP/Identity,,Land/Property,Housing,Estates/Wills,0.85,False,False,False,"The situation describes a family member using the person's land or property without permission, which falls under land/property disputes."
sarvam,J,55,എങ്ക്ലെന കുടുംബ മൽത്ഡ് മാരുന സാമാന്ദ ഡിസൈൻ-ന് യേരാ കണ്ഡ്ദെർ.,Someone stole the design of the products my family makes and sells,IP/Identity,,Housing,Torts/Individuals,Land/Property,0.90,False,False,False,"The situation describes someone entering the person's home without permission, which is a classic housing issue involving trespass into a dwelling."
sarvam,J,56,എന്ന പോപ ഒഞ്ജി വിൽ ബുഡന്ദേ തീർ പോയി ബൊക്ക എന്ന മെഗ്ഗെ-പലയെനകുലു എനൻ ബുഡ്ഡു ആസ്തിൻ പൂരാ പട്ടോന്ദുല്ലെർ.,My father died without a will and my siblings are dividing everything without me,Estates/Wills,,Land/Property,Housing,Torts/Individuals,0.85,False,False,False,"The situation describes someone occupying or taking land/property without permission, which directly maps to the Land/Property category. The focus is on possession and ownership of property, not a rental agreement or a debt."
sarvam,J,57,എന്ന അമ്മന ബംഗാർ എങ്ക് കൊർപെർ പണ്ഡ് പണ്ഡി ബൊക്ക അമ്മ തീർ പോയി ബൊക്ക എന്ന പലയെ അവെൻ പൂരാ ദെത്തൊന്യെ.,My mother's jewelry was promised to me but my brother took it after she died,Estates/Wills,,Land/Property,Courts/Legal-System,Torts/Individuals,0.90,False,False,False,"The situation describes someone occupying land without permission and refusing to leave, which is a classic example of a land/property dispute involving unauthorized occupation."
sarvam,J,58,എന്ന പോപ തീർ പോയി ബൊക്ക എന്ന ഒപ്പിഗെ ഇജ്ജന്ദെ എന്ന പോപ-അമ്മന ഇല്ലൻ മാര്യെർ പണ്ഡ്ഡ് ഗൊത്താണ്ഡ്.,I found out my parents' house was sold after my father's death without our agreement,Estates/Wills,Land/Property,Estates/Wills,Torts/Individuals,Housing,0.30,True,True,False,"The situation involves a marriage and its consequences, which could relate to family disputes or inheritance, but the description is too vague to confirm. It might involve family property or relationships, which could fall under Estates/Wills, but with low confidence."
sarvam,J,59,"എന്ന മാമു, അജ്ജെർ-ന ജാഗൻ പട്ടെരെ കേനോന്ദിജ്ജെർ.",My uncle is refusing to share the property left by my grandfather,Estates/Wills,Land/Property,Land/Property,Torts/Individuals,Courts/Legal-System,0.85,False,True,True,"The situation describes someone occupying or entering a property without permission, which directly aligns with the Land/Property category of unauthorized occupation of land."
sarvam,J,60,എന്ന കണ്ഡനി തീർ പോയി ബൊക്ക എന്ന കണ്ഡനിന കുടുംബദകുലു എനൻ എങ്ക്ലെന ഇല്ലഡ് കുല്യെരെ ബുഡോന്ദിജ്ജെർ.,After my husband passed away his family is not letting me stay in our house,Estates/Wills,Housing,Estates/Wills,Land/Property,Courts/Legal-System,0.90,True,True,False,"The situation describes a dispute over land or property after a family member's death, where the person feels they are being denied their inheritance. This directly aligns with the 'Estates/Wills' category, which covers inheritance disputes and family members taking property that was meant for the person."
sarvam,K_sparse,41,எங்குலு நடெ³தொந்து³ித்தினபக³ என்ன ப³ரித்அக்லென நாயி என்ன பா³லென் சூச்சிண்ட்³.,My neighbor's dog bit my child while we were walking,Torts/Individuals,,Torts/Individuals,Housing,Consumer/Money/Debt,0.85,True,True,False,"The situation describes a personal injury or property damage caused by another person, which aligns with the definition of Torts/Individuals. The person is expressing frustration about the other person's actions, which suggests a tortious act."
sarvam,K_sparse,42,ஏரொ எங்க்லென உந்தோந்து³ இத்தின கார்க்³ ஆக்த்³ போயெர்.,Someone crashed into my parked vehicle and drove away,Torts/Individuals,,Housing,Torts/Individuals,Courts/Legal-System,0.90,False,True,True,"Someone entered the person's home or dwelling without permission, which is a classic Housing issue."
sarvam,K_sparse,43,ஒஞ்ஜி பே³லெதா³யெ என்ன மித்த் ஸாமான் பூ³ட்³பாத்³ எங்க் தாக்³ண்ட்³.,A worker dropped something that injured me,Torts/Individuals,,Torts/Individuals,Land/Property,Housing,0.85,True,True,False,"Unlawful taking or confinement of a person (child) by another, which is a tortious act causing harm."
sarvam,K_sparse,44,ஹள்ளிட்³ யேரா என்ன பா³க்³கெ³ ஸுள்ளு பண்ட்³ட்³ என்ன புத³ர்ன் ஹாள் மல்தெர்.,Someone spread lies about me that damaged my reputation in the village,Torts/Individuals,,Land/Property,Torts/Individuals,Courts/Legal-System,0.95,False,True,True,"The situation describes someone occupying the person's land without permission and refusing to leave, which is a classic land/property dispute."
sarvam,K_sparse,45,என்ன நெரெகரெத³ அக்லென பெத்தலு என்ன பூரா பு³ளென் திந்த்³ட்³ ஹாள் மல்த்ண்ட்³.,My neighbor's cattle keep destroying my crops,Torts/Individuals,Land/Property,Consumer/Money/Debt,Land/Property,Torts/Individuals,0.65,False,True,True,"The situation involves the return of something that was taken or owed, which is a core aspect of consumer/money disputes. The person's objection to returning it suggests a dispute over a financial transaction or property."
sarvam,K_sparse,46,"எங்க் ந்யாயாலயத³ ஒஞ்ஜி காகஜி பை³த்³ண்ட்³, மாத்ர ஐட் தா³த³ பணொந்து³ல்லெர் பண்ட்³ட்³ கொ³த்திஜி.",I received a court notice but I don't understand what it is asking me to do,Courts/Legal-System,,Courts/Legal-System,Consumer/Money/Debt,IP/Identity,0.90,True,True,False,"The person signed a document without understanding its contents, which is a direct issue with legal documents and the legal system. This is a classic example of confusion about a legal agreement, fitting the Courts/Legal-System category."
sarvam,K_sparse,47,"எங்க் ந்யாயாலயக்³ போபின தாரீக்² தத்ண்ட்³, தா³யெக்³ பண்ட³ எங்க் ஏரேலா ஏப ஏ போடு³ பண்ட்³ட்³ பண்டி³ஜெர்.",I missed a court date because no one explained when I needed to appear,Courts/Legal-System,,Courts/Legal-System,Land/Property,Consumer/Money/Debt,0.90,True,True,False,"The person is confused about which court to go to, which is a classic Courts/Legal-System issue related to jurisdiction and venue."
sarvam,K_sparse,48,எங்க் என்ன கெல்ஸத³ த⁴னின மித்த் எஞ்ச தூ³ரு கொரோடு³ பண்ட்³ட்³ கொ³த்திஜி.,I don't know how to file a complaint against my employer,Courts/Legal-System,Work/Employment,Courts/Legal-System,Land/Property,Work/Employment,0.90,True,True,False,"The situation explicitly mentions confusion about which court to go to and the other party being in a different location, which directly aligns with the examples provided for this category."
sarvam,K_sparse,49,பொலீஸ்-த³ அகுலு என்ன தூ³ருன் தெ³த்தொனெரெ தயார் இஜ்ஜெர்.,The police would not register my complaint,Courts/Legal-System,,Courts/Legal-System,Torts/Individuals,Land/Property,0.85,True,True,False,"The person is preparing to file a complaint with the police, which is a direct action within the legal system. This indicates a dispute or problem that requires official intervention, fitting the Courts/Legal-System category."
sarvam,K_sparse,50,"எங்க் ஒஞ்ஜி வகீல் போ³டு³ பண்ட்³ட்³ பண்டெ³ர், மாத்ர எங்க் வகீல்ன் எஞ்ச நாடோ³டு³ பண்ட்³ட்³ கொ³த்திஜி.",I was told I need a lawyer but I don't know how to find one,Courts/Legal-System,,Courts/Legal-System,Land/Property,Work/Employment,0.90,True,True,False,"The situation describes a problem with the legal process, specifically that the other party is in a different location, which aligns with the category's examples of confusion about jurisdiction or location for filing a complaint."
sarvam,K_sparse,51,எங்க் கொ³த்திஜந்தே³ யேரா என்ன புத³ர்ட்³ ஸால தெ³த்தொன்யெர்.,Someone opened a loan in my name without my knowledge,IP/Identity,Consumer/Money/Debt,Land/Property,Housing,Torts/Individuals,0.90,False,False,False,"The situation describes someone occupying the person's land without permission and refusing to leave, which is a classic example of a Land/Property dispute."
sarvam,K_sparse,52,எனட³ கேனந்தே³ யேரா என்ன போ²டோன் ஜாஹீராதுட்³ உபயோக³ மல்தொந்து³ல்லெர்.,My photo is being used in an advertisement without my permission,IP/Identity,,IP/Identity,Torts/Individuals,Consumer/Money/Debt,0.90,True,True,False,"The situation describes someone using the person's name without permission, which is a clear case of identity misuse."
sarvam,K_sparse,53,யேரா என்னலெக ஆன்லைன்-ட்³ நடனெ மல்த்ட்³ என்ன குடும்ப³த³க்லென் டோ³ங்கி³ மல்தொந்து³ல்லெர்.,Someone is pretending to be me online to trick my relatives,IP/Identity,,IP/Identity,Torts/Individuals,Consumer/Money/Debt,0.90,True,True,False,"The situation describes someone using the person's name or identity without permission, which directly matches the IP/Identity category definition of 'someone using your name without permission' or 'misuse of personal or business identity'."
sarvam,K_sparse,54,வொவா ஒஞ்ஜி அங்க³டி³ என்ன குடும்ப³த³ அங்க³டி³த³ புத³ரன் உபயோக³ மல்தொந்து³ண்டு³,A shop is using my family's business name without asking,IP/Identity,,Land/Property,Torts/Individuals,Housing,0.90,False,False,False,"The person is describing someone occupying their family's property without permission, which is a classic land/property dispute."
sarvam,K_sparse,55,எங்க்லென குடும்ப³ மல்த்ட்³ மாருன ஸாமாந்த³ டி³ஸைன்-ந் யேரா கண்ட்³தெ³ர்.,Someone stole the design of the products my family makes and sells,IP/Identity,,Land/Property,Housing,Estates/Wills,0.90,False,False,False,"The situation describes a dispute over land or property, which aligns with the Land/Property category. The person's family's land or property was taken or claimed by someone else, which is a common issue in this category."
sarvam,K_sparse,56,என்ன போப ஒஞ்ஜி வில் பு³ட³ந்தே³ தீர் போயி பொ³க்க என்ன மெக்³கெ³-பலயெநகுலு எனன் பு³ட்³டு³ ஆஸ்தின் பூரா பட்டோந்து³ல்லெர்.,My father died without a will and my siblings are dividing everything without me,Estates/Wills,,Land/Property,Torts/Individuals,Courts/Legal-System,0.85,False,False,False,"The person is concerned about their land being taken, which directly relates to disputes over land ownership, boundaries, or occupation of land. This is distinct from Housing (which involves a landlord-tenant relationship), Torts/Individuals (which involves personal injury or property damage), or Consumer/Money/Debt (which involves financial agreements)."
sarvam,K_sparse,57,என்ன அம்மன ப³ங்கா³ர் எங்க் கொர்பெர் பண்ட்³ பண்டி³ பொ³க்க அம்ம தீர் போயி பொ³க்க என்ன பலயெ அவென் பூரா தெ³த்தொன்யெ.,My mother's jewelry was promised to me but my brother took it after she died,Estates/Wills,,Consumer/Money/Debt,Housing,Torts/Individuals,0.90,False,False,False,"The situation describes a demand for money to be returned, which is a core aspect of a debt or financial obligation. The person is being told to return money, indicating a dispute over a financial transaction."
sarvam,K_sparse,58,என்ன போப தீர் போயி பொ³க்க என்ன ஒப்பிகெ³ இஜ்ஜந்தெ³ என்ன போப-அம்மன இல்லன் மார்யெர் பண்ட்³ட்³ கொ³த்தாண்ட்³.,I found out my parents' house was sold after my father's death without our agreement,Estates/Wills,Land/Property,PARSE_FAILURE_NO_ANSWER,PARSE_FAILURE_NO_ANSWER,PARSE_FAILURE_NO_ANSWER,0.00,False,False,False,parse error
sarvam,K_sparse,59,"என்ன மாமு, அஜ்ஜெர்-ந ஜாக³ன் பட்டெரெ கேனோந்தி³ஜ்ஜெர்.",My uncle is refusing to share the property left by my grandfather,Estates/Wills,Land/Property,Land/Property,Estates/Wills,Courts/Legal-System,0.85,False,True,True,"The situation involves a family member (grandfather) and a property, which aligns with the Land/Property category. It could also potentially be Estates/Wills if the property is being inherited, but without more context, Land/Property is the most direct fit."
sarvam,K_sparse,60,என்ன கண்ட³னி தீர் போயி பொ³க்க என்ன கண்ட³னின குடும்ப³த³குலு எனன் எங்க்லென இல்லட்³ குல்யெரெ பு³டோ³ந்தி³ஜ்ஜெர்.,After my husband passed away his family is not letting me stay in our house,Estates/Wills,Housing,Land/Property,Estates/Wills,Courts/Legal-System,0.90,False,True,True,"The situation describes a dispute over land ownership and family claims to property, which is a classic Land/Property issue. The person is questioning who has the right to the land, which falls under boundary disputes or ownership conflicts."
sarvam,K_full,41,எங்குலு நடெ³தொந்து³ித்தினபக³ என்ன ப³ரித்அக்லென நாயி என்ன பா³லென் சூச்சிண்ட்³.,My neighbor's dog bit my child while we were walking,Torts/Individuals,,Torts/Individuals,Housing,Consumer/Money/Debt,0.85,True,True,False,"The situation describes an unauthorized action by another person, which aligns with torts involving personal injury or property damage caused by another individual. The focus is on the harmful action by the other person, not on a contractual or procedural issue."
sarvam,K_full,42,ஏரொ எங்க்லென உந்தோந்து³ இத்தின கார்க்³ ஆக்த்³ போயெர்.,Someone crashed into my parked vehicle and drove away,Torts/Individuals,,Housing,Torts/Individuals,Courts/Legal-System,0.90,False,True,True,"The situation describes someone entering a house without permission, which is a direct example of a housing-related issue involving trespass into a dwelling."
sarvam,K_full,43,ஒஞ்ஜி பே³லெதா³யெ என்ன மித்த் ஸாமான் பூ³ட்³பாத்³ எங்க் தாக்³ண்ட்³.,A worker dropped something that injured me,Torts/Individuals,,Housing,Torts/Individuals,Courts/Legal-System,0.90,False,True,True,"Someone entered the person's house without permission, which is a classic housing/trespass issue."
sarvam,K_full,44,ஹள்ளிட்³ யேரா என்ன பா³க்³கெ³ ஸுள்ளு பண்ட்³ட்³ என்ன புத³ர்ன் ஹாள் மல்தெர்.,Someone spread lies about me that damaged my reputation in the village,Torts/Individuals,,Land/Property,Torts/Individuals,Courts/Legal-System,0.90,False,True,True,"The situation describes someone occupying the person's land without permission and refusing to leave, which is a classic boundary/property dispute. The person's problem is the unauthorized use and occupation of their property."
sarvam,K_full,45,என்ன நெரெகரெத³ அக்லென பெத்தலு என்ன பூரா பு³ளென் திந்த்³ட்³ ஹாள் மல்த்ண்ட்³.,My neighbor's cattle keep destroying my crops,Torts/Individuals,Land/Property,Land/Property,Torts/Individuals,Courts/Legal-System,0.90,False,True,True,"The situation explicitly states that a neighbor took the person's land, which is a direct dispute over property ownership and occupation, fitting the Land/Property category perfectly."
sarvam,K_full,46,"எங்க் ந்யாயாலயத³ ஒஞ்ஜி காகஜி பை³த்³ண்ட்³, மாத்ர ஐட் தா³த³ பணொந்து³ல்லெர் பண்ட்³ட்³ கொ³த்திஜி.",I received a court notice but I don't understand what it is asking me to do,Courts/Legal-System,,Courts/Legal-System,Consumer/Money/Debt,IP/Identity,0.85,True,True,False,"The person signed a document without understanding it, which is a common issue in legal and financial agreements. This falls under the category of confusion about legal documents and agreements."
sarvam,K_full,47,"எங்க் ந்யாயாலயக்³ போபின தாரீக்² தத்ண்ட்³, தா³யெக்³ பண்ட³ எங்க் ஏரேலா ஏப ஏ போடு³ பண்ட்³ட்³ பண்டி³ஜெர்.",I missed a court date because no one explained when I needed to appear,Courts/Legal-System,,Courts/Legal-System,Torts/Individuals,Housing,0.90,True,True,False,"The person is explicitly asking about which court to go to, which directly matches the category definition of 'confusion about which court to go to'."
sarvam,K_full,48,எங்க் என்ன கெல்ஸத³ த⁴னின மித்த் எஞ்ச தூ³ரு கொரோடு³ பண்ட்³ட்³ கொ³த்திஜி.,I don't know how to file a complaint against my employer,Courts/Legal-System,Work/Employment,Torts/Individuals,Land/Property,Housing,0.85,False,False,False,"The situation describes a person entering a house without permission, which is a form of trespass and interference with property rights. This falls under Torts/Individuals as it involves a wrongful act by another person against the property owner."
sarvam,K_full,49,பொலீஸ்-த³ அகுலு என்ன தூ³ருன் தெ³த்தொனெரெ தயார் இஜ்ஜெர்.,The police would not register my complaint,Courts/Legal-System,,Courts/Legal-System,Torts/Individuals,Housing,0.85,True,True,False,"The person is preparing to file a complaint with the police, indicating confusion about which legal authority to approach for their problem. This falls under the category of confusion about the legal system or which court/authority to go to."
sarvam,K_full,50,"எங்க் ஒஞ்ஜி வகீல் போ³டு³ பண்ட்³ட்³ பண்டெ³ர், மாத்ர எங்க் வகீல்ன் எஞ்ச நாடோ³டு³ பண்ட்³ட்³ கொ³த்திஜி.",I was told I need a lawyer but I don't know how to find one,Courts/Legal-System,,Courts/Legal-System,Work/Employment,Torts/Individuals,0.85,True,True,False,"The situation involves a dispute with a lawyer over the handling of a case file, which is a legal-system related issue. The person is concerned about the lawyer's actions, which falls under the 'Courts/Legal-System' category."
sarvam,K_full,51,எங்க் கொ³த்திஜந்தே³ யேரா என்ன புத³ர்ட்³ ஸால தெ³த்தொன்யெர்.,Someone opened a loan in my name without my knowledge,IP/Identity,Consumer/Money/Debt,Consumer/Money/Debt,Torts/Individuals,Courts/Legal-System,0.90,False,True,True,"The situation describes a person giving money to someone who then disappeared without returning it, which is a classic example of a debt or financial obligation that was not fulfilled."
sarvam,K_full,52,எனட³ கேனந்தே³ யேரா என்ன போ²டோன் ஜாஹீராதுட்³ உபயோக³ மல்தொந்து³ல்லெர்.,My photo is being used in an advertisement without my permission,IP/Identity,,Torts/Individuals,Consumer/Money/Debt,Land/Property,0.75,False,False,False,"The situation describes a failure of an object to function as expected, which can be interpreted as property damage or harm caused by another person's action (or inaction). This aligns with the tort category of property damage caused by another person's negligence."
sarvam,K_full,53,யேரா என்னலெக ஆன்லைன்-ட்³ நடனெ மல்த்ட்³ என்ன குடும்ப³த³க்லென் டோ³ங்கி³ மல்தொந்து³ல்லெர்.,Someone is pretending to be me online to trick my relatives,IP/Identity,,Land/Property,Torts/Individuals,Courts/Legal-System,0.85,False,False,False,"The situation describes someone occupying or taking land without permission and not leaving, which is a classic land/property dispute. The person's problem is about their property being occupied by an unauthorized individual."
sarvam,K_full,54,வொவா ஒஞ்ஜி அங்க³டி³ என்ன குடும்ப³த³ அங்க³டி³த³ புத³ரன் உபயோக³ மல்தொந்து³ண்டு³,A shop is using my family's business name without asking,IP/Identity,,Land/Property,Torts/Individuals,Housing,0.95,False,False,False,"The situation describes someone occupying the person's family land without permission and refusing to leave. This is a direct dispute over land occupation, which falls squarely under the Land/Property category."
sarvam,K_full,55,எங்க்லென குடும்ப³ மல்த்ட்³ மாருன ஸாமாந்த³ டி³ஸைன்-ந் யேரா கண்ட்³தெ³ர்.,Someone stole the design of the products my family makes and sells,IP/Identity,,Estates/Wills,Land/Property,Courts/Legal-System,0.90,False,False,False,"The situation describes a dispute over property (land/assets) after a family member's death, which is the core of an inheritance or estate dispute. The family member took property that was meant for the person, fitting the definition of an inheritance dispute after a family member's death."
sarvam,K_full,56,என்ன போப ஒஞ்ஜி வில் பு³ட³ந்தே³ தீர் போயி பொ³க்க என்ன மெக்³கெ³-பலயெநகுலு எனன் பு³ட்³டு³ ஆஸ்தின் பூரா பட்டோந்து³ல்லெர்.,My father died without a will and my siblings are dividing everything without me,Estates/Wills,,Courts/Legal-System,Land/Property,Housing,0.85,False,False,False,"The situation describes a problem with jurisdiction and location when trying to file a complaint, which is a core issue within the legal system. The person is confused about where to go and the other party's location is a barrier to legal action."
sarvam,K_full,57,என்ன அம்மன ப³ங்கா³ர் எங்க் கொர்பெர் பண்ட்³ பண்டி³ பொ³க்க அம்ம தீர் போயி பொ³க்க என்ன பலயெ அவென் பூரா தெ³த்தொன்யெ.,My mother's jewelry was promised to me but my brother took it after she died,Estates/Wills,,Housing,Torts/Individuals,Courts/Legal-System,0.85,False,False,False,"The situation describes someone entering the person's house without permission, which falls under housing-related issues like trespass into a home or someone entering without permission."
sarvam,K_full,58,என்ன போப தீர் போயி பொ³க்க என்ன ஒப்பிகெ³ இஜ்ஜந்தெ³ என்ன போப-அம்மன இல்லன் மார்யெர் பண்ட்³ட்³ கொ³த்தாண்ட்³.,I found out my parents' house was sold after my father's death without our agreement,Estates/Wills,Land/Property,Torts/Individuals,Housing,Land/Property,0.75,False,True,True,"The situation describes a dispute where something was not returned and permission was not given, which could involve property or document rights. This aligns with torts/individuals as it's about a personal dispute over rights or property."
sarvam,K_full,59,"என்ன மாமு, அஜ்ஜெர்-ந ஜாக³ன் பட்டெரெ கேனோந்தி³ஜ்ஜெர்.",My uncle is refusing to share the property left by my grandfather,Estates/Wills,Land/Property,Land/Property,Housing,Courts/Legal-System,0.95,False,True,True,"The person's grandfather has taken their land and is refusing to return it, which is a direct dispute over property ownership. This is a classic example of a Land/Property issue."
sarvam,K_full,60,என்ன கண்ட³னி தீர் போயி பொ³க்க என்ன கண்ட³னின குடும்ப³த³குலு எனன் எங்க்லென இல்லட்³ குல்யெரெ பு³டோ³ந்தி³ஜ்ஜெர்.,After my husband passed away his family is not letting me stay in our house,Estates/Wills,Housing,Estates/Wills,Land/Property,Courts/Legal-System,0.90,True,True,False,"The situation describes a dispute over inheritance and property after a family member's death, which is the core of an Estates/Wills issue."
sarvam,L_sparse,41,എങ്കുലു നഡെതൊന്ദുിത്തിനപഗ എന്ന ബരിത്അക്ലെന നായി എന്ന ബാലെൻ ചൂച്ചിണ്ഡ്.,My neighbor's dog bit my child while we were walking,Torts/Individuals,,Torts/Individuals,Housing,Work/Employment,0.90,True,True,False,"The situation describes a personal injury (a child being hit) caused by the action of another person (a vehicle). This directly aligns with the Torts/Individuals category, which covers personal injury caused by another person."
sarvam,L_sparse,42,ഏരൊ എങ്ക്ലെന ഉന്തോന്ദു ഇത്തിന കാർഗ് ആക്ദ് പോയെർ.,Someone crashed into my parked vehicle and drove away,Torts/Individuals,,Land/Property,Torts/Individuals,Courts/Legal-System,0.90,False,True,True,"The situation describes someone taking or occupying land, which is a core issue within the Land/Property category. The person is concerned about their property and its ownership, which is the central theme of this category."
sarvam,L_sparse,43,ഒഞ്ജി ബേലെദായെ എന്ന മിത്ത് സാമാൻ ബൂഡ്പാദ് എങ്ക് താഗ്ണ്ഡ്.,A worker dropped something that injured me,Torts/Individuals,,Torts/Individuals,Work/Employment,Housing,0.75,True,True,False,"The situation describes a person being wrongfully detained by another, which is a form of personal harm or tort. It involves an individual's rights being violated by another's action, fitting the Torts/Individuals category."
sarvam,L_sparse,44,ഹള്ളിഡ് യേരാ എന്ന ബാഗ്ഗെ സുള്ളു പണ്ഡ്ഡ് എന്ന പുദർന് ഹാൾ മൽതെർ.,Someone spread lies about me that damaged my reputation in the village,Torts/Individuals,,Housing,Torts/Individuals,Courts/Legal-System,0.90,False,True,True,"The situation describes someone entering a home without permission, which is a classic housing issue involving trespass or unauthorized entry into a dwelling."
sarvam,L_sparse,45,എന്ന നെരെകരെദ അക്ലെന പെത്തലു എന്ന പൂരാ ബുളെൻ തിന്ദ്ഡ് ഹാൾ മൽത്ണ്ഡ്.,My neighbor's cattle keep destroying my crops,Torts/Individuals,Land/Property,Housing,Torts/Individuals,Land/Property,0.90,False,True,True,"The situation describes someone entering and occupying the person's house without permission, which is a classic case of trespass into a dwelling. This is a core issue within the Housing category."
sarvam,L_sparse,46,"എങ്ക് ന്യായാലയദ ഒഞ്ജി കാകജി ബൈദ്ണ്ഡ്, മാത്ര ഐട് ദാദ പണൊന്ദുല്ലെർ പണ്ഡ്ഡ് ഗൊത്തിജി.",I received a court notice but I don't understand what it is asking me to do,Courts/Legal-System,,Courts/Legal-System,Consumer/Money/Debt,Housing,0.90,True,True,False,"The person is explicitly confused about which court to go to and where to file a complaint, which directly aligns with the 'Courts/Legal-System' category. The problem is procedural, not about the debt itself."
sarvam,L_sparse,47,"എങ്ക് ന്യായാലയഗ് പോപിന താരീഖ് തത്ണ്ഡ്, ദായെഗ് പണ്ഡ എങ്ക് ഏരേലാ ഏപ ഏ പോഡു പണ്ഡ്ഡ് പണ്ഡിജെർ.",I missed a court date because no one explained when I needed to appear,Courts/Legal-System,,Courts/Legal-System,Land/Property,Housing,0.85,True,True,False,"The situation describes a procedural issue where the person cannot file a complaint because the other party is not present in court. This directly relates to confusion about court procedures and filing requirements, which is the core of the Courts/Legal-System category."
sarvam,L_sparse,48,എങ്ക് എന്ന കെൽസദ ധനിന മിത്ത് എഞ്ച ദൂരു കൊരോഡു പണ്ഡ്ഡ് ഗൊത്തിജി.,I don't know how to file a complaint against my employer,Courts/Legal-System,Work/Employment,Consumer/Money/Debt,Torts/Individuals,Housing,0.90,False,False,False,"The situation describes a financial agreement (a loan) where the other party has disappeared without returning the money, which is a classic example of a debt or money owed that has not been repaid."
sarvam,L_sparse,49,പൊലീസ്-ദ അകുലു എന്ന ദൂരുൻ ദെത്തൊനെരെ തയാർ ഇജ്ജെർ.,The police would not register my complaint,Courts/Legal-System,,Courts/Legal-System,Torts/Individuals,Land/Property,0.75,True,True,False,"The situation involves police, which suggests a legal or law enforcement issue. The person is likely facing a problem that requires legal intervention or is related to a dispute with the police."
sarvam,L_sparse,50,"എങ്ക് ഒഞ്ജി വകീൽ ബോഡു പണ്ഡ്ഡ് പണ്ഡെർ, മാത്ര എങ്ക് വകീൽന് എഞ്ച നാഡോഡു പണ്ഡ്ഡ് ഗൊത്തിജി.",I was told I need a lawyer but I don't know how to find one,Courts/Legal-System,,Work/Employment,Courts/Legal-System,Consumer/Money/Debt,0.85,False,True,True,"The situation describes a dispute with a hired lawyer (a professional service) regarding the completion of work, which is a breach of a service agreement. This is a classic work/employment issue."
sarvam,L_sparse,51,എങ്ക് ഗൊത്തിജന്ദേ യേരാ എന്ന പുദർഡ് സാല ദെത്തൊന്യെർ.,Someone opened a loan in my name without my knowledge,IP/Identity,Consumer/Money/Debt,Land/Property,Housing,Torts/Individuals,0.85,False,False,False,"The situation describes a dispute over land or property, where someone has taken the person's land. This directly aligns with the Land/Property category, which covers issues like someone occupying land without permission and refusing to leave."
sarvam,L_sparse,52,എനഡ കേനന്ദേ യേരാ എന്ന ഫോടോൻ ജാഹീരാതുഡ് ഉപയോഗ മൽതൊന്ദുല്ലെർ.,My photo is being used in an advertisement without my permission,IP/Identity,,IP/Identity,Torts/Individuals,Courts/Legal-System,0.90,True,True,False,"The situation describes someone using a person's photo without permission, which is a misuse of their identity. This falls under the IP/Identity category as it involves the unauthorized use of a person's name or image."
sarvam,L_sparse,53,യേരാ എന്നലെക ആൻലൈൻ-ഡ് നടനെ മൽത്ഡ് എന്ന കുടുംബദക്ലെൻ ഡോംഗി മൽതൊന്ദുല്ലെർ.,Someone is pretending to be me online to trick my relatives,IP/Identity,,Land/Property,Torts/Individuals,Housing,0.90,False,False,False,"The situation describes someone occupying the person's land without permission and refusing to leave, which is a classic land/property dispute."
sarvam,L_sparse,54,വൊവാ ഒഞ്ജി അംഗഡി എന്ന കുടുംബദ അംഗഡിദ പുദരൻ ഉപയോഗ മൽതൊന്ദുണ്ഡു,A shop is using my family's business name without asking,IP/Identity,,Land/Property,Work/Employment,Torts/Individuals,0.75,False,False,False,"The situation involves the unauthorized use of a family's shop or business, which is a form of property dispute. The person's property (the shop) is being used by someone else without permission, which aligns with the Land/Property category's focus on disputes over property use and occupation."
sarvam,L_sparse,55,എങ്ക്ലെന കുടുംബ മൽത്ഡ് മാരുന സാമാന്ദ ഡിസൈൻ-ന് യേരാ കണ്ഡ്ദെർ.,Someone stole the design of the products my family makes and sells,IP/Identity,,Estates/Wills,Land/Property,Housing,0.90,False,False,False,"The situation describes a dispute over inheritance and property distribution after a family member's death, which is the core of the Estates/Wills category."
sarvam,L_sparse,56,എന്ന പോപ ഒഞ്ജി വിൽ ബുഡന്ദേ തീർ പോയി ബൊക്ക എന്ന മെഗ്ഗെ-പലയെനകുലു എനൻ ബുഡ്ഡു ആസ്തിൻ പൂരാ പട്ടോന്ദുല്ലെർ.,My father died without a will and my siblings are dividing everything without me,Estates/Wills,,Land/Property,Housing,Consumer/Money/Debt,0.85,False,False,False,"The person is concerned about their property or asset not being fully transferred or completed, as indicated by the phrase 'പൂരാ പട്ടോന്ദുല്ലെർ' (pūra paṭṭōndullēr) which suggests something is not finished. This is a property-related issue."
sarvam,L_sparse,57,എന്ന അമ്മന ബംഗാർ എങ്ക് കൊർപെർ പണ്ഡ് പണ്ഡി ബൊക്ക അമ്മ തീർ പോയി ബൊക്ക എന്ന പലയെ അവെൻ പൂരാ ദെത്തൊന്യെ.,My mother's jewelry was promised to me but my brother took it after she died,Estates/Wills,,Consumer/Money/Debt,Courts/Legal-System,Torts/Individuals,0.85,False,False,False,"The situation describes a financial agreement (a loan) where the other party (the bank) failed to provide the promised money, which is a classic debt or contract breach issue."
sarvam,L_sparse,58,എന്ന പോപ തീർ പോയി ബൊക്ക എന്ന ഒപ്പിഗെ ഇജ്ജന്ദെ എന്ന പോപ-അമ്മന ഇല്ലൻ മാര്യെർ പണ്ഡ്ഡ് ഗൊത്താണ്ഡ്.,I found out my parents' house was sold after my father's death without our agreement,Estates/Wills,Land/Property,Courts/Legal-System,Consumer/Money/Debt,IP/Identity,0.85,False,False,False,"The person signed a document but did not understand what it said, which is a common issue related to legal comprehension and the process of entering into agreements. This falls under the category of confusion about legal documents and procedures."
sarvam,L_sparse,59,"എന്ന മാമു, അജ്ജെർ-ന ജാഗൻ പട്ടെരെ കേനോന്ദിജ്ജെർ.",My uncle is refusing to share the property left by my grandfather,Estates/Wills,Land/Property,Land/Property,Estates/Wills,Torts/Individuals,0.75,False,True,True,"The situation involves a dispute or observation related to 'jaggan pattere' (likely a property or land), with family involvement ('എന്ന മാമു'). This aligns with land/property disputes or observations."
sarvam,L_sparse,60,എന്ന കണ്ഡനി തീർ പോയി ബൊക്ക എന്ന കണ്ഡനിന കുടുംബദകുലു എനൻ എങ്ക്ലെന ഇല്ലഡ് കുല്യെരെ ബുഡോന്ദിജ്ജെർ.,After my husband passed away his family is not letting me stay in our house,Estates/Wills,Housing,Estates/Wills,Land/Property,Courts/Legal-System,0.90,True,True,False,"The situation describes a dispute over inherited land or assets after a family member's death, where another family member is taking what was meant for the person. This directly aligns with the definition of an inheritance dispute or family member taking assets meant for you."
sarvam,L_full,41,എങ്കുലു നഡെതൊന്ദുിത്തിനപഗ എന്ന ബരിത്അക്ലെന നായി എന്ന ബാലെൻ ചൂച്ചിണ്ഡ്.,My neighbor's dog bit my child while we were walking,Torts/Individuals,,Torts/Individuals,Housing,Work/Employment,0.90,True,True,False,The situation describes personal injury (a hurting hand) caused by another person's action (being hit with a stick). This is a classic tort/individual harm case.
sarvam,L_full,42,ഏരൊ എങ്ക്ലെന ഉന്തോന്ദു ഇത്തിന കാർഗ് ആക്ദ് പോയെർ.,Someone crashed into my parked vehicle and drove away,Torts/Individuals,,Land/Property,Housing,Torts/Individuals,0.90,False,True,True,"Someone is occupying the person's land without permission and refusing to leave, which directly matches the Land/Property category definition."
sarvam,L_full,43,ഒഞ്ജി ബേലെദായെ എന്ന മിത്ത് സാമാൻ ബൂഡ്പാദ് എങ്ക് താഗ്ണ്ഡ്.,A worker dropped something that injured me,Torts/Individuals,,Torts/Individuals,Consumer/Money/Debt,Housing,0.85,True,True,False,"Property damage or loss caused by another person (a child). The situation involves taking something that does not belong to the person, which is a form of tort."
sarvam,L_full,44,ഹള്ളിഡ് യേരാ എന്ന ബാഗ്ഗെ സുള്ളു പണ്ഡ്ഡ് എന്ന പുദർന് ഹാൾ മൽതെർ.,Someone spread lies about me that damaged my reputation in the village,Torts/Individuals,,Torts/Individuals,Housing,Consumer/Money/Debt,0.85,True,True,False,"Taking someone's property (a bag) from a public place and not returning it is a form of property damage or loss caused by another person's action, which falls under Torts/Individuals."
sarvam,L_full,45,എന്ന നെരെകരെദ അക്ലെന പെത്തലു എന്ന പൂരാ ബുളെൻ തിന്ദ്ഡ് ഹാൾ മൽത്ണ്ഡ്.,My neighbor's cattle keep destroying my crops,Torts/Individuals,Land/Property,Land/Property,Housing,Torts/Individuals,0.90,False,True,True,"The situation describes a neighbor occupying the person's house without permission and refusing to leave, which is a classic land/property dispute involving boundary or possession issues."
sarvam,L_full,46,"എങ്ക് ന്യായാലയദ ഒഞ്ജി കാകജി ബൈദ്ണ്ഡ്, മാത്ര ഐട് ദാദ പണൊന്ദുല്ലെർ പണ്ഡ്ഡ് ഗൊത്തിജി.",I received a court notice but I don't understand what it is asking me to do,Courts/Legal-System,,Courts/Legal-System,Consumer/Money/Debt,IP/Identity,0.85,True,True,False,"The person signed a document without understanding it, which is a common issue in legal situations involving confusion about legal documents and procedures."
sarvam,L_full,47,"എങ്ക് ന്യായാലയഗ് പോപിന താരീഖ് തത്ണ്ഡ്, ദായെഗ് പണ്ഡ എങ്ക് ഏരേലാ ഏപ ഏ പോഡു പണ്ഡ്ഡ് പണ്ഡിജെർ.",I missed a court date because no one explained when I needed to appear,Courts/Legal-System,,Courts/Legal-System,Housing,Consumer/Money/Debt,0.90,True,True,False,"The situation describes a procedural issue where a court denied permission to proceed with a case. This is a direct problem with the legal process and court procedures, which is the core of the Courts/Legal-System category."
sarvam,L_full,48,എങ്ക് എന്ന കെൽസദ ധനിന മിത്ത് എഞ്ച ദൂരു കൊരോഡു പണ്ഡ്ഡ് ഗൊത്തിജി.,I don't know how to file a complaint against my employer,Courts/Legal-System,Work/Employment,Consumer/Money/Debt,Work/Employment,Courts/Legal-System,0.85,False,True,True,"The situation describes a person giving money to their employer, which was not returned. This is a clear case of a loan or financial obligation that has not been repaid, fitting the definition of a money owed/debt issue."
sarvam,L_full,49,പൊലീസ്-ദ അകുലു എന്ന ദൂരുൻ ദെത്തൊനെരെ തയാർ ഇജ്ജെർ.,The police would not register my complaint,Courts/Legal-System,,Housing,Courts/Legal-System,Torts/Individuals,0.85,False,True,True,"The situation involves police being called to a dwelling, and the person is being told to leave, which is a housing-related dispute over occupancy or possession of a home."
sarvam,L_full,50,"എങ്ക് ഒഞ്ജി വകീൽ ബോഡു പണ്ഡ്ഡ് പണ്ഡെർ, മാത്ര എങ്ക് വകീൽന് എഞ്ച നാഡോഡു പണ്ഡ്ഡ് ഗൊത്തിജി.",I was told I need a lawyer but I don't know how to find one,Courts/Legal-System,,Consumer/Money/Debt,Courts/Legal-System,Work/Employment,0.85,False,True,True,"The situation involves money being paid to a lawyer and not being returned, which is a clear case of a financial dispute or debt. The person is owed money by the lawyer, which is a classic consumer/money/debt issue."
sarvam,L_full,51,എങ്ക് ഗൊത്തിജന്ദേ യേരാ എന്ന പുദർഡ് സാല ദെത്തൊന്യെർ.,Someone opened a loan in my name without my knowledge,IP/Identity,Consumer/Money/Debt,Land/Property,Torts/Individuals,Courts/Legal-System,0.90,False,False,False,"The situation describes someone taking or occupying the person's land, which directly relates to property rights and boundary disputes. This is a clear Land/Property issue."
sarvam,L_full,52,എനഡ കേനന്ദേ യേരാ എന്ന ഫോടോൻ ജാഹീരാതുഡ് ഉപയോഗ മൽതൊന്ദുല്ലെർ.,My photo is being used in an advertisement without my permission,IP/Identity,,IP/Identity,Torts/Individuals,Courts/Legal-System,0.90,True,True,False,"The situation describes the unauthorized use of a person's photo, which is a misuse of personal identity. This directly matches the IP/Identity category of someone using your name or identity without permission."
sarvam,L_full,53,യേരാ എന്നലെക ആൻലൈൻ-ഡ് നടനെ മൽത്ഡ് എന്ന കുടുംബദക്ലെൻ ഡോംഗി മൽതൊന്ദുല്ലെർ.,Someone is pretending to be me online to trick my relatives,IP/Identity,,Land/Property,Torts/Individuals,Courts/Legal-System,0.85,False,False,False,"The situation describes someone occupying land without permission, which directly matches the Land/Property category of 'someone occupying your land without permission and refusing to leave'."
sarvam,L_full,54,വൊവാ ഒഞ്ജി അംഗഡി എന്ന കുടുംബദ അംഗഡിദ പുദരൻ ഉപയോഗ മൽതൊന്ദുണ്ഡു,A shop is using my family's business name without asking,IP/Identity,,Land/Property,Housing,Torts/Individuals,0.85,False,False,False,"The situation describes someone using the person's house without permission, which is a direct dispute over property occupancy and control. This falls under the Land/Property category, which covers unauthorized occupation of land or property."
sarvam,L_full,55,എങ്ക്ലെന കുടുംബ മൽത്ഡ് മാരുന സാമാന്ദ ഡിസൈൻ-ന് യേരാ കണ്ഡ്ദെർ.,Someone stole the design of the products my family makes and sells,IP/Identity,,Land/Property,Housing,Torts/Individuals,0.90,False,False,False,"The situation describes land being taken, which directly aligns with the Land/Property category definition of 'neighbor taking your land' or 'someone occupying your land without permission and refusing to leave'."
sarvam,L_full,56,എന്ന പോപ ഒഞ്ജി വിൽ ബുഡന്ദേ തീർ പോയി ബൊക്ക എന്ന മെഗ്ഗെ-പലയെനകുലു എനൻ ബുഡ്ഡു ആസ്തിൻ പൂരാ പട്ടോന്ദുല്ലെർ.,My father died without a will and my siblings are dividing everything without me,Estates/Wills,,Estates/Wills,Land/Property,Torts/Individuals,0.85,True,True,False,"The situation describes an inheritance dispute after a family member's death, where family members are taking property that was meant for the person. This directly aligns with the definition of an estate/will issue."
sarvam,L_full,57,എന്ന അമ്മന ബംഗാർ എങ്ക് കൊർപെർ പണ്ഡ് പണ്ഡി ബൊക്ക അമ്മ തീർ പോയി ബൊക്ക എന്ന പലയെ അവെൻ പൂരാ ദെത്തൊന്യെ.,My mother's jewelry was promised to me but my brother took it after she died,Estates/Wills,,Housing,Torts/Individuals,Courts/Legal-System,0.85,False,False,False,"The situation describes someone entering the person's house without permission, which is a clear housing/trespass issue. The mother's permission was given to someone else, and that person violated the boundary of the home."
sarvam,L_full,58,എന്ന പോപ തീർ പോയി ബൊക്ക എന്ന ഒപ്പിഗെ ഇജ്ജന്ദെ എന്ന പോപ-അമ്മന ഇല്ലൻ മാര്യെർ പണ്ഡ്ഡ് ഗൊത്താണ്ഡ്.,I found out my parents' house was sold after my father's death without our agreement,Estates/Wills,Land/Property,Courts/Legal-System,Consumer/Money/Debt,IP/Identity,0.85,False,False,False,"The person signed a document without understanding it, which is a legal-system related issue. They are confused about the document's meaning and its legal implications."
sarvam,L_full,59,"എന്ന മാമു, അജ്ജെർ-ന ജാഗൻ പട്ടെരെ കേനോന്ദിജ്ജെർ.",My uncle is refusing to share the property left by my grandfather,Estates/Wills,Land/Property,Land/Property,Torts/Individuals,Housing,0.75,False,True,True,"The vocabulary includes 'ജാഗൻ' (land) and 'ഇല്ല്' (house), suggesting the issue involves land or property. The mother's observation of something concerning the house/land aligns with this category."
sarvam,L_full,60,എന്ന കണ്ഡനി തീർ പോയി ബൊക്ക എന്ന കണ്ഡനിന കുടുംബദകുലു എനൻ എങ്ക്ലെന ഇല്ലഡ് കുല്യെരെ ബുഡോന്ദിജ്ജെർ.,After my husband passed away his family is not letting me stay in our house,Estates/Wills,Housing,Estates/Wills,Land/Property,Courts/Legal-System,0.90,True,True,False,"Inheritance dispute after a family member's death, where family members are taking assets meant for the person"
sarvam,M_sparse,41,enkulu nadetonduittinapaga enna baritaklena nayi enna balen cuccind.,My neighbor's dog bit my child while we were walking,Torts/Individuals,,Torts/Individuals,Land/Property,Housing,0.75,True,True,False,"The situation describes a dispute over an item or property, where one person is demanding its return and the other is refusing. This is a conflict over property, which falls under Torts/Individuals, as it involves a disagreement or dispute about something that belongs to the person."
sarvam,M_sparse,42,ero enklena untondu ittina karg akd poyer.,Someone crashed into my parked vehicle and drove away,Torts/Individuals,,Housing,Land/Property,Torts/Individuals,0.75,False,True,True,"Dispute over the return of an item held by another person, which is common in landlord-tenant or property-related contexts."
sarvam,M_sparse,43,onji beledaye enna mitt saman budpad enk tagnd.,A worker dropped something that injured me,Torts/Individuals,,Torts/Individuals,Housing,Consumer/Money/Debt,0.75,True,True,False,"The phrase 'budpad enk tagnd' suggests a command or instruction, which could imply a dispute or conflict involving personal injury or property damage caused by another person's negligence or action."
sarvam,M_sparse,44,hallid yera enna bagge sullu pandd enna pudarn hal malter.,Someone spread lies about me that damaged my reputation in the village,Torts/Individuals,,Torts/Individuals,Courts/Legal-System,IP/Identity,0.75,True,True,False,"The situation involves a person lying and refusing to speak, which could be considered a harmful or deceptive action by an individual."
sarvam,M_sparse,45,enna nerekareda aklena pettalu enna pura bulen tindd hal maltnd.,My neighbor's cattle keep destroying my crops,Torts/Individuals,Land/Property,Torts/Individuals,Consumer/Money/Debt,Work/Employment,0.40,True,True,False,"Forcing someone to eat something against their will could be considered a form of personal injury or harm, which falls under Torts/Individuals. However, the situation is more about coercion than a clear-cut tort."
sarvam,M_sparse,46,"enk nyayalayada onji kakaji baidnd, matra ait dada panonduller pandd gottiji.",I received a court notice but I don't understand what it is asking me to do,Courts/Legal-System,,Courts/Legal-System,Housing,Work/Employment,0.90,True,True,False,"The person is explicitly confused about which court to go to, which is a direct issue with navigating the legal system."
sarvam,M_sparse,47,"enk nyayalayag popina tarikh tatnd, dayeg panda enk erela epa e podu pandd pandijer.",I missed a court date because no one explained when I needed to appear,Courts/Legal-System,,Courts/Legal-System,Land/Property,Work/Employment,0.85,True,True,False,"The situation explicitly mentions confusion about jurisdiction and the other party being in a different location, which directly relates to navigating the legal system and filing procedures."
sarvam,M_sparse,48,enk enna kelsada dhanina mitt enca duru korodu pandd gottiji.,I don't know how to file a complaint against my employer,Courts/Legal-System,Work/Employment,Housing,Consumer/Money/Debt,Torts/Individuals,0.75,False,False,False,"The situation describes a dispute over the return of something, which is a common issue in landlord-tenant relationships, such as a security deposit. The focus is on the return of an item or money related to a living situation."
sarvam,M_sparse,49,polis-da akulu enna durun dettonere tayar ijjer.,The police would not register my complaint,Courts/Legal-System,,Courts/Legal-System,Land/Property,Torts/Individuals,0.75,True,True,False,"The situation describes a disagreement or opposition to a decision or agreement ('tayar ijjer'), which suggests a dispute that may require legal resolution. The person is questioning or opposing something, which is characteristic of legal-system issues."
sarvam,M_sparse,50,"enk onji vakil bodu pandd pander, matra enk vakiln enca nadodu pandd gottiji.",I was told I need a lawyer but I don't know how to find one,Courts/Legal-System,,Courts/Legal-System,Work/Employment,Housing,0.85,True,True,False,"The situation describes a problem with legal representation and the person's ability to navigate the legal system, which is a core issue within the Courts/Legal-System category."
sarvam,M_sparse,51,enk gottijande yera enna pudard sala dettonyer.,Someone opened a loan in my name without my knowledge,IP/Identity,Consumer/Money/Debt,Land/Property,Torts/Individuals,Housing,0.90,False,False,False,"The situation describes someone occupying the person's land without permission, which is a clear land/property dispute."
sarvam,M_sparse,52,enada kenande yera enna photon jahiratud upayoga maltonduller.,My photo is being used in an advertisement without my permission,IP/Identity,,IP/Identity,Torts/Individuals,Courts/Legal-System,0.85,True,True,False,"The situation involves the unauthorized use of a person's photograph, which is a clear misuse of personal identity."
sarvam,M_sparse,53,yera ennaleka anlain-d natane maltd enna kutunbadaklen dongi maltonduller.,Someone is pretending to be me online to trick my relatives,IP/Identity,,Torts/Individuals,Land/Property,Housing,0.75,False,False,False,"The situation describes being forced to leave a place, which is a form of personal harm or coercion by another person, fitting the Torts/Individuals category."
sarvam,M_sparse,54,vova onji angadi enna kutunbada angadida pudaran upayoga maltondundu,A shop is using my family's business name without asking,IP/Identity,,Work/Employment,Torts/Individuals,Housing,0.85,False,False,False,"The person is being prevented from starting their own business by an employer, which is a classic work/employment issue involving non-compete or wrongful termination."
sarvam,M_sparse,55,enklena kutunba maltd maruna samanda disain-n yera kandder.,Someone stole the design of the products my family makes and sells,IP/Identity,,Consumer/Money/Debt,Housing,Torts/Individuals,0.75,False,False,False,"The situation describes a dispute over something being taken or not returned, which is a common issue in consumer or debt-related matters. The person is being forced to give up something they are owed, which is a form of debt or financial dispute."
sarvam,M_sparse,56,enna popa onji vil budande tir poyi bokka enna megge-palayenakulu enan buddu astin pura pattonduller.,My father died without a will and my siblings are dividing everything without me,Estates/Wills,,Land/Property,Housing,Torts/Individuals,0.90,False,False,False,"The situation describes someone occupying the person's land without permission and refusing to leave, which is a direct dispute over property possession and boundaries."
sarvam,M_sparse,57,enna ammana bangar enk korper pand pandi bokka amma tir poyi bokka enna palaye aven pura dettonye.,My mother's jewelry was promised to me but my brother took it after she died,Estates/Wills,,Land/Property,Housing,Torts/Individuals,0.85,False,False,False,"The situation describes someone being forced out of their home, which is a dispute over occupation and control of property. This aligns with the Land/Property category's examples like 'Someone is living on my land without asking and won't leave'."
sarvam,M_sparse,58,enna popa tir poyi bokka enna oppige ijjande enna popa-ammana illan maryer pandd gottand.,I found out my parents' house was sold after my father's death without our agreement,Estates/Wills,Land/Property,Housing,Torts/Individuals,Work/Employment,0.30,False,False,False,"The situation describes a person's inability to find a family member (mother) at home, which relates to the home environment. However, it does not involve a landlord-tenant dispute, property damage, or other housing issues. It is a weak fit, but the closest category among the options provided."
sarvam,M_sparse,59,"enna mamu, ajjer-na jagan pattere kenondijjer.",My uncle is refusing to share the property left by my grandfather,Estates/Wills,Land/Property,Estates/Wills,Land/Property,Courts/Legal-System,0.60,True,True,False,"The situation involves a family dispute (mother and a man) that could be related to inheritance or property after a death, as suggested by the context of family and a man."
sarvam,M_sparse,60,enna kandani tir poyi bokka enna kandanina kutunbadakulu enan enklena illad kulyere budondijjer.,After my husband passed away his family is not letting me stay in our house,Estates/Wills,Housing,Land/Property,Torts/Individuals,Housing,0.90,False,True,True,"The situation describes someone occupying the person's land without permission and refusing to leave, which is a classic land/property dispute."
sarvam,M_full,41,enkulu nadetonduittinapaga enna baritaklena nayi enna balen cuccind.,My neighbor's dog bit my child while we were walking,Torts/Individuals,,Torts/Individuals,Land/Property,Housing,0.85,True,True,False,"The situation describes harm or property damage caused by another person, which is a classic tort. The person is expressing frustration about being hurt or having their property damaged, which aligns with the Torts/Individuals category."
sarvam,M_full,42,ero enklena untondu ittina karg akd poyer.,Someone crashed into my parked vehicle and drove away,Torts/Individuals,,Land/Property,Courts/Legal-System,Torts/Individuals,0.90,False,True,True,"The situation describes someone placing an object ('karg') on the person's land ('enklena') without permission, which is a direct violation of property rights. This aligns with the Land/Property category's examples of 'neighbor taking your land' or 'someone occupying your land without permission'."
sarvam,M_full,43,onji beledaye enna mitt saman budpad enk tagnd.,A worker dropped something that injured me,Torts/Individuals,,Consumer/Money/Debt,Land/Property,Torts/Individuals,0.75,False,True,True,"The person gave something to someone and it was not returned, which is a dispute over a financial transaction or property. This aligns with the Consumer/Money/Debt category, as it involves a failure to return what was given."
sarvam,M_full,44,hallid yera enna bagge sullu pandd enna pudarn hal malter.,Someone spread lies about me that damaged my reputation in the village,Torts/Individuals,,Torts/Individuals,Land/Property,Consumer/Money/Debt,0.85,True,True,False,"The situation describes property damage caused by someone's action, and their refusal to fix it. This is a classic tort scenario involving negligence and property damage, which is the primary focus of the Torts/Individuals category."
sarvam,M_full,45,enna nerekareda aklena pettalu enna pura bulen tindd hal maltnd.,My neighbor's cattle keep destroying my crops,Torts/Individuals,Land/Property,Consumer/Money/Debt,Torts/Individuals,Housing,0.90,False,True,True,"The situation describes a person giving money to someone who then disappeared without returning it, which is a classic example of a debt or financial obligation that was not fulfilled. This directly matches the Consumer/Money/Debt category."
sarvam,M_full,46,"enk nyayalayada onji kakaji baidnd, matra ait dada panonduller pandd gottiji.",I received a court notice but I don't understand what it is asking me to do,Courts/Legal-System,,Courts/Legal-System,Consumer/Money/Debt,IP/Identity,0.75,True,True,False,"The situation involves a document (kakaji) that was given but not returned, and there is confusion about its ownership. This relates to signing a document without understanding it or having it returned, which falls under the Courts/Legal-System category."
sarvam,M_full,47,"enk nyayalayag popina tarikh tatnd, dayeg panda enk erela epa e podu pandd pandijer.",I missed a court date because no one explained when I needed to appear,Courts/Legal-System,,Courts/Legal-System,Housing,Torts/Individuals,0.90,True,True,False,"The situation explicitly mentions a court ('nyayalayag') and a procedural issue regarding a wrong date/time ('tarikh tatnd'). The person is also quoting someone's refusal to attend, which is a common issue when navigating the legal system."
sarvam,M_full,48,enk enna kelsada dhanina mitt enca duru korodu pandd gottiji.,I don't know how to file a complaint against my employer,Courts/Legal-System,Work/Employment,Housing,Consumer/Money/Debt,Torts/Individuals,0.75,False,False,False,"The situation describes a dispute over the return of an item (mitt) given to another person (dhanina), which is analogous to a landlord-tenant dispute over a deposit or property. The core issue is the non-return of something that was in the possession of another, fitting the Housing category."
sarvam,M_full,49,polis-da akulu enna durun dettonere tayar ijjer.,The police would not register my complaint,Courts/Legal-System,,Land/Property,Courts/Legal-System,Torts/Individuals,0.90,False,True,True,"The situation describes someone occupying the person's land without permission and refusing to leave, which is a direct match for the Land/Property category."
sarvam,M_full,50,"enk onji vakil bodu pandd pander, matra enk vakiln enca nadodu pandd gottiji.",I was told I need a lawyer but I don't know how to find one,Courts/Legal-System,,Courts/Legal-System,Work/Employment,Consumer/Money/Debt,0.85,True,True,False,"The situation involves a lawyer (vakil) and dissatisfaction with their actions, which is a legal-system related issue. The person is questioning the lawyer's performance, which falls under legal-system problems."
sarvam,M_full,51,enk gottijande yera enna pudard sala dettonyer.,Someone opened a loan in my name without my knowledge,IP/Identity,Consumer/Money/Debt,Land/Property,Housing,Torts/Individuals,0.90,False,False,False,"The situation describes someone occupying land without permission and refusing to leave, which is a classic land/property dispute."
sarvam,M_full,52,enada kenande yera enna photon jahiratud upayoga maltonduller.,My photo is being used in an advertisement without my permission,IP/Identity,,Torts/Individuals,Consumer/Money/Debt,IP/Identity,0.75,False,True,True,"The situation describes the misuse of a camera (photon) by someone, which is a form of property damage or misuse caused by another person, fitting the Torts/Individuals category."
sarvam,M_full,53,yera ennaleka anlain-d natane maltd enna kutunbadaklen dongi maltonduller.,Someone is pretending to be me online to trick my relatives,IP/Identity,,Housing,Land/Property,Courts/Legal-System,0.85,False,False,False,"The situation describes someone being forced out of their home or dwelling, which is a classic housing dispute. The core issue is the loss of occupancy and the right to remain in one's home, which falls under the Housing category."
sarvam,M_full,54,vova onji angadi enna kutunbada angadida pudaran upayoga maltondundu,A shop is using my family's business name without asking,IP/Identity,,IP/Identity,Torts/Individuals,Consumer/Money/Debt,0.90,True,True,False,"The situation describes someone using the person's name without permission, which is a direct match for the IP/Identity category of 'someone using your name without permission'."
sarvam,M_full,55,enklena kutunba maltd maruna samanda disain-n yera kandder.,Someone stole the design of the products my family makes and sells,IP/Identity,,Land/Property,Torts/Individuals,Courts/Legal-System,0.85,False,False,False,"The situation describes someone occupying land without permission and refusing to leave, which is a classic example of a land/property dispute. The person's problem is the unauthorized occupation of their land, not a financial or employment issue."
sarvam,M_full,56,enna popa onji vil budande tir poyi bokka enna megge-palayenakulu enan buddu astin pura pattonduller.,My father died without a will and my siblings are dividing everything without me,Estates/Wills,,Consumer/Money/Debt,Courts/Legal-System,Housing,0.85,False,False,False,"The situation describes a person not getting their money (megge-palayenakulu) back after a transaction (budande). This is a classic debt or payment dispute, which falls under the Consumer/Money/Debt category."
sarvam,M_full,57,enna ammana bangar enk korper pand pandi bokka amma tir poyi bokka enna palaye aven pura dettonye.,My mother's jewelry was promised to me but my brother took it after she died,Estates/Wills,,Land/Property,Housing,Torts/Individuals,0.90,False,False,False,"The situation describes a mother taking the person's land and entering their house without permission, which is a clear dispute over property ownership and occupation."
sarvam,M_full,58,enna popa tir poyi bokka enna oppige ijjande enna popa-ammana illan maryer pandd gottand.,I found out my parents' house was sold after my father's death without our agreement,Estates/Wills,Land/Property,Housing,Torts/Individuals,Courts/Legal-System,0.85,False,False,False,"The situation describes a person being denied entry or permission to enter a dwelling, which aligns with the Housing category's focus on unauthorized entry or access issues."
sarvam,M_full,59,"enna mamu, ajjer-na jagan pattere kenondijjer.",My uncle is refusing to share the property left by my grandfather,Estates/Wills,Land/Property,Consumer/Money/Debt,Work/Employment,Land/Property,0.75,False,True,True,"The situation describes a family dispute where the uncle is not fulfilling a request, which could involve money or an item. This falls under Consumer/Money/Debt as it involves a non-payment or non-fulfillment of a request."
sarvam,M_full,60,enna kandani tir poyi bokka enna kandanina kutunbadakulu enan enklena illad kulyere budondijjer.,After my husband passed away his family is not letting me stay in our house,Estates/Wills,Housing,Land/Property,Courts/Legal-System,Torts/Individuals,0.85,False,False,False,"The situation describes a dispute over land, which is the primary issue. The person is seeking a way to resolve the dispute, which may involve legal action."
