model,condition,id,display_text,english_gloss,list_primary,list_secondary,pred_top1,pred_top2,pred_top3,top1_confidence,hits1,hits3,partial_credit,top1_reasoning
sarvam,A,1,My landlord did not give back my money,My landlord did not give back my money,Housing,Consumer/Money/Debt,Consumer/Money/Debt,Housing,Torts/Individuals,0.90,False,True,True,"The situation describes a financial dispute where money was paid (as a deposit) but not returned by the other party, which is a classic example of a consumer/money/debt issue."
sarvam,A,2,My employer did not pay me this month,My employer did not pay me this month,Work/Employment,,Work/Employment,Consumer/Money/Debt,Courts/Legal-System,0.95,True,True,False,"The situation describes a failure by an employer to pay wages, which is a direct violation of employment rights and obligations. The core of the problem is the employment relationship and the non-payment of earned compensation."
sarvam,A,3,Someone broke my fence and did not fix it,Someone broke my fence and did not fix it,Torts/Individuals,,Torts/Individuals,Land/Property,Courts/Legal-System,0.90,True,True,False,"Property damage caused by another person's negligence, with no action taken to fix it."
sarvam,A,4,I gave someone money and they disappeared,I gave someone money and they disappeared,Consumer/Money/Debt,,Consumer/Money/Debt,Torts/Individuals,Housing,0.95,True,True,False,"The situation describes a financial transaction (lending money) that resulted in a debt, and the other party has failed to repay it and disappeared. This is a classic example of a debt or loan repayment issue, which falls squarely under Consumer/Money/Debt."
sarvam,A,5,My neighbor took my land,My neighbor took my land,Land/Property,,Land/Property,Housing,Torts/Individuals,0.95,True,True,False,"The situation directly involves a dispute over land ownership and possession by a neighbor, which is the core of the Land/Property category."
sarvam,A,6,After someone hit me with a stick my hand hurts,After someone hit me with a stick my hand hurts,Torts/Individuals,,Torts/Individuals,Housing,Consumer/Money/Debt,0.95,True,True,False,"ಈ ಪರಿಸ್ಥಿತಿಯು ಇನ್ನೊಬ್ಬ ವ್ಯಕ್ತಿಯ ದೈಹಿಕ ಕ್ರಮದಿಂದ ಉಂಟಾದ ವೈಯಕ್ತಿಕ ಗಾಯವನ್ನು ವಿವರಿಸುತ್ತದೆ, ಇದು ಟಾರ್ಟ್ (tort) ಕಾನೂನಿನ ಅಡಿಯಲ್ಲಿ ಬರುವ ಒಂದು ಶ್ರೇಷ್ಠ ಉದಾಹರಣೆಯಾಗಿದೆ."
sarvam,A,7,My boss told me to leave without any reason,My boss told me to leave without any reason,Work/Employment,,Work/Employment,Courts/Legal-System,Consumer/Money/Debt,0.95,True,True,False,"The situation describes a dispute with an employer about being told to leave without a reason, which is a classic work/employment issue involving termination or dismissal."
sarvam,A,8,The person I lent money to is not returning it,The person I lent money to is not returning it,Consumer/Money/Debt,,Consumer/Money/Debt,Torts/Individuals,Housing,0.95,True,True,False,"The situation describes a financial dispute where a loan was made and not repaid. This directly aligns with the Consumer/Money/Debt category, which covers money owed but not paid, loans not repaid, and contract breaches involving payment."
sarvam,A,9,Someone came into my house without my permission,Someone came into my house without my permission,Housing,,Housing,Torts/Individuals,Courts/Legal-System,0.90,True,True,False,"Unauthorized entry into a private residence is a housing-related issue involving trespass or violation of occupancy rights, similar to 'Someone came into my house without asking'."
sarvam,A,10,They want more money than what we decided,They want more money than what we decided,Consumer/Money/Debt,,Consumer/Money/Debt,Torts/Individuals,Courts/Legal-System,0.85,True,True,False,"Financial disagreement over the amount of money owed based on a prior agreement, which is a classic consumer/money/debt issue."
sarvam,A,11,They ended our agreement before the time we decided,They ended our agreement before the time we decided,Consumer/Money/Debt,Courts/Legal-System,Consumer/Money/Debt,Work/Employment,Courts/Legal-System,0.85,True,True,False,"The situation describes a contract or agreement being ended prematurely, which is a breach of a financial or service-based agreement. This aligns with the Consumer/Money/Debt category, which covers contract breaches involving payment or other obligations."
sarvam,A,12,I signed a paper but did not understand what it said,I signed a paper but did not understand what it said,Courts/Legal-System,Consumer/Money/Debt,Courts/Legal-System,Consumer/Money/Debt,Torts/Individuals,0.90,True,True,False,"The situation describes a person's confusion and lack of understanding regarding a legal document they signed. This directly relates to their interaction with the legal system and the process of signing agreements, which is a core concern within the Courts/Legal-System category."
sarvam,A,13,After I signed the paper they did not do what they agreed to,After I signed the paper they did not do what they agreed to,Consumer/Money/Debt,,Consumer/Money/Debt,Courts/Legal-System,Torts/Individuals,0.85,True,True,False,"ಸಹಿ ಮಾಡಿದ ನಂತರ ಪಕ್ಷಗಳು ತಮ್ಮ ಜವಾಬ್ದಾರಿಗಳನ್ನು ಈಡೇರಿಸದ ಒಪ್ಪಂದದ ಉಲ್ಲಂಘನೆಯ ಮೇಲೆ ಈ ಸಮಸ್ಯೆ ಕೇಂದ್ರೀಕೃತವಾಗಿದೆ. ಇದು ಗ್ರಾಹಕ/ಹಣಕಾಸು/ಸಾಲದ ವರ್ಗಕ್ಕೆ ಹೊಂದಿಕೆಯಾಗುತ್ತದೆ, ಏಕೆಂದರೆ ಇದು ಒಪ್ಪಂದದ ಉಲ್ಲಂಘನೆ ಮತ್ತು ಹಣದ ವಸೂಲಾತಿಗೆ ಸಂಬಂಧಿಸಿದೆ."
sarvam,A,14,I don't know which court I should go to,I don't know which court I should go to,Courts/Legal-System,,Courts/Legal-System,Housing,Consumer/Money/Debt,0.95,True,True,False,"ಈ ಪರಿಸ್ಥಿತಿಯು ಕಾನೂನು ವ್ಯವಸ್ಥೆಯೊಳಗಿನ ಕಾರ್ಯವಿಧಾನದ ಅನಿಶ್ಚಿತತೆಯನ್ನು ವಿವರಿಸುತ್ತದೆ. ವ್ಯಕ್ತಿಯು ತನ್ನ ಕಾನೂನು ಹಕ್ಕನ್ನು ಎಲ್ಲಿ ಸಲ್ಲಿಸಬೇಕು ಎಂದು ನಿರ್ಧರಿಸಲು ಪ್ರಯತ್ನಿಸುತ್ತಿದ್ದಾನೆ, ಇದು 'ಯಾವ ನ್ಯಾಯಾಲಯಕ್ಕೆ ಹೋಗಬೇಕು' ಎಂಬ ಗೊಂದಲಕ್ಕೆ ಹೊಂದಿಕೆಯಾಗುತ್ತದೆ. ಇದು ವಸತಿ, ಗ್ರಾಹಕ, ಉದ್ಯೋಗ, ಭೂಮಿ, ಟಾರ್ಟ್ಸ್ (ವ್ಯಕ್ತಿಗಳು), ಐಪಿ (ಬೌದ್ಧಿಕ ಆಸ್ತಿ), ಅಥವಾ ಎಸ್ಟೇಟ್ಸ್/ವಿಲ್ಸ್‌ಗೆ ಸಂಬಂಧಿಸಿದ್ದಲ್ಲ."
sarvam,A,15,The person who owes me money is in a different place,The person who owes me money is in a different place,Courts/Legal-System,Consumer/Money/Debt,Consumer/Money/Debt,Courts/Legal-System,Work/Employment,0.90,False,True,True,"The situation describes a financial dispute where a person is owed money, but the debtor's location creates a barrier to repayment. This is a classic consumer/money/debt problem involving a contract for a loan or service that is not being fulfilled by the other party."
sarvam,A,16,My neighbor's tree fell on my house and damaged it,My neighbor's tree fell on my house and damaged it,Torts/Individuals,Housing,Torts/Individuals,Land/Property,Housing,0.95,True,True,False,Property damage caused by another person's action (the neighbor's tree). This is a classic tort situation involving negligence or liability for damage to one's property.
sarvam,A,17,Someone is living on my land without asking and won't leave,Someone is living on my land without asking and won't leave,Land/Property,Housing,Land/Property,Torts/Individuals,Housing,0.95,True,True,False,"The situation involves someone occupying land without permission, which is a direct dispute over property rights and possession."
sarvam,A,18,Someone is selling their things using my name,Someone is selling their things using my name,IP/Identity,,IP/Identity,Torts/Individuals,Consumer/Money/Debt,0.95,True,True,False,"ಈ ಪರಿಸ್ಥಿತಿಯು ಒಬ್ಬ ವ್ಯಕ್ತಿಯ ಹೆಸರಿನಲ್ಲಿ ಇತರರು ತಮ್ಮ ವಸ್ತುಗಳನ್ನು ಮಾರಾಟ ಮಾಡುವುದನ್ನು ಒಳಗೊಂಡಿದೆ, ಇದು ನೇರವಾಗಿ ಅವರ ವೈಯಕ್ತಿಕ ಅಥವಾ ವ್ಯವಹಾರದ ಗುರುತಿನ ದುರುಪಯೋಗವಾಗಿದೆ. ಇದು IP/Identity ವರ್ಗದ ಪ್ರಮುಖ ಲಕ್ಷಣವಾಗಿದೆ."
sarvam,A,19,My old employer is stopping me from starting my own work,My old employer is stopping me from starting my own work,Work/Employment,,Work/Employment,Courts/Legal-System,Torts/Individuals,0.95,True,True,False,"The situation describes a former employer actively preventing the person from starting their own work, which is a direct employment-related dispute. The core issue is the employer's interference with the person's right to work independently."
sarvam,A,20,After my father passed away my family took the land that was meant to be given to me,After my father passed away my family took the land that was meant to be given to me,Estates/Wills,Land/Property,Estates/Wills,Land/Property,Housing,0.95,True,True,False,"ಈ ಪರಿಸ್ಥಿತಿಯು ಆಸ್ತಿಯ ಉತ್ತರಾಧಿಕಾರಕ್ಕೆ ಸಂಬಂಧಿಸಿದೆ. ಇಲ್ಲಿನ ಪ್ರಮುಖ ವಿಷಯವೆಂದರೆ, ಮೃತ ವ್ಯಕ್ತಿಯ ಪಾಲನ್ನು ಪಡೆಯಬೇಕಿದ್ದ ಆಸ್ತಿಯನ್ನು ಬೇರೆಯವರು (ಕುಟುಂಬದ ಸದಸ್ಯರು) ಅಕ್ರಮವಾಗಿ ವಶಪಡಿಸಿಕೊಂಡಿದ್ದಾರೆ. ಇದು ಆಸ್ತಿಯ ಉತ್ತರಾಧಿಕಾರಕ್ಕೆ ಸಂಬಂಧಿಸಿದ ವಿವಾದವಾಗಿದ್ದು, 'Estates/Wills' ವರ್ಗಕ್ಕೆ ಸರಿಯಾಗಿ ಹೊಂದಿಕೆಯಾಗುತ್ತದೆ."
sarvam,B,1,enna dhani kasn vapas kortijer.,My landlord did not give back my money,Housing,Consumer/Money/Debt,Consumer/Money/Debt,Housing,Courts/Legal-System,0.85,False,True,True,"The situation describes a failure to return something that was given, which is a form of debt or a breach of a financial agreement. The person is owed value (money or an item) that has not been returned, fitting the Consumer/Money/Debt category."
sarvam,B,2,enna dhani i tingolda sanbalan kortijer.,My employer did not pay me this month,Work/Employment,,Courts/Legal-System,Consumer/Money/Debt,Housing,0.85,False,False,False,"The person is facing a procedural or legal requirement they are unsure about, which aligns with confusion about legal processes or requirements."
sarvam,B,3,era enna belin hal maltd nanla sari maltijer.,Someone broke my fence and did not fix it,Torts/Individuals,,Courts/Legal-System,IP/Identity,Torts/Individuals,0.85,False,True,True,"The situation describes a fundamental communication barrier preventing the person from understanding or being understood, which is a core issue when interacting with any legal or administrative system. This aligns with the category's focus on confusion about legal procedures, documents, or jurisdiction."
sarvam,B,4,yan erega kas kori bokka akulu tappayer.,I gave someone money and they disappeared,Consumer/Money/Debt,,Torts/Individuals,Courts/Legal-System,Land/Property,0.75,False,False,False,"The phrase 'tappayer' (someone who does wrong/offense) suggests a personal wrong or injury caused by another person, which is the core of the Torts/Individuals category."
sarvam,B,5,enna baritakulu enna jagan detter.,My neighbor took my land,Land/Property,,Courts/Legal-System,Housing,Consumer/Money/Debt,0.85,False,False,False,"The situation describes a language barrier preventing participation in a legal process, which is a core issue within the Courts/Legal-System category. The person cannot understand or be understood, hindering their ability to engage with the legal system."
sarvam,B,6,era enk badutu aki bokka enna kai bene avondundu.,After someone hit me with a stick my hand hurts,Torts/Individuals,,Land/Property,Torts/Individuals,Courts/Legal-System,0.90,False,True,True,"The situation describes someone occupying the person's land without permission and refusing to leave, which is a classic land/property dispute involving boundary issues and unlawful possession."
sarvam,B,7,enna dhani karana korande yan kelasa budodu pand pander.,My boss told me to leave without any reason,Work/Employment,,Work/Employment,Torts/Individuals,Courts/Legal-System,0.85,True,True,False,"The situation describes being prevented from starting one's own business, which is a form of wrongful dismissal or interference with the right to work, a core issue in employment law."
sarvam,B,8,yan sala kori bokka enk kas vapas korondijjer.,The person I lent money to is not returning it,Consumer/Money/Debt,,Consumer/Money/Debt,Torts/Individuals,Housing,0.85,True,True,False,"The situation describes money that was presumably held or owed by another person not being returned. This is a classic example of a financial obligation or a transaction that has not been completed, fitting the 'money owed but not paid' or 'contract breaches involving payment' description of this category."
sarvam,B,9,enna oppige ijjande ero enna illda ulayi batter.,Someone came into my house without my permission,Housing,,Consumer/Money/Debt,Torts/Individuals,Work/Employment,0.75,False,False,False,"The situation describes a failure to fulfill an agreement or obligation, which is a core issue in consumer/money/debt disputes. The person is likely seeking a resolution for the other party's non-performance."
sarvam,B,10,akaleg enkulu nirnaya maltina aidd jasti kas kenonduler.,They want more money than what we decided,Consumer/Money/Debt,,Estates/Wills,Land/Property,Courts/Legal-System,0.40,False,False,False,"The phrase 'niryā maltina' could be interpreted as 'making a decision' or 'giving a verdict', and 'aidd jasti kas kenonduler' might relate to a dispute or claim over inheritance or property. This category is a possibility if the decision pertains to a will or inheritance."
sarvam,B,11,akulu enkulu nirnaya maltina samayadda dunbe oppandan mugipayer.,They ended our agreement before the time we decided,Consumer/Money/Debt,Courts/Legal-System,Courts/Legal-System,Torts/Individuals,Housing,0.40,False,True,True,"The situation describes a dispute or conflict, which could be a legal issue. However, without more context, it's hard to determine if it's a legal dispute or a personal conflict."
sarvam,B,12,"yan daskat padye, matra kakajid dada baretnd pand gottiji.",I signed a paper but did not understand what it said,Courts/Legal-System,Consumer/Money/Debt,Courts/Legal-System,Consumer/Money/Debt,Torts/Individuals,0.75,True,True,False,"The person is refusing to comply with what appears to be a legal or court-ordered demand, which suggests a dispute over legal obligations or court proceedings."
sarvam,B,13,yan kakajid daskat padi bokka enkulu tirpu maltina vishayan akulu malpere kenondijer.,After I signed the paper they did not do what they agreed to,Consumer/Money/Debt,,PARSE_FAILURE_NO_ANSWER,PARSE_FAILURE_NO_ANSWER,PARSE_FAILURE_NO_ANSWER,0.00,False,False,False,parse error
sarvam,B,14,enk vovu nyayalayag podu pand gottiji.,I don't know which court I should go to,Courts/Legal-System,,Courts/Legal-System,Housing,Work/Employment,0.85,True,True,False,"The person's situation involves confusion about legal procedures or jurisdiction, which directly relates to navigating the legal system. This is distinct from specific dispute types like housing or work."
sarvam,B,15,enadda sala detondina jana bete jagad uller.,The person who owes me money is in a different place,Courts/Legal-System,Consumer/Money/Debt,Torts/Individuals,Housing,Courts/Legal-System,0.85,False,True,True,"The situation describes someone entering a house without permission, which is a personal injury or property damage caused by another person's action. This falls under the Torts/Individuals category as it involves harm or intrusion by an individual."
sarvam,B,16,enna baritaklena mara enna illda mitt burda enna illan hal maltnd.,My neighbor's tree fell on my house and damaged it,Torts/Individuals,Housing,Consumer/Money/Debt,Housing,Land/Property,0.60,False,True,True,"The situation involves a dispute over the return of a personal item that was in the person's possession. While not a monetary debt, it is a dispute over property that was held by another party, which aligns with the general theme of recovering something that is owed or held by someone else."
sarvam,B,17,"ero enna oppige ijjande enna jagad kulondu, itte budda popujer.",Someone is living on my land without asking and won't leave,Land/Property,Housing,Land/Property,Courts/Legal-System,Torts/Individuals,0.90,True,True,False,"The situation describes someone occupying land without permission and refusing to leave, which is a classic land/property dispute involving possession and boundaries."
sarvam,B,18,ero aklena samann enna pudarda maronduler.,Someone is selling their things using my name,IP/Identity,,Torts/Individuals,Courts/Legal-System,Housing,0.75,False,False,False,"The situation describes a dispute or accusation between individuals, which falls under Torts/Individuals. The person is responding to an accusation by stating that the accuser is the one who did something wrong."
sarvam,B,19,enna paratta dhani enna svanta vyaparan suru malpere budondijer.,My old employer is stopping me from starting my own work,Work/Employment,,Work/Employment,Torts/Individuals,Courts/Legal-System,0.75,True,True,False,"The situation involves interference with a business or commercial activity, which aligns with Work/Employment category. The person appears to be facing issues related to their enterprise or business operations."
sarvam,B,20,enna popa tir poyi bokka enk barpina jagan enna kutunbadakulu detonyer.,After my father passed away my family took the land that was meant to be given to me,Estates/Wills,Land/Property,Land/Property,Torts/Individuals,Courts/Legal-System,0.90,False,True,True,"The situation describes someone occupying the person's land without permission and refusing to leave, which is a classic land/property dispute."
sarvam,C_sparse,1,enna dhani kasn vapas kortijer.,My landlord did not give back my money,Housing,Consumer/Money/Debt,Consumer/Money/Debt,Housing,Courts/Legal-System,0.85,False,True,True,"The person has paid money and is requesting its return, which is a direct financial transaction issue. This falls under the category of money owed or returned, a core aspect of Consumer/Money/Debt."
sarvam,C_sparse,2,enna dhani i tingolda sanbalan kortijer.,My employer did not pay me this month,Work/Employment,,Courts/Legal-System,Consumer/Money/Debt,Housing,0.85,False,False,False,"The phrase 'sanbalan kortijer' suggests a legal claim or action, and the context implies a procedural or legal dispute, fitting the Courts/Legal-System category."
sarvam,C_sparse,3,era enna belin hal maltd nanla sari maltijer.,Someone broke my fence and did not fix it,Torts/Individuals,,Consumer/Money/Debt,Housing,Torts/Individuals,0.85,False,True,True,"The situation describes a person giving something (money or property) to someone, but that person has not returned it. This is a classic example of a debt or money owed situation, where the person is seeking the return of what was given."
sarvam,C_sparse,4,yan erega kas kori bokka akulu tappayer.,I gave someone money and they disappeared,Consumer/Money/Debt,,Torts/Individuals,Consumer/Money/Debt,Work/Employment,0.75,False,True,True,"The situation describes harm or a negative outcome (incorrect work) caused by another person's action. This aligns with the Torts/Individuals category, which covers property damage or negative outcomes caused by another person's negligence or mistake."
sarvam,C_sparse,5,enna baritakulu enna jagan detter.,My neighbor took my land,Land/Property,,Consumer/Money/Debt,Courts/Legal-System,Housing,0.60,False,False,False,"The phrase 'detter' (likely meaning 'debt' or 'due') and the context of not receiving something from another person suggests a financial obligation or a dispute over payment, which falls under Consumer/Money/Debt."
sarvam,C_sparse,6,era enk badutu aki bokka enna kai bene avondundu.,After someone hit me with a stick my hand hurts,Torts/Individuals,,Torts/Individuals,Housing,Courts/Legal-System,0.65,True,True,False,"The situation describes a loss of property, which can be seen as a harm or damage caused by an unknown party or circumstance. It is not a Housing issue as there is no landlord-tenant relationship. It is not a Consumer/Money/Debt issue because no money was owed or paid."
sarvam,C_sparse,7,enna dhani karana korande yan kelasa budodu pand pander.,My boss told me to leave without any reason,Work/Employment,,Work/Employment,Courts/Legal-System,Consumer/Money/Debt,0.85,True,True,False,"The situation describes a work or business arrangement being terminated without a valid reason, which aligns with the Work/Employment category, specifically 'wrongful dismissal without reason' or 'employer stopping you from starting your own business'."
sarvam,C_sparse,8,yan sala kori bokka enk kas vapas korondijjer.,The person I lent money to is not returning it,Consumer/Money/Debt,,Consumer/Money/Debt,Housing,Torts/Individuals,0.75,True,True,False,"The situation involves the non-return of something given, which is a form of debt or financial obligation. It is similar to a landlord not returning a deposit or a person not returning a borrowed item, which are common consumer/money issues."
sarvam,C_sparse,9,enna oppige ijjande ero enna illda ulayi batter.,Someone came into my house without my permission,Housing,,Consumer/Money/Debt,Work/Employment,Courts/Legal-System,0.75,False,False,False,"The situation describes a broken agreement or unfulfilled promise ('oppige' - agreement, 'enna illda ulayi batter' - not fulfilled). This is a common consumer/money/debt issue where one party fails to deliver on what was agreed upon, potentially involving money or services."
sarvam,C_sparse,10,akaleg enkulu nirnaya maltina aidd jasti kas kenonduler.,They want more money than what we decided,Consumer/Money/Debt,,Courts/Legal-System,Land/Property,Consumer/Money/Debt,0.75,False,True,True,"The situation describes a person facing a problem (kas) related to a decision (nirnaya) they made, which they must endure (kenonduler). This suggests a dispute or legal issue where a decision has led to a negative outcome, fitting the Courts/Legal-System category."
sarvam,C_sparse,11,akulu enkulu nirnaya maltina samayadda dunbe oppandan mugipayer.,They ended our agreement before the time we decided,Consumer/Money/Debt,Courts/Legal-System,Courts/Legal-System,Torts/Individuals,Housing,0.85,False,True,True,"The situation describes a dispute over a legal decision or judgment, which falls under the Courts/Legal-System category. The person is expressing disagreement with a decision made by someone named 'akulu enkulu' at a specific time."
sarvam,C_sparse,12,"yan daskat padye, matra kakajid dada baretnd pand gottiji.",I signed a paper but did not understand what it said,Courts/Legal-System,Consumer/Money/Debt,Courts/Legal-System,Consumer/Money/Debt,Torts/Individuals,0.85,True,True,False,"The person is confused about which court to go to and how to respond to a legal accusation, which directly relates to the legal system and procedural aspects of law."
sarvam,C_sparse,13,yan kakajid daskat padi bokka enkulu tirpu maltina vishayan akulu malpere kenondijer.,After I signed the paper they did not do what they agreed to,Consumer/Money/Debt,,Land/Property,Courts/Legal-System,Torts/Individuals,0.85,False,False,False,"Someone is occupying the person's land without permission and refusing to leave, which is a direct property dispute."
sarvam,C_sparse,14,enk vovu nyayalayag podu pand gottiji.,I don't know which court I should go to,Courts/Legal-System,,Courts/Legal-System,Housing,Work/Employment,0.90,True,True,False,"The person is explicitly confused about which court to go to, which is a core issue within the Courts/Legal-System category. This is a procedural question about jurisdiction, not a dispute over the merits of a case like housing or debt."
sarvam,C_sparse,15,enadda sala detondina jana bete jagad uller.,The person who owes me money is in a different place,Courts/Legal-System,Consumer/Money/Debt,Land/Property,Housing,Torts/Individuals,0.85,False,False,False,"Someone is occupying land without permission, which directly relates to land disputes and property rights."
sarvam,C_sparse,16,enna baritaklena mara enna illda mitt burda enna illan hal maltnd.,My neighbor's tree fell on my house and damaged it,Torts/Individuals,Housing,Consumer/Money/Debt,Courts/Legal-System,Torts/Individuals,0.75,False,True,True,"The situation describes a dispute over money or a transaction, which is the core of this category. The person feels the other party is being dishonest about the matter."
sarvam,C_sparse,17,"ero enna oppige ijjande enna jagad kulondu, itte budda popujer.",Someone is living on my land without asking and won't leave,Land/Property,Housing,Torts/Individuals,Consumer/Money/Debt,Courts/Legal-System,0.75,False,False,False,"The situation describes a broken promise or agreement between individuals, leading to a problem or trouble. This interpersonal conflict and the resulting dispute between people is best categorized under Torts/Individuals, which covers issues arising from the actions or inactions of individuals against each other."
sarvam,C_sparse,18,ero aklena samann enna pudarda maronduler.,Someone is selling their things using my name,IP/Identity,,Consumer/Money/Debt,Housing,Torts/Individuals,0.85,False,False,False,"The situation involves money not being returned, which is a financial obligation or debt."
sarvam,C_sparse,19,enna paratta dhani enna svanta vyaparan suru malpere budondijer.,My old employer is stopping me from starting my own work,Work/Employment,,Courts/Legal-System,IP/Identity,Torts/Individuals,0.85,False,False,False,"The situation describes a legal challenge or dispute, which directly relates to the process of seeking legal resolution. It is not about housing, as there is no mention of a landlord or tenant. It is also not about consumer/money/debt, as the focus is on a legal challenge rather than a simple financial disagreement."
sarvam,C_sparse,20,enna popa tir poyi bokka enk barpina jagan enna kutunbadakulu detonyer.,After my father passed away my family took the land that was meant to be given to me,Estates/Wills,Land/Property,Consumer/Money/Debt,Torts/Individuals,Courts/Legal-System,0.85,False,False,False,"The situation involves someone taking or misusing the person's money ('enk barpina'), which is a core issue in the Consumer/Money/Debt category. The person is facing a negative consequence ('bokka') related to their money, which fits the description of a money owed or taken situation."
sarvam,C_full,1,enna dhani kasn vapas kortijer.,My landlord did not give back my money,Housing,Consumer/Money/Debt,Consumer/Money/Debt,Housing,Courts/Legal-System,0.85,False,True,True,"The situation involves a request to return money (kas) paid to a landlord (dhani), which is a financial transaction. This aligns with the Consumer/Money/Debt category, which covers money owed, loans, and contract breaches involving payment."
sarvam,C_full,2,enna dhani i tingolda sanbalan kortijer.,My employer did not pay me this month,Work/Employment,,Housing,Consumer/Money/Debt,Courts/Legal-System,0.85,False,False,False,"The situation involves a dispute between a dhani (landlord/owner) and a tingolda (tenant/renter), which is a classic landlord-tenant conflict. The vocabulary clearly indicates this is about rental property issues."
sarvam,C_full,3,era enna belin hal maltd nanla sari maltijer.,Someone broke my fence and did not fix it,Torts/Individuals,,Torts/Individuals,Land/Property,Housing,0.85,True,True,False,"The situation involves property damage or harm caused by another person, which aligns with the Torts/Individuals category. The vocabulary guide suggests words like 'belin' (property) and 'maltd' (damage), indicating a tortious act."
sarvam,C_full,4,yan erega kas kori bokka akulu tappayer.,I gave someone money and they disappeared,Consumer/Money/Debt,,Consumer/Money/Debt,Torts/Individuals,Work/Employment,0.85,True,True,False,"The situation describes a failure to pay for work done ('kas kori' - doing work, 'tappayer' - not paying). This is a classic debt or payment dispute, which falls under the Consumer/Money/Debt category."
sarvam,C_full,5,enna baritakulu enna jagan detter.,My neighbor took my land,Land/Property,,Courts/Legal-System,Consumer/Money/Debt,Housing,0.85,False,False,False,"The person is asking for guidance on a process or requirement, which is a common issue in the legal system. The phrase 'enna baritakulu enna jagan detter' suggests confusion about what to do or what is happening, fitting the category of confusion about legal procedures."
sarvam,C_full,6,era enk badutu aki bokka enna kai bene avondundu.,After someone hit me with a stick my hand hurts,Torts/Individuals,,Consumer/Money/Debt,Housing,Torts/Individuals,0.75,False,True,True,"The situation describes a failure to return something that was given, which is a form of debt or a breach of an agreement. The person is owed an item, and the other party has not returned it, creating a financial or property obligation."
sarvam,C_full,7,enna dhani karana korande yan kelasa budodu pand pander.,My boss told me to leave without any reason,Work/Employment,,Work/Employment,Consumer/Money/Debt,Courts/Legal-System,0.90,True,True,False,"The situation explicitly mentions non-payment from an employer (dhani) for work done (kelasa), which is a classic example of a wage payment dispute. This directly falls under the Work/Employment category."
sarvam,C_full,8,yan sala kori bokka enk kas vapas korondijjer.,The person I lent money to is not returning it,Consumer/Money/Debt,,Consumer/Money/Debt,Housing,Courts/Legal-System,0.95,True,True,False,"The person is describing a situation where money was given to someone but not returned, which is a classic example of a debt or financial obligation that has not been fulfilled. This aligns directly with the Consumer/Money/Debt category."
sarvam,C_full,9,enna oppige ijjande ero enna illda ulayi batter.,Someone came into my house without my permission,Housing,,Torts/Individuals,Consumer/Money/Debt,Courts/Legal-System,0.75,False,False,False,"The situation involves another person not respecting the person's permission, which can be seen as a form of harm or breach of a personal agreement, fitting the Torts/Individuals category."
sarvam,C_full,10,akaleg enkulu nirnaya maltina aidd jasti kas kenonduler.,They want more money than what we decided,Consumer/Money/Debt,,Consumer/Money/Debt,Housing,Land/Property,0.85,True,True,False,"The situation describes a financial disagreement where more money was taken than was agreed upon, which is a classic consumer/money/debt issue involving a breach of a financial agreement."
sarvam,C_full,11,akulu enkulu nirnaya maltina samayadda dunbe oppandan mugipayer.,They ended our agreement before the time we decided,Consumer/Money/Debt,Courts/Legal-System,Consumer/Money/Debt,Housing,Work/Employment,0.90,True,True,False,"The situation describes a loan or money given that has not been returned, which is a clear debt dispute. The vocabulary guide includes 'sala=loan/debt' and 'malpuni=to do/make', which can be interpreted in the context of giving money. The core problem is the non-repayment of a financial obligation."
sarvam,C_full,12,"yan daskat padye, matra kakajid dada baretnd pand gottiji.",I signed a paper but did not understand what it said,Courts/Legal-System,Consumer/Money/Debt,Courts/Legal-System,Consumer/Money/Debt,IP/Identity,0.85,True,True,False,"The person signed a document (daskat) but did not understand what it said (kakajid), indicating confusion about legal terms and agreements. This directly relates to misunderstanding legal documents, which falls under Courts/Legal-System."
sarvam,C_full,13,yan kakajid daskat padi bokka enkulu tirpu maltina vishayan akulu malpere kenondijer.,After I signed the paper they did not do what they agreed to,Consumer/Money/Debt,,Courts/Legal-System,Torts/Individuals,Land/Property,0.85,False,False,False,"The situation describes confusion about a legal document or statement, which aligns with the category's examples of not understanding what one has signed or what to do in a legal matter."
sarvam,C_full,14,enk vovu nyayalayag podu pand gottiji.,I don't know which court I should go to,Courts/Legal-System,,Courts/Legal-System,Housing,Work/Employment,0.85,True,True,False,"The person is confused about which court to go to, which is a procedural legal issue related to jurisdiction and filing procedures."
sarvam,C_full,15,enadda sala detondina jana bete jagad uller.,The person who owes me money is in a different place,Courts/Legal-System,Consumer/Money/Debt,Consumer/Money/Debt,Courts/Legal-System,Torts/Individuals,0.85,False,True,True,"The situation involves a financial obligation (money owed) that was not fulfilled, which is the core of a debt or loan issue. It is not a Housing issue because there is no landlord-tenant relationship. It is not a Work/Employment issue because the problem is not about wages or employment termination, but about a financial transaction."
sarvam,C_full,16,enna baritaklena mara enna illda mitt burda enna illan hal maltnd.,My neighbor's tree fell on my house and damaged it,Torts/Individuals,Housing,Consumer/Money/Debt,Land/Property,Housing,0.75,False,True,True,"The phrase suggests something of value (money or property) is missing or not in the person's possession, which aligns with a debt or financial dispute where money is owed or property is not returned."
sarvam,C_full,17,"ero enna oppige ijjande enna jagad kulondu, itte budda popujer.",Someone is living on my land without asking and won't leave,Land/Property,Housing,Courts/Legal-System,Torts/Individuals,Housing,0.75,False,True,True,"The situation involves giving permission ('oppige') and then something happening ('budda popujer') that may not have been authorized, suggesting a procedural or permission-based legal issue."
sarvam,C_full,18,ero aklena samann enna pudarda maronduler.,Someone is selling their things using my name,IP/Identity,,Consumer/Money/Debt,Housing,Torts/Individuals,0.75,False,False,False,"The situation involves an obligation to return something, which is a form of debt or financial obligation. The person is being asked to give back money or an item, which falls under consumer/money/debt issues."
sarvam,C_full,19,enna paratta dhani enna svanta vyaparan suru malpere budondijer.,My old employer is stopping me from starting my own work,Work/Employment,,Work/Employment,Land/Property,Courts/Legal-System,0.75,True,True,False,"The person is trying to start their own business (vyaparan) but is being stopped by someone, which relates to starting work or business activities."
sarvam,C_full,20,enna popa tir poyi bokka enk barpina jagan enna kutunbadakulu detonyer.,After my father passed away my family took the land that was meant to be given to me,Estates/Wills,Land/Property,Courts/Legal-System,Torts/Individuals,Housing,0.75,False,False,False,"The situation describes a person's action (going somewhere) and a subsequent problem or event, which relates to understanding legal procedures and actions. This aligns with the Courts/Legal-System category."
sarvam,D_sparse,1,ಎನ್ನ ಧನಿ ಕಾಸ್ನ್ ವಾಪಸ್ ಕೊರ್ತಿಜೇರ್.,My landlord did not give back my money,Housing,Consumer/Money/Debt,Consumer/Money/Debt,Housing,Courts/Legal-System,0.95,False,True,True,"The person is stating they are not getting back their money, which is a dispute about money owed but not paid. This directly maps to the Consumer/Money/Debt category."
sarvam,D_sparse,2,ಎನ್ನ ಧನಿ ಈ ತಿಂಗೋಲ್ದ ಸಂಬಳನ್ ಕೊರ್ತಿಜೇರ್.,My employer did not pay me this month,Work/Employment,,Work/Employment,Consumer/Money/Debt,Courts/Legal-System,0.95,True,True,False,"The situation describes a failure to receive payment for work, which is a classic wage dispute. This is the primary issue, falling under the Work/Employment category."
sarvam,D_sparse,3,ಏರಾ ಎನ್ನ ಬೇಲಿನ್ ಹಾಳ್ ಮಲ್ತ್ದ್ ನನ್ಲಾ ಸರಿ ಮಲ್ತಿಜೇರ್.,Someone broke my fence and did not fix it,Torts/Individuals,,Torts/Individuals,Land/Property,Housing,0.85,True,True,False,ಬೇಲಿಯು ವ್ಯಕ್ತಿಯ ಆಸ್ತಿಯ ಭಾಗವಾಗಿದೆ. ಬೇಲಿಯು ಹಾನಿಗೊಳಗಾಗಿ ಅದನ್ನು ಸರಿಪಡಿಸಲು ನಿರಾಕರಿಸುವುದು ವೈಯಕ್ತಿಕ ಆಸ್ತಿಯ ಹಾನಿಯಾಗಿದೆ.
sarvam,D_sparse,4,ಯಾನ್ ಏರೇಗಾ ಕಾಸ್ ಕೊರಿ ಬೊಕ್ಕ ಅಕುಲು ತಪ್ಪಾಯೇರ್.,I gave someone money and they disappeared,Consumer/Money/Debt,,Courts/Legal-System,Torts/Individuals,Housing,0.75,False,False,False,"The phrase 'ಬೊಕ್ಕ ಅಕುಲು ತಪ್ಪಾಯೇರ್' suggests a complaint or dispute, which aligns with the Courts/Legal-System category. The person is describing a situation involving a formal complaint or legal issue."
sarvam,D_sparse,5,ಎನ್ನ ಬರೀತಕುಲು ಎನ್ನ ಜಾಗನ್ ದೆತ್ತೇರ್.,My neighbor took my land,Land/Property,,Land/Property,Torts/Individuals,Courts/Legal-System,0.90,True,True,False,"The situation describes someone taking the person's land, which is a direct dispute over property ownership and possession."
sarvam,D_sparse,6,ಏರಾ ಎಂಕ್ ಬಡುಟು ಆಕಿ ಬೊಕ್ಕ ಎನ್ನ ಕೈ ಬೇನೆ ಆವೊಂದುಂಡು.,After someone hit me with a stick my hand hurts,Torts/Individuals,,Torts/Individuals,Housing,Work/Employment,0.85,True,True,False,ಈ ಪರಿಸ್ಥಿತಿಯು ಇನ್ನೊಬ್ಬ ವ್ಯಕ್ತಿಯ ಕ್ರಮದಿಂದ ಉಂಟಾದ ದೈಹಿಕ ಗಾಯವನ್ನು ವಿವರಿಸುತ್ತದೆ. ಇದು ವೈಯಕ್ತಿಕ ಗಾಯದ ಅಪರಾಧದ (tort) ಒಂದು ಶ್ರೇಷ್ಠ ಉದಾಹರಣೆಯಾಗಿದೆ.
sarvam,D_sparse,7,ಎನ್ನ ಧನಿ ಕಾರಣ ಕೊರಂದೆ ಯಾನ್ ಕೆಲಸ ಬುಡೊಡು ಪಂದ್ ಪಂಡೆರ್.,My boss told me to leave without any reason,Work/Employment,,Work/Employment,Consumer/Money/Debt,Courts/Legal-System,0.75,True,True,False,The situation explicitly mentions 'ಕೆಲಸ' (work) and the person's concern is tied to their employment status and financial situation related to it.
sarvam,D_sparse,8,ಯಾನ್ ಸಾಲ ಕೊರಿ ಬೊಕ್ಕ ಎಂಕ್ ಕಾಸ್ ವಾಪಾಸ್ ಕೊರೋಂದಿಜ್ಜೆರ್.,The person I lent money to is not returning it,Consumer/Money/Debt,,Consumer/Money/Debt,Torts/Individuals,Courts/Legal-System,0.95,True,True,False,"The situation describes a loan that was given and is now owed back, which is a classic example of a money owed but not paid, fitting the Consumer/Money/Debt category."
sarvam,D_sparse,9,ಎನ್ನ ಓಪ್ಪಿಗೆ ಇಜ್ಜಂದೆ ಏರೋ ಎನ್ನ ಇಲ್ಲ್ದ ಉಲಯಿ ಬತ್ತೇರ್.,Someone came into my house without my permission,Housing,,Land/Property,Torts/Individuals,Housing,0.85,False,True,True,"ಈ ಪರಿಸ್ಥಿತಿಯು ಅನಧಿಕೃತ ಪ್ರವೇಶ ಅಥವಾ ನಿಯಂತ್ರಣವನ್ನು ಒಳಗೊಂಡಿದೆ, ಇದು ಭೂಮಿ/ಆಸ್ತಿ ವರ್ಗದ ಪ್ರಮುಖ ಲಕ್ಷಣವಾಗಿದೆ. ಇದು ಬಾಡಿಗೆದಾರ-ಭೂಮಾಲೀಕ ಅಥವಾ ಗುತ್ತಿಗೆದಾರ-ಭೂಮಾಲೀಕನ ಸಂಬಂಧಕ್ಕಿಂತ ಹೆಚ್ಚಾಗಿ, ಆಸ್ತಿಯ ಮೇಲಿನ ಭೌತಿಕ ಪ್ರವೇಶ ಮತ್ತು ನಿಯಂತ್ರಣದ ಬಗ್ಗೆ ಇದೆ."
sarvam,D_sparse,10,ಅಕಲೆಗ್ ಎಂಕುಲು ನಿರ್ಣಯ ಮಲ್ತಿನ ಐಡ್ದ್ ಜಾಸ್ತಿ ಕಾಸ್ ಕೇನೋಂದುಲೇರ್.,They want more money than what we decided,Consumer/Money/Debt,,Land/Property,Housing,Courts/Legal-System,0.85,False,False,False,"ಈ ಪರಿಸ್ಥಿತಿಯು ಆಸ್ತಿಯ ಗಡಿರೇಖೆಯ ವಿವಾದವನ್ನು ಒಳಗೊಂಡಿದೆ, ಇದು ಭೂಮಿ/ಆಸ್ತಿ ವರ್ಗದ ಪ್ರಮುಖ ಲಕ್ಷಣವಾಗಿದೆ. ಇದು ಬಾಡಿಗೆಗೆ ಸಂಬಂಧಿಸಿದ ಸಮಸ್ಯೆಯಲ್ಲ ಅಥವಾ ನ್ಯಾಯಾಲಯದ ಪ್ರಕ್ರಿಯೆಯ ಸಮಸ್ಯೆಯೂ ಅಲ್ಲ."
sarvam,D_sparse,11,ಅಕುಲು ಎಂಕುಲು ನಿರ್ಣಯ ಮಲ್ತಿನ ಸಮಯಡ್ದ ದುಂಬೇ ಓಪ್ಪಂದನ್ ಮುಗಿಪಾಯೇರ್.,They ended our agreement before the time we decided,Consumer/Money/Debt,Courts/Legal-System,Land/Property,Courts/Legal-System,Housing,0.85,False,True,True,"ಈ ಪರಿಸ್ಥಿತಿಯು ಆಸ್ತಿಯ ಗಡಿಗಳು ಅಥವಾ ಮಾಲೀಕತ್ವದ ಬಗ್ಗೆ ಇರುವ ವಿವಾದವನ್ನು ವಿವರಿಸುತ್ತದೆ. ಇದು ಭೂಮಿ/ಆಸ್ತಿ ವರ್ಗದ ಪ್ರಮುಖ ಲಕ್ಷಣವಾಗಿದೆ. ಇದು ನ್ಯಾಯಾಲಯ/ಕಾನೂನು-ವ್ಯವಸ್ಥೆಯ ಸಮಸ್ಯೆಗಳಿಗೂ ಸಂಬಂಧಿಸಿರಬಹುದು, ಆದರೆ ಇಲ್ಲಿನ ಪ್ರಮುಖ ವಿಷಯವು ಆಸ್ತಿಯ ಹಕ್ಕಿನ ಬಗ್ಗೆ ಇರುವುದರಿಂದ, ಭೂಮಿ/ಆಸ್ತಿ ವರ್ಗವೇ ಹೆಚ್ಚು ಸೂಕ್ತವಾಗಿದೆ."
sarvam,D_sparse,12,"ಯಾನ್ ದಸ್ಕತ್ ಪಾಡ್ಯೇ, ಮಾತ್ರ ಕಾಕಜಿಡ್ ದಾದಾ ಬರೆತ್ಂಡ್ ಪಂದ್ ಗೊತ್ತಿಜಿ.",I signed a paper but did not understand what it said,Courts/Legal-System,Consumer/Money/Debt,Land/Property,Torts/Individuals,Courts/Legal-System,0.85,False,True,True,"ಬೇರೆಯವರು ಅನುಮತಿಯಿಲ್ಲದೆ ಭೂಮಿಯ ಮೇಲೆ ಅತಿಕ್ರಮಣ ಮಾಡಿರುವುದು ಮತ್ತು ಅಲ್ಲಿಂದ ಹೊರಹೋಗಲು ನಿರಾಕರಿಸುತ್ತಿರುವುದು, ಇದು ಭೂಮಿ/ಆಸ್ತಿ ವರ್ಗದ ಅಡಿಯಲ್ಲಿ ಬರುವ ಗಡಿ ವಿವಾದ ಅಥವಾ ಅತಿಕ್ರಮಣದ ಸಮಸ್ಯೆಯಾಗಿದೆ."
sarvam,D_sparse,13,ಯಾನ್ ಕಾಕಜಿಡ್ ದಸ್ಕತ್ ಪಾಡಿ ಬೊಕ್ಕ ಎಂಕುಲು ತಿರ್ಪು ಮಲ್ತಿನ ವಿಷಯನ್ ಅಕುಲು ಮಲ್ಪೇರೆ ಕೇನೋಂದಿಜೇರ್.,After I signed the paper they did not do what they agreed to,Consumer/Money/Debt,,Land/Property,Torts/Individuals,Housing,0.85,False,False,False,"ಬೇರೆಯವರು ವ್ಯಕ್ತಿಯ ಆಸ್ತಿಯನ್ನು ವಶಪಡಿಸಿಕೊಂಡಿದ್ದಾರೆ ಅಥವಾ ಅದರ ಮೇಲೆ ನಿಯಂತ್ರಣ ಸಾಧಿಸುತ್ತಿದ್ದಾರೆ, ಇದು ಭೂಮಿ/ಆಸ್ತಿ ವರ್ಗದ ಪ್ರಮುಖ ಸಮಸ್ಯೆಯಾಗಿದೆ."
sarvam,D_sparse,14,ಎಂಕ್ ವೋವೂ ನ್ಯಾಯಾಲಯಗ್ ಪೋಡು ಪಂದ್ ಗೊತ್ತಿಜಿ.,I don't know which court I should go to,Courts/Legal-System,,Courts/Legal-System,Housing,Torts/Individuals,0.90,True,True,False,"The person explicitly states confusion about which court to go to, which directly aligns with the Courts/Legal-System category."
sarvam,D_sparse,15,ಎನಡ್ದ ಸಾಲ ದೆತೋಂದಿನ ಜನ ಬೇತೆ ಜಾಗಡ್ ಉಲ್ಲೇರ್.,The person who owes me money is in a different place,Courts/Legal-System,Consumer/Money/Debt,Consumer/Money/Debt,Courts/Legal-System,Work/Employment,0.85,False,True,True,"The situation describes a financial dispute involving a loan. The person is trying to resolve the issue with a debtor who is in a different location, which is a common scenario in debt recovery cases."
sarvam,D_sparse,16,ಎನ್ನ ಬರೀತಕ್ಲೇನ ಮರ ಎನ್ನ ಇಲ್ಲ್ದ ಮಿತ್ತ್ ಬೂರ್ದ ಎನ್ನ ಇಲ್ಲನ್ ಹಾಳ್ ಮಲ್ತ್ಂಡ್.,My neighbor's tree fell on my house and damaged it,Torts/Individuals,Housing,Land/Property,Courts/Legal-System,Housing,0.85,False,True,True,"ಈ ಪರಿಸ್ಥಿತಿಯು ಆಸ್ತಿಯ ಮೇಲೆ ಯಾರು ವಾಸಿಸುತ್ತಿದ್ದಾರೆ ಮತ್ತು ಯಾರು ಅದನ್ನು ನಿಯಂತ್ರಿಸುತ್ತಾರೆ ಎಂಬುದರ ಬಗ್ಗೆ ಇದೆ. ಇದು ಗಡಿ ವಿವಾದಗಳು, ಅನಧಿಕೃತ ಆಕ್ರಮಣ ಮತ್ತು ಆಸ್ತಿ ಹಕ್ಕುಗಳಿಗೆ ಸಂಬಂಧಿಸಿದ ಭೂಮಿ/ಆಸ್ತಿ ಸಮಸ್ಯೆಗಳ ಅಡಿಯಲ್ಲಿ ಬರುತ್ತದೆ."
sarvam,D_sparse,17,"ಏರೋ ಎನ್ನ ಓಪ್ಪಿಗೆ ಇಜ್ಜಂದೆ ಎನ್ನ ಜಾಗಡ್ ಕುಲೋಂದು, ಇತ್ತೇ ಬುಡ್ದ ಪೋಪುಜೇರ್.",Someone is living on my land without asking and won't leave,Land/Property,Housing,Land/Property,Torts/Individuals,Courts/Legal-System,0.85,True,True,False,ಈ ಪರಿಸ್ಥಿತಿಯು ಭೂಮಿಯ ಗಡಿ ಅಥವಾ ಆಸ್ತಿಯ ಮೇಲೆ ಬೇರೆಯವರು ಅತಿಕ್ರಮಣ ಮಾಡಿರುವುದನ್ನು ವಿವರಿಸುತ್ತದೆ. ಇದು ಭೂಮಿ/ಆಸ್ತಿ ವರ್ಗಕ್ಕೆ ಅತ್ಯಂತ ಸೂಕ್ತವಾಗಿದೆ.
sarvam,D_sparse,18,ಏರೋ ಅಕ್ಲೇನ ಸಾಮಾನ್ನ್ ಎನ್ನ ಪುದರ್ಡ ಮಾರೋಂದುಲೇರ್.,Someone is selling their things using my name,IP/Identity,,IP/Identity,Torts/Individuals,Housing,0.90,True,True,False,"The situation describes someone using the person's name without permission, which is a direct example of identity misuse as defined in the IP/Identity category."
sarvam,D_sparse,19,ಎನ್ನ ಪರಾತ್ತ ಧನಿ ಎನ್ನ ಸ್ವಂತ ವ್ಯಾಪಾರನ್ ಸುರು ಮಲ್ಪೆರೆ ಬುಡೋಂದಿಜೇರ್.,My old employer is stopping me from starting my own work,Work/Employment,,IP/Identity,Work/Employment,Courts/Legal-System,0.85,False,True,True,"The situation describes someone using the person's name or business without permission, which directly relates to the misuse of personal or business identity."
sarvam,D_sparse,20,ಎನ್ನ ಪೋಪ ತೀರ್ ಪೋಯಿ ಬೊಕ್ಕ ಎಂಕ್ ಬರ್ಪಿನ ಜಾಗನ್ ಎನ್ನ ಕುಟುಂಬದಕುಲು ದೇತೋಣ್ಯೇರ್.,After my father passed away my family took the land that was meant to be given to me,Estates/Wills,Land/Property,Estates/Wills,Land/Property,Courts/Legal-System,0.75,True,True,False,"The situation involves concerns about inheritance and property distribution after death, which aligns with estate/will disputes. The person is worried about family members taking land that was meant for them."
sarvam,D_full,1,ಎನ್ನ ಧನಿ ಕಾಸ್ನ್ ವಾಪಸ್ ಕೊರ್ತಿಜೇರ್.,My landlord did not give back my money,Housing,Consumer/Money/Debt,Consumer/Money/Debt,Housing,Courts/Legal-System,0.90,False,True,True,"The situation describes money not being returned, which is a direct financial dispute. This aligns with the Consumer/Money/Debt category, as it involves a monetary obligation that is not being fulfilled."
sarvam,D_full,2,ಎನ್ನ ಧನಿ ಈ ತಿಂಗೋಲ್ದ ಸಂಬಳನ್ ಕೊರ್ತಿಜೇರ್.,My employer did not pay me this month,Work/Employment,,Work/Employment,Consumer/Money/Debt,Courts/Legal-System,0.95,True,True,False,"The situation describes a failure to receive payment from an employer for work done, which is a wage dispute. This is a core issue within the Work/Employment category, as it involves the employer-employee relationship and non-payment of wages."
sarvam,D_full,3,ಏರಾ ಎನ್ನ ಬೇಲಿನ್ ಹಾಳ್ ಮಲ್ತ್ದ್ ನನ್ಲಾ ಸರಿ ಮಲ್ತಿಜೇರ್.,Someone broke my fence and did not fix it,Torts/Individuals,,Land/Property,Torts/Individuals,Courts/Legal-System,0.85,False,True,True,"The person is describing a situation where someone is occupying their land without permission and refusing to leave, which is a classic land/property dispute."
sarvam,D_full,4,ಯಾನ್ ಏರೇಗಾ ಕಾಸ್ ಕೊರಿ ಬೊಕ್ಕ ಅಕುಲು ತಪ್ಪಾಯೇರ್.,I gave someone money and they disappeared,Consumer/Money/Debt,,Consumer/Money/Debt,Housing,Work/Employment,0.95,True,True,False,"The situation describes a dispute over money that was given or lent and not returned, which is a classic example of a debt or financial obligation issue."
sarvam,D_full,5,ಎನ್ನ ಬರೀತಕುಲು ಎನ್ನ ಜಾಗನ್ ದೆತ್ತೇರ್.,My neighbor took my land,Land/Property,,Land/Property,Housing,Courts/Legal-System,0.85,True,True,False,"The situation describes a property or dwelling being given to someone else, which directly relates to land or property ownership and transfer."
sarvam,D_full,6,ಏರಾ ಎಂಕ್ ಬಡುಟು ಆಕಿ ಬೊಕ್ಕ ಎನ್ನ ಕೈ ಬೇನೆ ಆವೊಂದುಂಡು.,After someone hit me with a stick my hand hurts,Torts/Individuals,,Torts/Individuals,Work/Employment,Housing,0.85,True,True,False,ಈ ಪರಿಸ್ಥಿತಿಯು ಇನ್ನೊಬ್ಬ ವ್ಯಕ್ತಿಯ ಕ್ರಮದಿಂದ (ಬಡುಟು ಆಕಿ) ಉಂಟಾದ ವೈಯಕ್ತಿಕ ಗಾಯವನ್ನು ವಿವರಿಸುತ್ತದೆ. ಇದು ಇನ್ನೊಬ್ಬ ವ್ಯಕ್ತಿಯಿಂದ ಉಂಟಾದ ದೈಹಿಕ ಹಾನಿಯ ಬಗ್ಗೆ ವ್ಯವಹರಿಸುವ ಟಾರ್ಟ್ ಕಾನೂನಿನ (tort law) ಒಂದು ಶ್ರೇಷ್ಠ ಉದಾಹರಣೆಯಾಗಿದೆ.
sarvam,D_full,7,ಎನ್ನ ಧನಿ ಕಾರಣ ಕೊರಂದೆ ಯಾನ್ ಕೆಲಸ ಬುಡೊಡು ಪಂದ್ ಪಂಡೆರ್.,My boss told me to leave without any reason,Work/Employment,,Work/Employment,Consumer/Money/Debt,Courts/Legal-System,0.85,True,True,False,"The person is concerned that their employer is not paying them for their work, which is a direct issue of wages not being paid."
sarvam,D_full,8,ಯಾನ್ ಸಾಲ ಕೊರಿ ಬೊಕ್ಕ ಎಂಕ್ ಕಾಸ್ ವಾಪಾಸ್ ಕೊರೋಂದಿಜ್ಜೆರ್.,The person I lent money to is not returning it,Consumer/Money/Debt,,Consumer/Money/Debt,Courts/Legal-System,Torts/Individuals,0.95,True,True,False,"The situation describes a loan agreement where money was given and the person is now demanding its return. This is a classic example of a debt or financial obligation, which falls under the Consumer/Money/Debt category."
sarvam,D_full,9,ಎನ್ನ ಓಪ್ಪಿಗೆ ಇಜ್ಜಂದೆ ಏರೋ ಎನ್ನ ಇಲ್ಲ್ದ ಉಲಯಿ ಬತ್ತೇರ್.,Someone came into my house without my permission,Housing,,Housing,Courts/Legal-System,Torts/Individuals,0.85,True,True,False,"The person is stating they do not have permission to enter their own house, which is a direct issue related to their dwelling and access to their home."
sarvam,D_full,10,ಅಕಲೆಗ್ ಎಂಕುಲು ನಿರ್ಣಯ ಮಲ್ತಿನ ಐಡ್ದ್ ಜಾಸ್ತಿ ಕಾಸ್ ಕೇನೋಂದುಲೇರ್.,They want more money than what we decided,Consumer/Money/Debt,,Land/Property,Housing,Courts/Legal-System,0.85,False,False,False,"ಈ ಪರಿಸ್ಥಿತಿಯು ಆಸ್ತಿಯ ಮೇಲಿನ ನಿಯಂತ್ರಣ ಮತ್ತು ಮಾಲೀಕತ್ವದ ವಿವಾದವನ್ನು ಸೂಚಿಸುತ್ತದೆ, ಇದು ಭೂಮಿ/ಆಸ್ತಿ ವರ್ಗದ ಪ್ರಮುಖ ಲಕ್ಷಣವಾಗಿದೆ. ಇದು ಬಾಡಿಗೆಗೆ ಸಂಬಂಧಿಸಿದ್ದಲ್ಲ (ಹಾಗಾಗಿ ಮನೆ/ವಸತಿ ವರ್ಗವನ್ನು ಹೊರಗಿಡಲಾಗಿದೆ) ಮತ್ತು ಇದು ಕಾನೂನು ಪ್ರಕ್ರಿಯೆಯ ಸಮಸ್ಯೆಯಲ್ಲ (ಹಾಗಾಗಿ ನ್ಯಾಯಾಲಯ/ಕಾನೂನು-ವ್ಯವಸ್ಥೆ ವರ್ಗವನ್ನು ಹೊರಗಿಡಲಾಗಿದೆ)."
sarvam,D_full,11,ಅಕುಲು ಎಂಕುಲು ನಿರ್ಣಯ ಮಲ್ತಿನ ಸಮಯಡ್ದ ದುಂಬೇ ಓಪ್ಪಂದನ್ ಮುಗಿಪಾಯೇರ್.,They ended our agreement before the time we decided,Consumer/Money/Debt,Courts/Legal-System,Land/Property,Courts/Legal-System,Estates/Wills,0.85,False,True,True,ಈ ಪರಿಸ್ಥಿತಿಯು ಆಸ್ತಿಯ ಹಕ್ಕುಗಳು ಅಥವಾ ನಿಯಂತ್ರಣಕ್ಕೆ ಸಂಬಂಧಿಸಿದ ಒಪ್ಪಂದದ ವಿವಾದವನ್ನು ಒಳಗೊಂಡಿದೆ. ಇದು ಭೂಮಾಲೀಕ-ಬಾಡಿಗೆದಾರರ ಸಂಬಂಧಕ್ಕಿಂತ ಹೆಚ್ಚಾಗಿ ಆಸ್ತಿ ಮತ್ತು ಒಪ್ಪಂದದ ವಿವಾದವಾಗಿದೆ.
sarvam,D_full,12,"ಯಾನ್ ದಸ್ಕತ್ ಪಾಡ್ಯೇ, ಮಾತ್ರ ಕಾಕಜಿಡ್ ದಾದಾ ಬರೆತ್ಂಡ್ ಪಂದ್ ಗೊತ್ತಿಜಿ.",I signed a paper but did not understand what it said,Courts/Legal-System,Consumer/Money/Debt,Courts/Legal-System,IP/Identity,Consumer/Money/Debt,0.85,True,True,False,"The situation describes signing a document without understanding its contents, which is a procedural and comprehension issue related to the legal system. This aligns with the category of confusion about legal documents and procedures."
sarvam,D_full,13,ಯಾನ್ ಕಾಕಜಿಡ್ ದಸ್ಕತ್ ಪಾಡಿ ಬೊಕ್ಕ ಎಂಕುಲು ತಿರ್ಪು ಮಲ್ತಿನ ವಿಷಯನ್ ಅಕುಲು ಮಲ್ಪೇರೆ ಕೇನೋಂದಿಜೇರ್.,After I signed the paper they did not do what they agreed to,Consumer/Money/Debt,,Courts/Legal-System,Consumer/Money/Debt,IP/Identity,0.85,False,True,True,"ವ್ಯಕ್ತಿಯು ತಾನು ಅರ್ಥಮಾಡಿಕೊಳ್ಳದ ಒಂದು ದಾಖಲೆಗೆ ಸಹಿ ಹಾಕಿದ್ದಾನೆ, ಇದು ಕಾನೂನು ಪ್ರಕ್ರಿಯೆಗಳು ಮತ್ತು ದಾಖಲೆಗಳ ಬಗ್ಗೆ ಇರುವ ಗೊಂದಲವನ್ನು ಸೂಚಿಸುತ್ತದೆ. ಇದು ಕಾನೂನು ವ್ಯವಸ್ಥೆಯೊಂದಿಗಿನ ಸಂವಹನದ ಬಗ್ಗೆ ಇರುವ ಮೂಲಭೂತ ಸಮಸ್ಯೆಯಾಗಿದೆ."
sarvam,D_full,14,ಎಂಕ್ ವೋವೂ ನ್ಯಾಯಾಲಯಗ್ ಪೋಡು ಪಂದ್ ಗೊತ್ತಿಜಿ.,I don't know which court I should go to,Courts/Legal-System,,Courts/Legal-System,Housing,Torts/Individuals,0.90,True,True,False,"The person explicitly states they don't know which court to go to, which is a direct match for the Courts/Legal-System category."
sarvam,D_full,15,ಎನಡ್ದ ಸಾಲ ದೆತೋಂದಿನ ಜನ ಬೇತೆ ಜಾಗಡ್ ಉಲ್ಲೇರ್.,The person who owes me money is in a different place,Courts/Legal-System,Consumer/Money/Debt,Consumer/Money/Debt,Courts/Legal-System,Work/Employment,0.90,False,True,True,"The situation describes a loan (ಸಾಲ) and the debtor being in a different place, which is a classic consumer/money/debt issue involving a financial obligation and the debtor's location."
sarvam,D_full,16,ಎನ್ನ ಬರೀತಕ್ಲೇನ ಮರ ಎನ್ನ ಇಲ್ಲ್ದ ಮಿತ್ತ್ ಬೂರ್ದ ಎನ್ನ ಇಲ್ಲನ್ ಹಾಳ್ ಮಲ್ತ್ಂಡ್.,My neighbor's tree fell on my house and damaged it,Torts/Individuals,Housing,Torts/Individuals,Land/Property,Courts/Legal-System,0.85,True,True,False,Property damage caused by another person's action (breaking the fence) and refusal to fix it.
sarvam,D_full,17,"ಏರೋ ಎನ್ನ ಓಪ್ಪಿಗೆ ಇಜ್ಜಂದೆ ಎನ್ನ ಜಾಗಡ್ ಕುಲೋಂದು, ಇತ್ತೇ ಬುಡ್ದ ಪೋಪುಜೇರ್.",Someone is living on my land without asking and won't leave,Land/Property,Housing,Housing,Torts/Individuals,Courts/Legal-System,0.85,False,True,True,"The situation describes someone entering the person's house without permission, which is a trespass or unauthorized entry into a dwelling. This falls under the Housing category, specifically related to trespass into a home or dwelling."
sarvam,D_full,18,ಏರೋ ಅಕ್ಲೇನ ಸಾಮಾನ್ನ್ ಎನ್ನ ಪುದರ್ಡ ಮಾರೋಂದುಲೇರ್.,Someone is selling their things using my name,IP/Identity,,IP/Identity,Torts/Individuals,Housing,0.90,True,True,False,"The situation describes someone using the person's name without permission, which is a clear case of identity misuse."
sarvam,D_full,19,ಎನ್ನ ಪರಾತ್ತ ಧನಿ ಎನ್ನ ಸ್ವಂತ ವ್ಯಾಪಾರನ್ ಸುರು ಮಲ್ಪೆರೆ ಬುಡೋಂದಿಜೇರ್.,My old employer is stopping me from starting my own work,Work/Employment,,Work/Employment,IP/Identity,Courts/Legal-System,0.75,True,True,False,"The situation describes a conflict related to business activities, where the landlord is allegedly starting their own business. This is a work/employment issue as it involves a dispute over business operations and potential interference with the person's own work, rather than a housing or debt matter."
sarvam,D_full,20,ಎನ್ನ ಪೋಪ ತೀರ್ ಪೋಯಿ ಬೊಕ್ಕ ಎಂಕ್ ಬರ್ಪಿನ ಜಾಗನ್ ಎನ್ನ ಕುಟುಂಬದಕುಲು ದೇತೋಣ್ಯೇರ್.,After my father passed away my family took the land that was meant to be given to me,Estates/Wills,Land/Property,Estates/Wills,Land/Property,Courts/Legal-System,0.85,True,True,False,"The situation describes a dispute over inheritance and property after a family member's death, which directly aligns with the Estates/Wills category."
sarvam,E_sparse,1,ಎನ್ನ ಧನಿ ಕಾಸ್ನ್ ವಾಪಸ್ ಕೊರ್ತಿಜೇರ್.,My landlord did not give back my money,Housing,Consumer/Money/Debt,Consumer/Money/Debt,Housing,Torts/Individuals,0.90,False,True,True,"The situation describes money not being returned, which is a classic example of a debt or financial dispute. The person is owed money and the other party is not fulfilling their obligation."
sarvam,E_sparse,2,ಎನ್ನ ಧನಿ ಈ ತಿಂಗೋಲ್ದ ಸಂಬಳನ್ ಕೊರ್ತಿಜೇರ್.,My employer did not pay me this month,Work/Employment,,Work/Employment,Consumer/Money/Debt,Torts/Individuals,0.95,True,True,False,"The situation explicitly mentions an employer not paying wages for a specific period, which is a classic work/employment dispute."
sarvam,E_sparse,3,ಏರಾ ಎನ್ನ ಬೇಲಿನ್ ಹಾಳ್ ಮಲ್ತ್ದ್ ನನ್ಲಾ ಸರಿ ಮಲ್ತಿಜೇರ್.,Someone broke my fence and did not fix it,Torts/Individuals,,Housing,Torts/Individuals,Courts/Legal-System,0.85,False,True,True,"The situation describes someone being forced to leave their home or property, which is a core issue in the Housing category, such as trespass or eviction."
sarvam,E_sparse,4,ಯಾನ್ ಏರೇಗಾ ಕಾಸ್ ಕೊರಿ ಬೊಕ್ಕ ಅಕುಲು ತಪ್ಪಾಯೇರ್.,I gave someone money and they disappeared,Consumer/Money/Debt,,Torts/Individuals,Courts/Legal-System,Housing,0.90,False,False,False,"The situation describes personal injury or harm caused by another person, which is the core of the Torts/Individuals category. The person is seeking to understand their legal options after being harmed."
sarvam,E_sparse,5,ಎನ್ನ ಬರೀತಕುಲು ಎನ್ನ ಜಾಗನ್ ದೆತ್ತೇರ್.,My neighbor took my land,Land/Property,,Land/Property,Housing,Torts/Individuals,0.90,True,True,False,"The situation describes someone taking land, which is a direct match for the Land/Property category. The person's problem is about their land being taken, not about a rental, debt, or other issues."
sarvam,E_sparse,6,ಏರಾ ಎಂಕ್ ಬಡುಟು ಆಕಿ ಬೊಕ್ಕ ಎನ್ನ ಕೈ ಬೇನೆ ಆವೊಂದುಂಡು.,After someone hit me with a stick my hand hurts,Torts/Individuals,,Torts/Individuals,Housing,Work/Employment,0.85,True,True,False,"The situation describes a personal injury (hand pain) caused by another person, which aligns with the Torts/Individuals category. The injury is ongoing, as indicated by 'ಆವೊಂದುಂಡು' (has happened), suggesting a need for legal recourse for damages."
sarvam,E_sparse,7,ಎನ್ನ ಧನಿ ಕಾರಣ ಕೊರಂದೆ ಯಾನ್ ಕೆಲಸ ಬುಡೊಡು ಪಂದ್ ಪಂಡೆರ್.,My boss told me to leave without any reason,Work/Employment,,Work/Employment,Courts/Legal-System,Consumer/Money/Debt,0.90,True,True,False,"The situation describes being forced to leave a job or work, which is a classic work/employment issue. It aligns with the category's examples of 'My boss told me to leave without any reason'."
sarvam,E_sparse,8,ಯಾನ್ ಸಾಲ ಕೊರಿ ಬೊಕ್ಕ ಎಂಕ್ ಕಾಸ್ ವಾಪಾಸ್ ಕೊರೋಂದಿಜ್ಜೆರ್.,The person I lent money to is not returning it,Consumer/Money/Debt,,Consumer/Money/Debt,Torts/Individuals,Courts/Legal-System,0.90,True,True,False,"The situation describes a dispute over a financial obligation where money was lent and is not being returned, which is a core issue within the Consumer/Money/Debt category."
sarvam,E_sparse,9,ಎನ್ನ ಓಪ್ಪಿಗೆ ಇಜ್ಜಂದೆ ಏರೋ ಎನ್ನ ಇಲ್ಲ್ದ ಉಲಯಿ ಬತ್ತೇರ್.,Someone came into my house without my permission,Housing,,Land/Property,Torts/Individuals,Courts/Legal-System,0.90,False,False,False,"The situation describes someone occupying land without permission and refusing to leave, which is a classic land/property dispute. This aligns with the category definition and examples provided."
sarvam,E_sparse,10,ಅಕಲೆಗ್ ಎಂಕುಲು ನಿರ್ಣಯ ಮಲ್ತಿನ ಐಡ್ದ್ ಜಾಸ್ತಿ ಕಾಸ್ ಕೇನೋಂದುಲೇರ್.,They want more money than what we decided,Consumer/Money/Debt,,Torts/Individuals,Consumer/Money/Debt,Land/Property,0.75,False,True,True,"The person is describing a situation of loss or damage ('ಜಾಸ್ತಿ ಕಾಸ್') and questioning the cause, which aligns with personal injury or property damage caused by another person. The phrasing suggests a dispute over responsibility for a harm."
sarvam,E_sparse,11,ಅಕುಲು ಎಂಕುಲು ನಿರ್ಣಯ ಮಲ್ತಿನ ಸಮಯಡ್ದ ದುಂಬೇ ಓಪ್ಪಂದನ್ ಮುಗಿಪಾಯೇರ್.,They ended our agreement before the time we decided,Consumer/Money/Debt,Courts/Legal-System,Consumer/Money/Debt,Torts/Individuals,Work/Employment,0.85,True,True,False,"The situation describes a problem arising from an agreement ('oppand') with someone ('manku'). This is a classic contract dispute, which falls under the Consumer/Money/Debt category as it involves a breach of an agreement where something is owed or not done as promised."
sarvam,E_sparse,12,"ಯಾನ್ ದಸ್ಕತ್ ಪಾಡ್ಯೇ, ಮಾತ್ರ ಕಾಕಜಿಡ್ ದಾದಾ ಬರೆತ್ಂಡ್ ಪಂದ್ ಗೊತ್ತಿಜಿ.",I signed a paper but did not understand what it said,Courts/Legal-System,Consumer/Money/Debt,Torts/Individuals,Courts/Legal-System,Housing,0.75,False,True,True,"The situation describes a personal conflict or problem involving another person ('dad aa barethand' - the father is writing). This falls under the category of issues between individuals, which is the core of Torts/Individuals."
sarvam,E_sparse,13,ಯಾನ್ ಕಾಕಜಿಡ್ ದಸ್ಕತ್ ಪಾಡಿ ಬೊಕ್ಕ ಎಂಕುಲು ತಿರ್ಪು ಮಲ್ತಿನ ವಿಷಯನ್ ಅಕುಲು ಮಲ್ಪೇರೆ ಕೇನೋಂದಿಜೇರ್.,After I signed the paper they did not do what they agreed to,Consumer/Money/Debt,,Housing,Torts/Individuals,Courts/Legal-System,0.85,False,False,False,"The situation describes being forced to leave a place, which aligns with the Housing category's examples like 'Someone came into my house without asking' or 'Someone entering your house without permission'. The core issue is the wrongful removal from a dwelling."
sarvam,E_sparse,14,ಎಂಕ್ ವೋವೂ ನ್ಯಾಯಾಲಯಗ್ ಪೋಡು ಪಂದ್ ಗೊತ್ತಿಜಿ.,I don't know which court I should go to,Courts/Legal-System,,Courts/Legal-System,Housing,Work/Employment,0.90,True,True,False,"The person is explicitly confused about which court to go to, which is a direct issue related to the legal system and jurisdiction."
sarvam,E_sparse,15,ಎನಡ್ದ ಸಾಲ ದೆತೋಂದಿನ ಜನ ಬೇತೆ ಜಾಗಡ್ ಉಲ್ಲೇರ್.,The person who owes me money is in a different place,Courts/Legal-System,Consumer/Money/Debt,Consumer/Money/Debt,Housing,Work/Employment,0.90,False,True,True,"The situation describes a debt or money owed that is not being repaid, which is the core of the Consumer/Money/Debt category."
sarvam,E_sparse,16,ಎನ್ನ ಬರೀತಕ್ಲೇನ ಮರ ಎನ್ನ ಇಲ್ಲ್ದ ಮಿತ್ತ್ ಬೂರ್ದ ಎನ್ನ ಇಲ್ಲನ್ ಹಾಳ್ ಮಲ್ತ್ಂಡ್.,My neighbor's tree fell on my house and damaged it,Torts/Individuals,Housing,Land/Property,Torts/Individuals,Courts/Legal-System,0.90,False,True,True,"The situation describes a tree growing from one's property onto a neighbor's land, which is a clear boundary dispute. This directly relates to ownership and the physical extent of one's property, fitting the Land/Property category perfectly."
sarvam,E_sparse,17,"ಏರೋ ಎನ್ನ ಓಪ್ಪಿಗೆ ಇಜ್ಜಂದೆ ಎನ್ನ ಜಾಗಡ್ ಕುಲೋಂದು, ಇತ್ತೇ ಬುಡ್ದ ಪೋಪುಜೇರ್.",Someone is living on my land without asking and won't leave,Land/Property,Housing,Housing,Torts/Individuals,Courts/Legal-System,0.90,False,True,True,"The situation describes someone entering the person's home without permission, which is a classic example of a housing issue involving trespass into a dwelling."
sarvam,E_sparse,18,ಏರೋ ಅಕ್ಲೇನ ಸಾಮಾನ್ನ್ ಎನ್ನ ಪುದರ್ಡ ಮಾರೋಂದುಲೇರ್.,Someone is selling their things using my name,IP/Identity,,Housing,Land/Property,Courts/Legal-System,0.75,False,False,False,"The situation describes being told to leave a place, which is a common housing issue involving eviction or disputes over occupancy."
sarvam,E_sparse,19,ಎನ್ನ ಪರಾತ್ತ ಧನಿ ಎನ್ನ ಸ್ವಂತ ವ್ಯಾಪಾರನ್ ಸುರು ಮಲ್ಪೆರೆ ಬುಡೋಂದಿಜೇರ್.,My old employer is stopping me from starting my own work,Work/Employment,,IP/Identity,Work/Employment,Consumer/Money/Debt,0.90,False,True,True,"The situation describes someone using the person's name or brand to start their own business, which is a clear case of identity misuse. This falls directly under the IP/Identity category."
sarvam,E_sparse,20,ಎನ್ನ ಪೋಪ ತೀರ್ ಪೋಯಿ ಬೊಕ್ಕ ಎಂಕ್ ಬರ್ಪಿನ ಜಾಗನ್ ಎನ್ನ ಕುಟುಂಬದಕುಲು ದೇತೋಣ್ಯೇರ್.,After my father passed away my family took the land that was meant to be given to me,Estates/Wills,Land/Property,Estates/Wills,Land/Property,Torts/Individuals,0.90,True,True,False,"The situation describes a dispute over inheritance of land after a family member's death, which is the core focus of the Estates/Wills category."
sarvam,E_full,1,ಎನ್ನ ಧನಿ ಕಾಸ್ನ್ ವಾಪಸ್ ಕೊರ್ತಿಜೇರ್.,My landlord did not give back my money,Housing,Consumer/Money/Debt,Consumer/Money/Debt,Housing,Courts/Legal-System,0.90,False,True,True,"The situation describes money not being returned, which is a core issue of debt or a financial obligation. The person is seeking the return of money they believe is owed to them, which falls squarely under consumer/money/debt disputes."
sarvam,E_full,2,ಎನ್ನ ಧನಿ ಈ ತಿಂಗೋಲ್ದ ಸಂಬಳನ್ ಕೊರ್ತಿಜೇರ್.,My employer did not pay me this month,Work/Employment,,Work/Employment,Consumer/Money/Debt,Courts/Legal-System,0.90,True,True,False,"The situation describes a failure to receive wages from an employer, which is a direct employment issue. The person is owed money for work performed, which falls under the 'Work/Employment' category."
sarvam,E_full,3,ಏರಾ ಎನ್ನ ಬೇಲಿನ್ ಹಾಳ್ ಮಲ್ತ್ದ್ ನನ್ಲಾ ಸರಿ ಮಲ್ತಿಜೇರ್.,Someone broke my fence and did not fix it,Torts/Individuals,,IP/Identity,Torts/Individuals,Housing,0.90,False,True,True,"The situation describes someone using the person's name without permission, which is a direct misuse of personal identity."
sarvam,E_full,4,ಯಾನ್ ಏರೇಗಾ ಕಾಸ್ ಕೊರಿ ಬೊಕ್ಕ ಅಕುಲು ತಪ್ಪಾಯೇರ್.,I gave someone money and they disappeared,Consumer/Money/Debt,,Consumer/Money/Debt,Courts/Legal-System,Torts/Individuals,0.90,True,True,False,"The situation describes giving money to someone who then disappeared, which is a clear case of a financial obligation not being fulfilled. This aligns directly with the category of money owed but not paid or fraud where money was taken and the person disappeared."
sarvam,E_full,5,ಎನ್ನ ಬರೀತಕುಲು ಎನ್ನ ಜಾಗನ್ ದೆತ್ತೇರ್.,My neighbor took my land,Land/Property,,Housing,Land/Property,Courts/Legal-System,0.90,False,True,True,"The situation describes a dwelling ('ಜಾಗನ್' - jagun, house) being given to someone else ('ಬರೀತಕುಲು' - baretuku, gave/handed over). This is a direct issue related to the transfer of a home or property, which falls under the Housing category."
sarvam,E_full,6,ಏರಾ ಎಂಕ್ ಬಡುಟು ಆಕಿ ಬೊಕ್ಕ ಎನ್ನ ಕೈ ಬೇನೆ ಆವೊಂದುಂಡು.,After someone hit me with a stick my hand hurts,Torts/Individuals,,Torts/Individuals,Housing,Work/Employment,0.90,True,True,False,"The situation describes personal injury caused by another person, which is the primary focus of the Torts/Individuals category. The person is seeking to address the harm done to them."
sarvam,E_full,7,ಎನ್ನ ಧನಿ ಕಾರಣ ಕೊರಂದೆ ಯಾನ್ ಕೆಲಸ ಬುಡೊಡು ಪಂದ್ ಪಂಡೆರ್.,My boss told me to leave without any reason,Work/Employment,,Work/Employment,Courts/Legal-System,Consumer/Money/Debt,0.90,True,True,False,The situation describes a problem with the person's employer (ಧನಿ) that is preventing them from continuing their work (ಕೆಲಸ). This is a clear work/employment issue.
sarvam,E_full,8,ಯಾನ್ ಸಾಲ ಕೊರಿ ಬೊಕ್ಕ ಎಂಕ್ ಕಾಸ್ ವಾಪಾಸ್ ಕೊರೋಂದಿಜ್ಜೆರ್.,The person I lent money to is not returning it,Consumer/Money/Debt,,Consumer/Money/Debt,Housing,Torts/Individuals,0.90,True,True,False,"The situation describes a loan (ಸಾಲ) that was given and is now not being repaid, which is a classic example of a debt or loan repayment issue. The vocabulary 'ಸಾಲ' (loan) and 'ವಾಪಸ್' (return/back) directly point to a financial obligation that is not being fulfilled."
sarvam,E_full,9,ಎನ್ನ ಓಪ್ಪಿಗೆ ಇಜ್ಜಂದೆ ಏರೋ ಎನ್ನ ಇಲ್ಲ್ದ ಉಲಯಿ ಬತ್ತೇರ್.,Someone came into my house without my permission,Housing,,Housing,Torts/Individuals,Courts/Legal-System,0.90,True,True,False,"The situation describes someone entering a house without permission, which is a classic housing-related issue involving trespass or unauthorized entry into a dwelling."
sarvam,E_full,10,ಅಕಲೆಗ್ ಎಂಕುಲು ನಿರ್ಣಯ ಮಲ್ತಿನ ಐಡ್ದ್ ಜಾಸ್ತಿ ಕಾಸ್ ಕೇನೋಂದುಲೇರ್.,They want more money than what we decided,Consumer/Money/Debt,,Torts/Individuals,Consumer/Money/Debt,Courts/Legal-System,0.85,False,True,True,"The situation describes a personal wrong or injury caused by another person, which is the definition of a tort. The person is seeking a legal remedy for the harm they have suffered."
sarvam,E_full,11,ಅಕುಲು ಎಂಕುಲು ನಿರ್ಣಯ ಮಲ್ತಿನ ಸಮಯಡ್ದ ದುಂಬೇ ಓಪ್ಪಂದನ್ ಮುಗಿಪಾಯೇರ್.,They ended our agreement before the time we decided,Consumer/Money/Debt,Courts/Legal-System,Consumer/Money/Debt,Torts/Individuals,Courts/Legal-System,0.75,True,True,False,"The situation describes a broken agreement or promise ('ಓಪ್ಪಂದನ್') made at the time of a transaction ('ಸಮಯಡ್ದ'). This is a classic contract or agreement breach, which falls under the Consumer/Money/Debt category, as it involves a failure to honor a commitment related to a transaction."
sarvam,E_full,12,"ಯಾನ್ ದಸ್ಕತ್ ಪಾಡ್ಯೇ, ಮಾತ್ರ ಕಾಕಜಿಡ್ ದಾದಾ ಬರೆತ್ಂಡ್ ಪಂದ್ ಗೊತ್ತಿಜಿ.",I signed a paper but did not understand what it said,Courts/Legal-System,Consumer/Money/Debt,Courts/Legal-System,Consumer/Money/Debt,IP/Identity,0.90,True,True,False,"The situation describes signing a document without understanding its contents, which is a common issue related to legal documents and agreements, falling under the Courts/Legal-System category."
sarvam,E_full,13,ಯಾನ್ ಕಾಕಜಿಡ್ ದಸ್ಕತ್ ಪಾಡಿ ಬೊಕ್ಕ ಎಂಕುಲು ತಿರ್ಪು ಮಲ್ತಿನ ವಿಷಯನ್ ಅಕುಲು ಮಲ್ಪೇರೆ ಕೇನೋಂದಿಜೇರ್.,After I signed the paper they did not do what they agreed to,Consumer/Money/Debt,,Courts/Legal-System,Consumer/Money/Debt,IP/Identity,0.90,False,True,True,"The situation explicitly mentions signing a document ('ಕಾಕ್ಕಜಿಡ್ ದಸ್ಕತ್ ಪಾಡಿ') without understanding its contents, which is a direct issue related to legal paperwork and the legal system. This falls under the confusion about legal documents."
sarvam,E_full,14,ಎಂಕ್ ವೋವೂ ನ್ಯಾಯಾಲಯಗ್ ಪೋಡು ಪಂದ್ ಗೊತ್ತಿಜಿ.,I don't know which court I should go to,Courts/Legal-System,,Courts/Legal-System,Housing,Work/Employment,0.90,True,True,False,"The person explicitly states they don't know which court to go to, which is a direct example of confusion about the legal system."
sarvam,E_full,15,ಎನಡ್ದ ಸಾಲ ದೆತೋಂದಿನ ಜನ ಬೇತೆ ಜಾಗಡ್ ಉಲ್ಲೇರ್.,The person who owes me money is in a different place,Courts/Legal-System,Consumer/Money/Debt,Consumer/Money/Debt,Land/Property,Courts/Legal-System,0.85,False,True,True,"The situation involves a loan ('ಸಾಲ') and a dispute over its use or possession ('ಬೇತೆ ಜಾಗಡ್'). The core problem is a financial obligation and the consequences of that obligation, which is the essence of a money or debt-related issue."
sarvam,E_full,16,ಎನ್ನ ಬರೀತಕ್ಲೇನ ಮರ ಎನ್ನ ಇಲ್ಲ್ದ ಮಿತ್ತ್ ಬೂರ್ದ ಎನ್ನ ಇಲ್ಲನ್ ಹಾಳ್ ಮಲ್ತ್ಂಡ್.,My neighbor's tree fell on my house and damaged it,Torts/Individuals,Housing,Torts/Individuals,Land/Property,Housing,0.90,True,True,False,Property damage caused by another person's negligence (neighbor's tree falling on the house).
sarvam,E_full,17,"ಏರೋ ಎನ್ನ ಓಪ್ಪಿಗೆ ಇಜ್ಜಂದೆ ಎನ್ನ ಜಾಗಡ್ ಕುಲೋಂದು, ಇತ್ತೇ ಬುಡ್ದ ಪೋಪುಜೇರ್.",Someone is living on my land without asking and won't leave,Land/Property,Housing,Housing,Torts/Individuals,Land/Property,0.85,False,True,True,"Someone entered the person's house without permission and is now living there, which is a clear case of trespass into a dwelling."
sarvam,E_full,18,ಏರೋ ಅಕ್ಲೇನ ಸಾಮಾನ್ನ್ ಎನ್ನ ಪುದರ್ಡ ಮಾರೋಂದುಲೇರ್.,Someone is selling their things using my name,IP/Identity,,IP/Identity,Consumer/Money/Debt,Torts/Individuals,0.95,True,True,False,"The situation describes someone using the person's name without permission, which is a clear case of identity misuse."
sarvam,E_full,19,ಎನ್ನ ಪರಾತ್ತ ಧನಿ ಎನ್ನ ಸ್ವಂತ ವ್ಯಾಪಾರನ್ ಸುರು ಮಲ್ಪೆರೆ ಬುಡೋಂದಿಜೇರ್.,My old employer is stopping me from starting my own work,Work/Employment,,Work/Employment,Land/Property,Housing,0.85,True,True,False,"The situation describes an employer (landlord) preventing the person from starting their own business, which is a dispute related to employment and the right to work."
sarvam,E_full,20,ಎನ್ನ ಪೋಪ ತೀರ್ ಪೋಯಿ ಬೊಕ್ಕ ಎಂಕ್ ಬರ್ಪಿನ ಜಾಗನ್ ಎನ್ನ ಕುಟುಂಬದಕುಲು ದೇತೋಣ್ಯೇರ್.,After my father passed away my family took the land that was meant to be given to me,Estates/Wills,Land/Property,Courts/Legal-System,Land/Property,Housing,0.90,False,True,True,"The person is confused about which court to go to, which is a procedural issue related to the legal system."
sarvam,F,1,ಎನ್ನ ಧನಿ ಕಾಸ್ನ್ ವಾಪಸ್ ಕೊರ್ತಿಜೇರ್.,My landlord did not give back my money,Housing,Consumer/Money/Debt,Consumer/Money/Debt,Housing,Courts/Legal-System,0.85,False,True,True,"ಈ ಪರಿಸ್ಥಿತಿಯು ನೇರವಾಗಿ ಹಣದ ವಾಪಸಾತಿಗೆ ಸಂಬಂಧಿಸಿದೆ, ಇದು ಗ್ರಾಹಕ/ಹಣಕಾಸು/ಸಾಲ ವರ್ಗದ ಪ್ರಮುಖ ಲಕ್ಷಣವಾಗಿದೆ. ವ್ಯಕ್ತಿಯು ತನ್ನ ಹಣವನ್ನು ವಾಪಸ್ ಕೇಳುತ್ತಿದ್ದಾನೆ, ಇದು ಈ ವರ್ಗದ ಅಡಿಯಲ್ಲಿ ಬರುವ ಒಂದು ಸಾಮಾನ್ಯ ಸಮಸ್ಯೆಯಾಗಿದೆ."
sarvam,F,2,ಎನ್ನ ಧನಿ ಈ ತಿಂಗೋಲ್ದ ಸಂಬಳನ್ ಕೊರ್ತಿಜೇರ್.,My employer did not pay me this month,Work/Employment,,Work/Employment,Consumer/Money/Debt,Courts/Legal-System,0.90,True,True,False,"The situation describes a failure to receive salary for work performed, which is a core issue in the Work/Employment category. The person is an employee facing non-payment of wages."
sarvam,F,3,ಏರಾ ಎನ್ನ ಬೇಲಿನ್ ಹಾಳ್ ಮಲ್ತ್ದ್ ನನ್ಲಾ ಸರಿ ಮಲ್ತಿಜೇರ್.,Someone broke my fence and did not fix it,Torts/Individuals,,Courts/Legal-System,Torts/Individuals,Housing,0.85,False,True,True,"The person's primary problem is confusion and inability to navigate the legal system to address a harm, which is the definition of the Courts/Legal-System category."
sarvam,F,4,ಯಾನ್ ಏರೇಗಾ ಕಾಸ್ ಕೊರಿ ಬೊಕ್ಕ ಅಕುಲು ತಪ್ಪಾಯೇರ್.,I gave someone money and they disappeared,Consumer/Money/Debt,,Torts/Individuals,Land/Property,Courts/Legal-System,0.85,False,False,False,"The situation describes property damage caused by another person's action, which is the core of tort law. This is distinct from a housing dispute, a debt, or a workplace issue."
sarvam,F,5,ಎನ್ನ ಬರೀತಕುಲು ಎನ್ನ ಜಾಗನ್ ದೆತ್ತೇರ್.,My neighbor took my land,Land/Property,,Land/Property,Courts/Legal-System,Housing,0.95,True,True,False,"The situation explicitly mentions 'my land' being taken, which is a direct property dispute. This is the most direct and accurate classification based on the provided description."
sarvam,F,6,ಏರಾ ಎಂಕ್ ಬಡುಟು ಆಕಿ ಬೊಕ್ಕ ಎನ್ನ ಕೈ ಬೇನೆ ಆವೊಂದುಂಡು.,After someone hit me with a stick my hand hurts,Torts/Individuals,,Torts/Individuals,Consumer/Money/Debt,Work/Employment,0.85,True,True,False,"The situation describes a physical injury (hand pain) which could be caused by another person's action, fitting the Torts/Individuals category of personal injury caused by another person."
sarvam,F,7,ಎನ್ನ ಧನಿ ಕಾರಣ ಕೊರಂದೆ ಯಾನ್ ಕೆಲಸ ಬುಡೊಡು ಪಂದ್ ಪಂಡೆರ್.,My boss told me to leave without any reason,Work/Employment,,Work/Employment,Courts/Legal-System,Consumer/Money/Debt,0.85,True,True,False,"The situation describes a failure to perform work, which is a core issue in employment disputes. The person is seeking a solution for someone not doing the agreed-upon work."
sarvam,F,8,ಯಾನ್ ಸಾಲ ಕೊರಿ ಬೊಕ್ಕ ಎಂಕ್ ಕಾಸ್ ವಾಪಾಸ್ ಕೊರೋಂದಿಜ್ಜೆರ್.,The person I lent money to is not returning it,Consumer/Money/Debt,,Consumer/Money/Debt,Torts/Individuals,Courts/Legal-System,0.90,True,True,False,"The situation describes a loan that was taken and the person is demanding its return, which is a classic example of a debt not being repaid."
sarvam,F,9,ಎನ್ನ ಓಪ್ಪಿಗೆ ಇಜ್ಜಂದೆ ಏರೋ ಎನ್ನ ಇಲ್ಲ್ದ ಉಲಯಿ ಬತ್ತೇರ್.,Someone came into my house without my permission,Housing,,Housing,Torts/Individuals,Courts/Legal-System,0.85,True,True,False,"The situation describes someone entering the person's house without permission, which is a classic example of trespass into a home or dwelling, a key issue within the Housing category."
sarvam,F,10,ಅಕಲೆಗ್ ಎಂಕುಲು ನಿರ್ಣಯ ಮಲ್ತಿನ ಐಡ್ದ್ ಜಾಸ್ತಿ ಕಾಸ್ ಕೇನೋಂದುಲೇರ್.,They want more money than what we decided,Consumer/Money/Debt,,Courts/Legal-System,Land/Property,Housing,0.85,False,False,False,"ಈ situation legal procedures ಮತ್ತು court matters ಬಗ್ಗೆ ಇರೋ confusion-ನ ತೋರಿಸುತ್ತೆ, ಇದು ನೇರವಾಗಿ legal system-ನ navigate ಮಾಡುವಾಗ ಆಗೋ uncertainty-ನ ಸೂಚಿಸುತ್ತೆ."
sarvam,F,11,ಅಕುಲು ಎಂಕುಲು ನಿರ್ಣಯ ಮಲ್ತಿನ ಸಮಯಡ್ದ ದುಂಬೇ ಓಪ್ಪಂದನ್ ಮುಗಿಪಾಯೇರ್.,They ended our agreement before the time we decided,Consumer/Money/Debt,Courts/Legal-System,Consumer/Money/Debt,Courts/Legal-System,Land/Property,0.75,True,True,False,"The phrase 'agreement was not made/fulfilled' points to a failure to honor a deal, which is a core issue in consumer or debt-related matters."
sarvam,F,12,"ಯಾನ್ ದಸ್ಕತ್ ಪಾಡ್ಯೇ, ಮಾತ್ರ ಕಾಕಜಿಡ್ ದಾದಾ ಬರೆತ್ಂಡ್ ಪಂದ್ ಗೊತ್ತಿಜಿ.",I signed a paper but did not understand what it said,Courts/Legal-System,Consumer/Money/Debt,Courts/Legal-System,Housing,Consumer/Money/Debt,0.85,True,True,False,"The person is confused about a written document, which aligns with issues like not understanding a signed paper or its legal implications, as seen in the example 'I signed a paper but did not understand what it said'."
sarvam,F,13,ಯಾನ್ ಕಾಕಜಿಡ್ ದಸ್ಕತ್ ಪಾಡಿ ಬೊಕ್ಕ ಎಂಕುಲು ತಿರ್ಪು ಮಲ್ತಿನ ವಿಷಯನ್ ಅಕುಲು ಮಲ್ಪೇರೆ ಕೇನೋಂದಿಜೇರ್.,After I signed the paper they did not do what they agreed to,Consumer/Money/Debt,,Land/Property,Torts/Individuals,Courts/Legal-System,0.90,False,False,False,"ಬೇರೆಯವರು ಅನುಮತಿಯಿಲ್ಲದೆ ಆಸ್ತಿಯನ್ನು ಪ್ರವೇಶಿಸಿ ಆಕ್ರಮಿಸಿಕೊಂಡಿರುವುದು, ಇದು ನೆರೆಹೊರೆಯವರು ಭೂಮಿಯನ್ನು ಕಬಳಿಸುವುದು ಅಥವಾ ಆಸ್ತಿಯ ಮೇಲೆ ಕಾನೂನುಬಾಹಿರ ಪ್ರವೇಶಕ್ಕೆ ಸಂಬಂಧಿಸಿದೆ."
sarvam,F,14,ಎಂಕ್ ವೋವೂ ನ್ಯಾಯಾಲಯಗ್ ಪೋಡು ಪಂದ್ ಗೊತ್ತಿಜಿ.,I don't know which court I should go to,Courts/Legal-System,,Courts/Legal-System,Housing,Work/Employment,0.90,True,True,False,"The situation explicitly states confusion about which court to go to, which is a core issue within the Courts/Legal-System category."
sarvam,F,15,ಎನಡ್ದ ಸಾಲ ದೆತೋಂದಿನ ಜನ ಬೇತೆ ಜಾಗಡ್ ಉಲ್ಲೇರ್.,The person who owes me money is in a different place,Courts/Legal-System,Consumer/Money/Debt,Consumer/Money/Debt,Courts/Legal-System,Torts/Individuals,0.75,False,True,True,"The situation explicitly mentions a 'loan' that has been taken, which is a clear indicator of a Consumer/Money/Debt issue. The person is concerned about the money owed."
sarvam,F,16,ಎನ್ನ ಬರೀತಕ್ಲೇನ ಮರ ಎನ್ನ ಇಲ್ಲ್ದ ಮಿತ್ತ್ ಬೂರ್ದ ಎನ್ನ ಇಲ್ಲನ್ ಹಾಳ್ ಮಲ್ತ್ಂಡ್.,My neighbor's tree fell on my house and damaged it,Torts/Individuals,Housing,Torts/Individuals,Land/Property,Courts/Legal-System,0.85,True,True,False,Property damage caused by another person's negligence (a tree falling on the property) and the owner's refusal to fix it.
sarvam,F,17,"ಏರೋ ಎನ್ನ ಓಪ್ಪಿಗೆ ಇಜ್ಜಂದೆ ಎನ್ನ ಜಾಗಡ್ ಕುಲೋಂದು, ಇತ್ತೇ ಬುಡ್ದ ಪೋಪುಜೇರ್.",Someone is living on my land without asking and won't leave,Land/Property,Housing,Land/Property,Courts/Legal-System,Torts/Individuals,0.85,True,True,False,"Someone is occupying the person's land without permission, which is a property occupation issue."
sarvam,F,18,ಏರೋ ಅಕ್ಲೇನ ಸಾಮಾನ್ನ್ ಎನ್ನ ಪುದರ್ಡ ಮಾರೋಂದುಲೇರ್.,Someone is selling their things using my name,IP/Identity,,Land/Property,Torts/Individuals,Housing,0.85,False,False,False,"The situation describes someone taking or occupying land without permission, which is a classic land/property dispute. The focus is on the control and ownership of land, not a rental agreement, personal injury, or a legal process confusion."
sarvam,F,19,ಎನ್ನ ಪರಾತ್ತ ಧನಿ ಎನ್ನ ಸ್ವಂತ ವ್ಯಾಪಾರನ್ ಸುರು ಮಲ್ಪೆರೆ ಬುಡೋಂದಿಜೇರ್.,My old employer is stopping me from starting my own work,Work/Employment,,Land/Property,Courts/Legal-System,Torts/Individuals,0.90,False,False,False,"The situation describes someone occupying the person's land without permission and refusing to leave, which is a classic example of a land/property dispute involving boundary issues or unauthorized occupation."
sarvam,F,20,ಎನ್ನ ಪೋಪ ತೀರ್ ಪೋಯಿ ಬೊಕ್ಕ ಎಂಕ್ ಬರ್ಪಿನ ಜಾಗನ್ ಎನ್ನ ಕುಟುಂಬದಕುಲು ದೇತೋಣ್ಯೇರ್.,After my father passed away my family took the land that was meant to be given to me,Estates/Wills,Land/Property,Land/Property,Estates/Wills,Courts/Legal-System,0.85,False,True,True,"The situation describes a dispute over land or property, which is the core of the Land/Property category. The Kannada text suggests a family land dispute, similar to examples like 'My neighbor took my land' or 'Someone is living on my land without asking.'"
sarvam,G,1,enna dhani kasn vapas kortijer.,My landlord did not give back my money,Housing,Consumer/Money/Debt,Consumer/Money/Debt,Housing,Land/Property,0.85,False,True,True,"The phrase 'kasn vapas kortijer' (give back money/thing) indicates a dispute over the return of something of value, which is a core issue in consumer/money/debt problems like unpaid deposits or returned property."
sarvam,G,2,enna dhani i tingolda sanbalan kortijer.,My employer did not pay me this month,Work/Employment,,Torts/Individuals,Land/Property,IP/Identity,0.75,False,False,False,"The situation describes someone taking or using property without permission, which is a form of property interference or conversion, a tort. It is not a financial or contractual dispute."
sarvam,G,3,era enna belin hal maltd nanla sari maltijer.,Someone broke my fence and did not fix it,Torts/Individuals,,Torts/Individuals,Housing,Work/Employment,0.85,True,True,False,"The situation describes a physical injury or harm caused by another person, which aligns with the Torts/Individuals category of personal injury caused by another person."
sarvam,G,4,yan erega kas kori bokka akulu tappayer.,I gave someone money and they disappeared,Consumer/Money/Debt,,Land/Property,Torts/Individuals,Housing,0.85,False,False,False,"The situation describes someone taking or occupying land without permission, which directly relates to disputes over land ownership and boundaries."
sarvam,G,5,enna baritakulu enna jagan detter.,My neighbor took my land,Land/Property,,Torts/Individuals,Courts/Legal-System,Work/Employment,0.75,False,False,False,"The situation describes being detained or held by another person, which is a form of personal injury or harm caused by another individual's action."
sarvam,G,6,era enk badutu aki bokka enna kai bene avondundu.,After someone hit me with a stick my hand hurts,Torts/Individuals,,Torts/Individuals,Housing,Work/Employment,0.85,True,True,False,"The situation describes physical harm or injury caused by another person, which is the core of tort law."
sarvam,G,7,enna dhani karana korande yan kelasa budodu pand pander.,My boss told me to leave without any reason,Work/Employment,,Work/Employment,Courts/Legal-System,Torts/Individuals,0.90,True,True,False,"The situation describes being forced to work for someone else, which is a clear work/employment dispute involving exploitation and lack of consent."
sarvam,G,8,yan sala kori bokka enk kas vapas korondijjer.,The person I lent money to is not returning it,Consumer/Money/Debt,,Consumer/Money/Debt,Housing,Courts/Legal-System,0.90,True,True,False,"The situation describes money being given to someone with the expectation of its return, but the money has not been returned. This is a direct example of a debt or a financial obligation that is not being fulfilled, which is the core of the Consumer/Money/Debt category."
sarvam,G,9,enna oppige ijjande ero enna illda ulayi batter.,Someone came into my house without my permission,Housing,,IP/Identity,Land/Property,Torts/Individuals,0.85,False,False,False,"The situation describes someone using the person's identity or name without permission, which is the core of the IP/Identity category."
sarvam,G,10,akaleg enkulu nirnaya maltina aidd jasti kas kenonduler.,They want more money than what we decided,Consumer/Money/Debt,,Torts/Individuals,Land/Property,Courts/Legal-System,0.85,False,False,False,"The situation describes property being taken or used without permission, which is a form of personal injury or property damage caused by another person's action. This aligns with the Torts/Individuals category, which covers property damage caused by another person's negligence or action."
sarvam,G,11,akulu enkulu nirnaya maltina samayadda dunbe oppandan mugipayer.,They ended our agreement before the time we decided,Consumer/Money/Debt,Courts/Legal-System,Torts/Individuals,Consumer/Money/Debt,Work/Employment,0.75,False,True,True,"The situation describes a personal conflict or dispute with another person that has resulted in a negative outcome, which fits the Torts/Individuals category of personal injury or harm caused by another person."
sarvam,G,12,"yan daskat padye, matra kakajid dada baretnd pand gottiji.",I signed a paper but did not understand what it said,Courts/Legal-System,Consumer/Money/Debt,Courts/Legal-System,Land/Property,Torts/Individuals,0.75,True,True,False,"The person is seeking guidance on how to proceed with a dispute or claim, which suggests they are navigating the legal system. The phrase 'gottiji' (help/seek) indicates a need for legal assistance or clarification on the next steps."
sarvam,G,13,yan kakajid daskat padi bokka enkulu tirpu maltina vishayan akulu malpere kenondijer.,After I signed the paper they did not do what they agreed to,Consumer/Money/Debt,,Torts/Individuals,Housing,Land/Property,0.85,False,False,False,Personal injury or property damage caused by another person's actions
sarvam,G,14,enk vovu nyayalayag podu pand gottiji.,I don't know which court I should go to,Courts/Legal-System,,Housing,Torts/Individuals,Courts/Legal-System,0.90,False,True,True,"The situation describes someone entering the person's home or dwelling without permission, which is a classic Housing issue involving trespass into a home."
sarvam,G,15,enadda sala detondina jana bete jagad uller.,The person who owes me money is in a different place,Courts/Legal-System,Consumer/Money/Debt,Torts/Individuals,Housing,Work/Employment,0.75,False,False,False,"The situation describes harm or injury caused by another person, which aligns with torts involving personal injury or property damage."
sarvam,G,16,enna baritaklena mara enna illda mitt burda enna illan hal maltnd.,My neighbor's tree fell on my house and damaged it,Torts/Individuals,Housing,Housing,Torts/Individuals,Courts/Legal-System,0.75,False,True,True,"The person is in a place that is not theirs ('mara enna illda' - my house) and is being prevented from leaving ('hal maltnd' - is not leaving). This aligns with issues like illegal eviction, being locked out, or a landlord-tenant dispute over possession of a dwelling."
sarvam,G,17,"ero enna oppige ijjande enna jagad kulondu, itte budda popujer.",Someone is living on my land without asking and won't leave,Land/Property,Housing,Land/Property,Courts/Legal-System,Torts/Individuals,0.90,True,True,False,"The situation describes someone occupying the person's land without permission and refusing to leave, which is a direct match for the Land/Property category."
sarvam,G,18,ero aklena samann enna pudarda maronduler.,Someone is selling their things using my name,IP/Identity,,Torts/Individuals,Land/Property,Housing,0.75,False,False,False,"The situation describes a person's property or possession being taken or occupied by another, which is a form of harm or interference. This aligns with the Torts/Individuals category, which covers property damage or interference by another person."
sarvam,G,19,enna paratta dhani enna svanta vyaparan suru malpere budondijer.,My old employer is stopping me from starting my own work,Work/Employment,,Work/Employment,Land/Property,Torts/Individuals,0.85,True,True,False,"The situation describes a business dispute where someone is starting their own business, which is interfering with the person's own business. This aligns with the Work/Employment category, specifically non-compete situations or disputes over starting a business."
sarvam,G,20,enna popa tir poyi bokka enk barpina jagan enna kutunbadakulu detonyer.,After my father passed away my family took the land that was meant to be given to me,Estates/Wills,Land/Property,Torts/Individuals,Land/Property,Courts/Legal-System,0.75,False,True,True,"The situation describes a person's property or item being taken or claimed by another, which is a form of interference or damage to personal property, fitting the Torts/Individuals category."
sarvam,H,1,ಎನ್ನ ಧನಿ ಕಾಸ್ನ್ ವಾಪಸ್ ಕೊರ್ತಿಜೇರ್.,My landlord did not give back my money,Housing,Consumer/Money/Debt,Housing,Consumer/Money/Debt,Courts/Legal-System,0.85,True,True,False,"The situation describes a dispute over a deposit, which is a common issue in landlord-tenant relationships. The Kannada phrase 'ಎನ್ನ ಧನಿ ಕಾಸ್ನ್ ವಾಪಸ್ ಕೊರ್ತಿಜೇರ್' translates to 'My money is not being returned,' which in the context of housing, points to a deposit issue."
sarvam,H,2,ಎನ್ನ ಧನಿ ಈ ತಿಂಗೋಲ್ದ ಸಂಬಳನ್ ಕೊರ್ತಿಜೇರ್.,My employer did not pay me this month,Work/Employment,,Work/Employment,Consumer/Money/Debt,Courts/Legal-System,0.90,True,True,False,"The situation describes non-payment of wages, which is a core issue in employment law. It directly relates to the employer-employee relationship and compensation for work performed."
sarvam,H,3,ಏರಾ ಎನ್ನ ಬೇಲಿನ್ ಹಾಳ್ ಮಲ್ತ್ದ್ ನನ್ಲಾ ಸರಿ ಮಲ್ತಿಜೇರ್.,Someone broke my fence and did not fix it,Torts/Individuals,,Land/Property,Torts/Individuals,Courts/Legal-System,0.85,False,True,True,"The situation describes someone taking or occupying land without permission, which directly relates to disputes over land ownership and boundaries."
sarvam,H,4,ಯಾನ್ ಏರೇಗಾ ಕಾಸ್ ಕೊರಿ ಬೊಕ್ಕ ಅಕುಲು ತಪ್ಪಾಯೇರ್.,I gave someone money and they disappeared,Consumer/Money/Debt,,Torts/Individuals,Land/Property,Courts/Legal-System,0.90,False,False,False,"The situation describes property damage caused by another person's action, and the person is refusing to fix it. This is a classic tort scenario involving property damage and negligence."
sarvam,H,5,ಎನ್ನ ಬರೀತಕುಲು ಎನ್ನ ಜಾಗನ್ ದೆತ್ತೇರ್.,My neighbor took my land,Land/Property,,Land/Property,Torts/Individuals,Housing,0.90,True,True,False,"The situation describes someone occupying the person's land without permission, which is a classic land/property dispute involving boundary issues and unauthorized occupation."
sarvam,H,6,ಏರಾ ಎಂಕ್ ಬಡುಟು ಆಕಿ ಬೊಕ್ಕ ಎನ್ನ ಕೈ ಬೇನೆ ಆವೊಂದುಂಡು.,After someone hit me with a stick my hand hurts,Torts/Individuals,,Torts/Individuals,Housing,Land/Property,0.90,True,True,False,"The situation describes personal injury (a hand pain) caused by another person's action, which is the definition of a tort."
sarvam,H,7,ಎನ್ನ ಧನಿ ಕಾರಣ ಕೊರಂದೆ ಯಾನ್ ಕೆಲಸ ಬುಡೊಡು ಪಂದ್ ಪಂಡೆರ್.,My boss told me to leave without any reason,Work/Employment,,Work/Employment,Consumer/Money/Debt,Torts/Individuals,0.85,True,True,False,"The person is questioning the terms of their work or employment, which directly relates to issues like wages, contracts, and the conditions of their job. The phrase 'ಯಾನ್ ಕೆಲಸ ಬುಡೊಡು ಪಂದ್ ಪಂಡೆರ್' suggests a dispute or disagreement about the work itself, which is a core aspect of employment."
sarvam,H,8,ಯಾನ್ ಸಾಲ ಕೊರಿ ಬೊಕ್ಕ ಎಂಕ್ ಕಾಸ್ ವಾಪಾಸ್ ಕೊರೋಂದಿಜ್ಜೆರ್.,The person I lent money to is not returning it,Consumer/Money/Debt,,Consumer/Money/Debt,Housing,Torts/Individuals,0.90,True,True,False,"The situation describes a problem with a financial obligation (a loan) that was not repaid, which is a classic example of a consumer/money/debt issue."
sarvam,H,9,ಎನ್ನ ಓಪ್ಪಿಗೆ ಇಜ್ಜಂದೆ ಏರೋ ಎನ್ನ ಇಲ್ಲ್ದ ಉಲಯಿ ಬತ್ತೇರ್.,Someone came into my house without my permission,Housing,,Housing,Torts/Individuals,Courts/Legal-System,0.90,True,True,False,"The situation describes someone entering the person's home without permission, which is a classic housing issue involving trespass into a dwelling."
sarvam,H,10,ಅಕಲೆಗ್ ಎಂಕುಲು ನಿರ್ಣಯ ಮಲ್ತಿನ ಐಡ್ದ್ ಜಾಸ್ತಿ ಕಾಸ್ ಕೇನೋಂದುಲೇರ್.,They want more money than what we decided,Consumer/Money/Debt,,Torts/Individuals,Land/Property,Housing,0.75,False,False,False,"The situation describes a dispute or disagreement about the extent of damage or harm, which is a common issue in tort law. The person is questioning the cause or amount of the problem, indicating a conflict over an act that caused harm."
sarvam,H,11,ಅಕುಲು ಎಂಕುಲು ನಿರ್ಣಯ ಮಲ್ತಿನ ಸಮಯಡ್ದ ದುಂಬೇ ಓಪ್ಪಂದನ್ ಮುಗಿಪಾಯೇರ್.,They ended our agreement before the time we decided,Consumer/Money/Debt,Courts/Legal-System,Torts/Individuals,Consumer/Money/Debt,Land/Property,0.65,False,True,True,"The situation describes a person disagreeing with a decision or agreement made by another, which is a form of personal grievance or harm. This aligns with the Torts/Individuals category, which covers personal issues and disagreements."
sarvam,H,12,"ಯಾನ್ ದಸ್ಕತ್ ಪಾಡ್ಯೇ, ಮಾತ್ರ ಕಾಕಜಿಡ್ ದಾದಾ ಬರೆತ್ಂಡ್ ಪಂದ್ ಗೊತ್ತಿಜಿ.",I signed a paper but did not understand what it said,Courts/Legal-System,Consumer/Money/Debt,Courts/Legal-System,Consumer/Money/Debt,IP/Identity,0.75,True,True,False,"The person is describing a situation where they signed a document without understanding its contents, which is a common issue related to legal documents and agreements."
sarvam,H,13,ಯಾನ್ ಕಾಕಜಿಡ್ ದಸ್ಕತ್ ಪಾಡಿ ಬೊಕ್ಕ ಎಂಕುಲು ತಿರ್ಪು ಮಲ್ತಿನ ವಿಷಯನ್ ಅಕುಲು ಮಲ್ಪೇರೆ ಕೇನೋಂದಿಜೇರ್.,After I signed the paper they did not do what they agreed to,Consumer/Money/Debt,,Land/Property,Courts/Legal-System,Torts/Individuals,0.90,False,False,False,"The situation describes someone occupying the person's land without permission and refusing to leave, which directly matches the Land/Property category definition."
sarvam,H,14,ಎಂಕ್ ವೋವೂ ನ್ಯಾಯಾಲಯಗ್ ಪೋಡು ಪಂದ್ ಗೊತ್ತಿಜಿ.,I don't know which court I should go to,Courts/Legal-System,,Courts/Legal-System,Housing,Torts/Individuals,0.90,True,True,False,"The situation explicitly mentions 'court', indicating a problem related to the legal system, such as confusion about jurisdiction or procedure."
sarvam,H,15,ಎನಡ್ದ ಸಾಲ ದೆತೋಂದಿನ ಜನ ಬೇತೆ ಜಾಗಡ್ ಉಲ್ಲೇರ್.,The person who owes me money is in a different place,Courts/Legal-System,Consumer/Money/Debt,Consumer/Money/Debt,Courts/Legal-System,Work/Employment,0.75,False,True,True,"The situation describes a loan that was not returned, which is a classic consumer/money/debt issue. The person is owed money but is not receiving it."
sarvam,H,16,ಎನ್ನ ಬರೀತಕ್ಲೇನ ಮರ ಎನ್ನ ಇಲ್ಲ್ದ ಮಿತ್ತ್ ಬೂರ್ದ ಎನ್ನ ಇಲ್ಲನ್ ಹಾಳ್ ಮಲ್ತ್ಂಡ್.,My neighbor's tree fell on my house and damaged it,Torts/Individuals,Housing,Land/Property,Torts/Individuals,Courts/Legal-System,0.85,False,True,True,"A tree from someone else's land has fallen on the person's property, causing damage. This is a direct dispute over land and property boundaries/damage, which falls under Land/Property."
sarvam,H,17,"ಏರೋ ಎನ್ನ ಓಪ್ಪಿಗೆ ಇಜ್ಜಂದೆ ಎನ್ನ ಜಾಗಡ್ ಕುಲೋಂದು, ಇತ್ತೇ ಬುಡ್ದ ಪೋಪುಜೇರ್.",Someone is living on my land without asking and won't leave,Land/Property,Housing,Housing,Torts/Individuals,Land/Property,0.90,False,True,True,"Someone entered the person's home or dwelling without permission and is refusing to leave, which is a classic housing/trespass issue."
sarvam,H,18,ಏರೋ ಅಕ್ಲೇನ ಸಾಮಾನ್ನ್ ಎನ್ನ ಪುದರ್ಡ ಮಾರೋಂದುಲೇರ್.,Someone is selling their things using my name,IP/Identity,,IP/Identity,Torts/Individuals,Consumer/Money/Debt,0.90,True,True,False,"The situation describes someone using the person's name without permission, which is a direct match for the IP/Identity category definition of 'someone using your name without permission'."
sarvam,H,19,ಎನ್ನ ಪರಾತ್ತ ಧನಿ ಎನ್ನ ಸ್ವಂತ ವ್ಯಾಪಾರನ್ ಸುರು ಮಲ್ಪೆರೆ ಬುಡೋಂದಿಜೇರ್.,My old employer is stopping me from starting my own work,Work/Employment,,IP/Identity,Consumer/Money/Debt,Torts/Individuals,0.90,False,False,False,"The situation describes someone using the person's name or business identity without permission, which is a direct match for the IP/Identity category."
sarvam,H,20,ಎನ್ನ ಪೋಪ ತೀರ್ ಪೋಯಿ ಬೊಕ್ಕ ಎಂಕ್ ಬರ್ಪಿನ ಜಾಗನ್ ಎನ್ನ ಕುಟುಂಬದಕುಲು ದೇತೋಣ್ಯೇರ್.,After my father passed away my family took the land that was meant to be given to me,Estates/Wills,Land/Property,Estates/Wills,Land/Property,Torts/Individuals,0.90,True,True,False,The situation describes an inheritance dispute where family members took land that was meant for the person after a family member's death. This is a classic example of an estates/wills issue.
sarvam,I,1,என்ன த⁴னி காஸ்ன் வாபஸ் கொர்திஜேர்.,My landlord did not give back my money,Housing,Consumer/Money/Debt,Consumer/Money/Debt,Housing,Courts/Legal-System,0.90,False,True,True,"The situation describes someone taking money and not returning it, which is a direct debt or payment dispute. This aligns with the definition of money owed but not paid or contract breaches involving payment."
sarvam,I,2,என்ன த⁴னி ஈ திங்கோ³ல்த³ ஸம்ப³ளன் கொர்திஜேர்.,My employer did not pay me this month,Work/Employment,,Torts/Individuals,Housing,Work/Employment,0.85,False,True,True,"The situation describes personal injury or harm caused by another person, which aligns with the Torts/Individuals category."
sarvam,I,3,ஏரா என்ன பே³லின் ஹாள் மல்த்த்³ நன்லா ஸரி மல்திஜேர்.,Someone broke my fence and did not fix it,Torts/Individuals,,Torts/Individuals,Land/Property,Courts/Legal-System,0.85,True,True,False,"The situation describes someone taking or using another person's property without permission, which is a form of property damage or interference caused by an individual. This aligns with the Torts/Individuals category, which covers personal injury and property damage caused by another person's negligence or actions."
sarvam,I,4,யான் ஏரேகா³ காஸ் கொரி பொ³க்க அகுலு தப்பாயேர்.,I gave someone money and they disappeared,Consumer/Money/Debt,,Torts/Individuals,Land/Property,Consumer/Money/Debt,0.40,False,True,True,"The phrase contains words that could relate to a person or an action, suggesting a personal wrong or injury. This aligns with the Torts/Individuals category, which covers personal injury or property damage caused by another person."
sarvam,I,5,என்ன ப³ரீதகுலு என்ன ஜாக³ன் தெ³த்தேர்.,My neighbor took my land,Land/Property,,Courts/Legal-System,Torts/Individuals,Housing,0.20,False,False,False,"The query involves seeking information about a religious institution (Jagannath temple), which might require legal clarification if there are disputes or rights involved. However, this is a weak fit as the situation appears to be a general inquiry rather than a legal problem."
sarvam,I,6,ஏரா எங்க் ப³டு³டு ஆகி பொ³க்க என்ன கை பே³னெ ஆவொந்து³ண்டு³.,After someone hit me with a stick my hand hurts,Torts/Individuals,,Torts/Individuals,Land/Property,Courts/Legal-System,0.85,True,True,False,"The situation describes someone taking or using another person's property without permission, which is a form of property interference or damage caused by an individual. This aligns with the Torts/Individuals category, which covers property damage or misuse by another person."
sarvam,I,7,என்ன த⁴னி காரண கொரந்தெ³ யான் கெலஸ பு³டொ³டு³ பந்த்³ பண்டெ³ர்.,My boss told me to leave without any reason,Work/Employment,,Land/Property,Courts/Legal-System,Torts/Individuals,0.90,False,False,False,"The situation describes someone taking land, which is a direct match for the Land/Property category. The person is concerned about their property, not a rental agreement, a debt, or a personal injury."
sarvam,I,8,யான் ஸால கொரி பொ³க்க எங்க் காஸ் வாபாஸ் கொரோந்தி³ஜ்ஜெர்.,The person I lent money to is not returning it,Consumer/Money/Debt,,Work/Employment,Land/Property,Torts/Individuals,0.90,False,False,False,"The situation describes a restriction on the person's ability to work for themselves, which is a core issue in Work/Employment. The person is being prevented from starting their own business, which is a form of employment-related dispute."
sarvam,I,9,என்ன ஓப்பிகெ³ இஜ்ஜந்தெ³ ஏரோ என்ன இல்ல்த³ உலயி ப³த்தேர்.,Someone came into my house without my permission,Housing,,Land/Property,Courts/Legal-System,Torts/Individuals,0.90,False,False,False,"The situation describes someone occupying the person's land without permission and refusing to leave, which directly matches the Land/Property category definition."
sarvam,I,10,அகலெக்³ எங்குலு நிர்ணய மல்தின ஐட்³த்³ ஜாஸ்தி காஸ் கேனோந்து³லேர்.,They want more money than what we decided,Consumer/Money/Debt,,Housing,Torts/Individuals,Land/Property,0.90,False,False,False,"The situation describes being forced to leave one's home, which is a classic eviction or housing dispute. The person's problem is directly related to their dwelling and possession of it."
sarvam,I,11,அகுலு எங்குலு நிர்ணய மல்தின ஸமயட்³த³ து³ம்பே³ ஓப்பந்த³ன் முகி³பாயேர்.,They ended our agreement before the time we decided,Consumer/Money/Debt,Courts/Legal-System,Consumer/Money/Debt,Work/Employment,Torts/Individuals,0.60,True,True,False,"The situation describes a binding agreement, which often involves financial obligations or services. This aligns with the Consumer/Money/Debt category, as it relates to a contract that may involve payment or services."
sarvam,I,12,"யான் த³ஸ்கத் பாட்³யே, மாத்ர காகஜிட்³ தா³தா³ ப³ரெத்ண்ட்³ பந்த்³ கொ³த்திஜி.",I signed a paper but did not understand what it said,Courts/Legal-System,Consumer/Money/Debt,Land/Property,Courts/Legal-System,Torts/Individuals,0.90,False,True,True,"The situation describes a dispute over access to and control of property, which is a core issue within the Land/Property category. The person is being prevented from using something they believe is theirs, a classic property dispute."
sarvam,I,13,யான் காகஜிட்³ த³ஸ்கத் பாடி³ பொ³க்க எங்குலு திர்பு மல்தின விஷயன் அகுலு மல்பேரெ கேனோந்தி³ஜேர்.,After I signed the paper they did not do what they agreed to,Consumer/Money/Debt,,Courts/Legal-System,Consumer/Money/Debt,IP/Identity,0.85,False,True,True,"The person signed a document but did not understand what it said, which is a common issue related to legal documents and the legal system."
sarvam,I,14,எங்க் வோவூ ந்யாயாலயக்³ போடு³ பந்த்³ கொ³த்திஜி.,I don't know which court I should go to,Courts/Legal-System,,Courts/Legal-System,Torts/Individuals,Housing,0.90,True,True,False,"The situation describes someone being sued or filing a case, which is a direct legal-system issue. The problem is the legal action, not a dispute over housing, employment, or property."
sarvam,I,15,எனட்³த³ ஸால தெ³தோந்தி³ன ஜன பே³தெ ஜாக³ட்³ உல்லேர்.,The person who owes me money is in a different place,Courts/Legal-System,Consumer/Money/Debt,Housing,Torts/Individuals,Courts/Legal-System,0.90,False,True,True,"The situation describes someone entering the person's home or dwelling without permission, which is a classic housing issue involving trespass into a home."
sarvam,I,16,என்ன ப³ரீதக்லேன மர என்ன இல்ல்த³ மித்த் பூ³ர்த³ என்ன இல்லன் ஹாள் மல்த்ண்ட்³.,My neighbor's tree fell on my house and damaged it,Torts/Individuals,Housing,Land/Property,Torts/Individuals,Housing,0.90,False,True,True,"The situation describes someone taking or occupying land without permission, which is a direct property dispute. This aligns with the Land/Property category, which covers boundary disputes and unauthorized occupation of land."
sarvam,I,17,"ஏரோ என்ன ஓப்பிகெ³ இஜ்ஜந்தெ³ என்ன ஜாக³ட்³ குலோந்து³, இத்தே பு³ட்³த³ போபுஜேர்.",Someone is living on my land without asking and won't leave,Land/Property,Housing,Land/Property,Courts/Legal-System,Torts/Individuals,0.90,True,True,False,"The situation describes someone occupying land without permission, which is a classic Land/Property issue. The person is dealing with an unauthorized occupation of their property, not a landlord-tenant dispute, a debt, or a personal injury."
sarvam,I,18,ஏரோ அக்லேன ஸாமான்ன் என்ன புத³ர்ட³ மாரோந்து³லேர்.,Someone is selling their things using my name,IP/Identity,,Torts/Individuals,Land/Property,Consumer/Money/Debt,0.75,False,False,False,"The situation describes property being taken or stolen by someone, which is a form of personal harm or property damage caused by another individual, fitting the Torts/Individuals category."
sarvam,I,19,என்ன பராத்த த⁴னி என்ன ஸ்வந்த வ்யாபாரன் ஸுரு மல்பெரெ பு³டோ³ந்தி³ஜேர்.,My old employer is stopping me from starting my own work,Work/Employment,,Torts/Individuals,Land/Property,Housing,0.75,False,False,False,"Property taken or occupied without permission, which is a form of tortious interference with property rights"
sarvam,I,20,என்ன போப தீர் போயி பொ³க்க எங்க் ப³ர்பின ஜாக³ன் என்ன குடும்ப³த³குலு தே³தோண்யேர்.,After my father passed away my family took the land that was meant to be given to me,Estates/Wills,Land/Property,Land/Property,Courts/Legal-System,Torts/Individuals,0.90,False,True,True,"The situation describes someone occupying the person's land without permission, which is a direct match for the Land/Property category. The person is seeking a solution to this unauthorized occupation."
sarvam,J,1,എന്ന ധനി കാസ്ന് വാപസ് കൊർതിജേർ.,My landlord did not give back my money,Housing,Consumer/Money/Debt,Consumer/Money/Debt,Housing,Courts/Legal-System,0.90,False,True,True,"The situation describes a financial dispute where money was taken and is being sought back, which is a classic example of a consumer/money/debt issue."
sarvam,J,2,എന്ന ധനി ഈ തിംഗോൽദ സംബളൻ കൊർതിജേർ.,My employer did not pay me this month,Work/Employment,,Housing,Torts/Individuals,Courts/Legal-System,0.90,False,False,False,"The person is being forced out of their home, which is a classic landlord-tenant or possession dispute. The core issue is the loss of the right to occupy a dwelling."
sarvam,J,3,ഏരാ എന്ന ബേലിൻ ഹാൾ മൽത്ദ് നൻലാ സരി മൽതിജേർ.,Someone broke my fence and did not fix it,Torts/Individuals,,Housing,Torts/Individuals,Courts/Legal-System,0.90,False,True,True,"The situation describes someone entering a house without permission, which is a trespass into a dwelling. This falls under the Housing category, specifically the 'someone entering your house without permission' example."
sarvam,J,4,യാൻ ഏരേഗാ കാസ് കൊരി ബൊക്ക അകുലു തപ്പായേർ.,I gave someone money and they disappeared,Consumer/Money/Debt,,Torts/Individuals,Land/Property,Housing,0.90,False,False,False,"The situation describes personal injury caused by another person, which aligns with the Torts/Individuals category. The phrase 'ബൊക്ക അകുലു തപ്പായേർ' suggests being hit or struck, indicating a physical harm caused by someone else."
sarvam,J,5,എന്ന ബരീതകുലു എന്ന ജാഗൻ ദെത്തേർ.,My neighbor took my land,Land/Property,,IP/Identity,Torts/Individuals,Housing,0.75,False,False,False,"The situation involves a person's name being used or associated with someone else, which falls under the misuse of personal identity."
sarvam,J,6,ഏരാ എങ്ക് ബഡുടു ആകി ബൊക്ക എന്ന കൈ ബേനെ ആവൊന്ദുണ്ഡു.,After someone hit me with a stick my hand hurts,Torts/Individuals,,Torts/Individuals,Land/Property,Housing,0.75,True,True,False,"Physical act of taking someone's hand/arm without permission, which constitutes property damage or personal injury caused by another person"
sarvam,J,7,എന്ന ധനി കാരണ കൊരന്ദെ യാൻ കെലസ ബുഡൊഡു പന്ദ് പണ്ഡെർ.,My boss told me to leave without any reason,Work/Employment,,Land/Property,Torts/Individuals,Courts/Legal-System,0.90,False,False,False,"The situation describes someone occupying land without permission, which is a direct match for the Land/Property category. The person's problem is the unauthorized occupation of their property."
sarvam,J,8,യാൻ സാല കൊരി ബൊക്ക എങ്ക് കാസ് വാപാസ് കൊരോന്ദിജ്ജെർ.,The person I lent money to is not returning it,Consumer/Money/Debt,,Torts/Individuals,Housing,Work/Employment,0.85,False,False,False,"Personal injury or harm caused by another person's action, which aligns with the Torts/Individuals category."
sarvam,J,9,എന്ന ഓപ്പിഗെ ഇജ്ജന്ദെ ഏരോ എന്ന ഇല്ല്ദ ഉലയി ബത്തേർ.,Someone came into my house without my permission,Housing,,Land/Property,Housing,Torts/Individuals,0.85,False,True,True,"The situation describes someone occupying or taking the person's land without permission, which directly aligns with the Land/Property category definition of 'someone occupying your land without permission and refusing to leave'."
sarvam,J,10,അകലെഗ് എങ്കുലു നിർണയ മൽതിന ഐഡ്ദ് ജാസ്തി കാസ് കേനോന്ദുലേർ.,They want more money than what we decided,Consumer/Money/Debt,,Courts/Legal-System,Housing,Work/Employment,0.90,False,False,False,"The situation explicitly mentions confusion about which court to go to, which is a direct problem related to navigating the legal system and filing procedures."
sarvam,J,11,അകുലു എങ്കുലു നിർണയ മൽതിന സമയഡ്ദ ദുംബേ ഓപ്പന്ദൻ മുഗിപായേർ.,They ended our agreement before the time we decided,Consumer/Money/Debt,Courts/Legal-System,Torts/Individuals,Housing,Work/Employment,0.90,False,False,False,"The situation describes a person being physically harmed or attacked by someone else, which is a classic tort/individual injury case."
sarvam,J,12,"യാൻ ദസ്കത് പാഡ്യേ, മാത്ര കാകജിഡ് ദാദാ ബരെത്ണ്ഡ് പന്ദ് ഗൊത്തിജി.",I signed a paper but did not understand what it said,Courts/Legal-System,Consumer/Money/Debt,Consumer/Money/Debt,Courts/Legal-System,Work/Employment,0.85,False,True,True,"The situation describes a failure to fulfill an agreement, which is a core aspect of a debt or contract issue. It is not a housing, work, land, tort, court, IP, or estate problem."
sarvam,J,13,യാൻ കാകജിഡ് ദസ്കത് പാഡി ബൊക്ക എങ്കുലു തിർപു മൽതിന വിഷയൻ അകുലു മല്പേരെ കേനോന്ദിജേർ.,After I signed the paper they did not do what they agreed to,Consumer/Money/Debt,,Courts/Legal-System,Torts/Individuals,Housing,0.75,False,False,False,"The person is facing an accusation or questioning from someone, which suggests a legal or formal dispute. This aligns with the category's focus on confusion about legal procedures or interactions with legal authorities."
sarvam,J,14,എങ്ക് വോവൂ ന്യായാലയഗ് പോഡു പന്ദ് ഗൊത്തിജി.,I don't know which court I should go to,Courts/Legal-System,,Courts/Legal-System,Torts/Individuals,Land/Property,0.65,True,True,False,"The person is describing a situation where they believe someone has committed an injustice or wrongdoing, likely related to a legal matter, but the specific details are not provided in the text. This suggests they may need to seek legal advice or take action in a court."
sarvam,J,15,എനഡ്ദ സാല ദെതോന്ദിന ജന ബേതെ ജാഗഡ് ഉല്ലേർ.,The person who owes me money is in a different place,Courts/Legal-System,Consumer/Money/Debt,Land/Property,Housing,Torts/Individuals,0.90,False,False,False,"The situation describes someone taking or occupying land without permission, which is a direct property rights issue. This aligns with the Land/Property category, which covers boundary disputes, unauthorized occupation, and land taken by others."
sarvam,J,16,എന്ന ബരീതക്ലേന മര എന്ന ഇല്ല്ദ മിത്ത് ബൂർദ എന്ന ഇല്ലൻ ഹാൾ മൽത്ണ്ഡ്.,My neighbor's tree fell on my house and damaged it,Torts/Individuals,Housing,Land/Property,Torts/Individuals,Housing,0.85,False,True,True,"The situation describes someone occupying a person's dwelling without permission, which is a direct violation of property rights and a boundary/trespass issue. This aligns with the Land/Property category, which covers unauthorized occupation of land or a dwelling."
sarvam,J,17,"ഏരോ എന്ന ഓപ്പിഗെ ഇജ്ജന്ദെ എന്ന ജാഗഡ് കുലോന്ദു, ഇത്തേ ബുഡ്ദ പോപുജേർ.",Someone is living on my land without asking and won't leave,Land/Property,Housing,Land/Property,Housing,Torts/Individuals,0.85,True,True,False,"The situation describes someone occupying land without permission, which directly matches the Land/Property category's definition of an unauthorized occupant refusing to leave."
sarvam,J,18,ഏരോ അക്ലേന സാമാന്ന് എന്ന പുദർഡ മാരോന്ദുലേർ.,Someone is selling their things using my name,IP/Identity,,Torts/Individuals,Housing,Work/Employment,0.85,False,False,False,"The situation describes a person being harmed or injured by another individual, which is a classic example of a tort. The core issue is the personal harm caused by someone else's actions."
sarvam,J,19,എന്ന പരാത്ത ധനി എന്ന സ്വന്ത വ്യാപാരൻ സുരു മല്പെരെ ബുഡോന്ദിജേർ.,My old employer is stopping me from starting my own work,Work/Employment,,IP/Identity,Torts/Individuals,Housing,0.90,False,False,False,"The situation describes someone using the person's name or business identity without permission, which directly matches the definition of IP/Identity."
sarvam,J,20,എന്ന പോപ തീർ പോയി ബൊക്ക എങ്ക് ബർപിന ജാഗൻ എന്ന കുടുംബദകുലു ദേതോണ്യേർ.,After my father passed away my family took the land that was meant to be given to me,Estates/Wills,Land/Property,Land/Property,Housing,Torts/Individuals,0.90,False,True,True,"The situation describes someone occupying the person's land without permission and refusing to leave, which is a classic land/property dispute. The focus is on possession and boundaries, not a landlord-tenant relationship or a financial transaction."
sarvam,K_sparse,1,என்ன த⁴னி காஸ்ன் வாபஸ் கொர்திஜேர்.,My landlord did not give back my money,Housing,Consumer/Money/Debt,Consumer/Money/Debt,Housing,Torts/Individuals,0.85,False,True,True,"The situation involves a request for the return of something, likely money or an item, which is a common issue in consumer or debt disputes. The key word 'வாபஸ்' (return/back) points to a failure to fulfill an obligation, such as returning a deposit or a purchased item."
sarvam,K_sparse,2,என்ன த⁴னி ஈ திங்கோ³ல்த³ ஸம்ப³ளன் கொர்திஜேர்.,My employer did not pay me this month,Work/Employment,,Housing,Torts/Individuals,Consumer/Money/Debt,0.85,False,False,False,"The situation describes being forced to leave a home or dwelling, which is a core housing issue related to eviction or the right to occupy a residence."
sarvam,K_sparse,3,ஏரா என்ன பே³லின் ஹாள் மல்த்த்³ நன்லா ஸரி மல்திஜேர்.,Someone broke my fence and did not fix it,Torts/Individuals,,Land/Property,Housing,Torts/Individuals,0.75,False,True,True,"The situation appears to involve a dispute or issue related to land or property, which aligns with the Land/Property category. The specific nature of the problem is unclear, but it is centered around land or property."
sarvam,K_sparse,4,யான் ஏரேகா³ காஸ் கொரி பொ³க்க அகுலு தப்பாயேர்.,I gave someone money and they disappeared,Consumer/Money/Debt,,Torts/Individuals,Courts/Legal-System,Consumer/Money/Debt,0.75,False,True,True,"The situation describes a personal wrong where the person is being falsely accused of an action, which is a form of personal injury or harm. This aligns with the Torts/Individuals category, which covers personal issues and disputes between individuals."
sarvam,K_sparse,5,என்ன ப³ரீதகுலு என்ன ஜாக³ன் தெ³த்தேர்.,My neighbor took my land,Land/Property,,Torts/Individuals,Courts/Legal-System,Consumer/Money/Debt,0.65,False,False,False,"The situation involves a demand or request ('ஜாக³ன் தெ³த்தேர்') and a response ('ப³ரீதகுலு'), which could relate to a personal injury or a situation where someone's actions are causing harm, falling under Torts/Individuals."
sarvam,K_sparse,6,ஏரா எங்க் ப³டு³டு ஆகி பொ³க்க என்ன கை பே³னெ ஆவொந்து³ண்டு³.,After someone hit me with a stick my hand hurts,Torts/Individuals,,Land/Property,Torts/Individuals,Housing,0.90,False,True,True,"The situation describes someone occupying land without permission and refusing to leave, which directly aligns with the Land/Property category definition of 'someone occupying your land without permission and refusing to leave'."
sarvam,K_sparse,7,என்ன த⁴னி காரண கொரந்தெ³ யான் கெலஸ பு³டொ³டு³ பந்த்³ பண்டெ³ர்.,My boss told me to leave without any reason,Work/Employment,,Torts/Individuals,Land/Property,Courts/Legal-System,0.85,False,False,False,"The situation describes harm or damage caused by another person, which is the definition of a tort. The person is seeking a resolution for a wrong done to them."
sarvam,K_sparse,8,யான் ஸால கொரி பொ³க்க எங்க் காஸ் வாபாஸ் கொரோந்தி³ஜ்ஜெர்.,The person I lent money to is not returning it,Consumer/Money/Debt,,Torts/Individuals,Housing,Work/Employment,0.75,False,False,False,"The person is experiencing harm or injury from another person's actions (being forced to return), which fits the Torts/Individuals category."
sarvam,K_sparse,9,என்ன ஓப்பிகெ³ இஜ்ஜந்தெ³ ஏரோ என்ன இல்ல்த³ உலயி ப³த்தேர்.,Someone came into my house without my permission,Housing,,Torts/Individuals,Courts/Legal-System,Consumer/Money/Debt,0.65,False,False,False,"The situation describes a personal conflict or a demand being made, which could be a form of personal injury or harm, such as being forced to do something against one's will. This aligns with the Torts/Individuals category, which covers personal conflicts and demands."
sarvam,K_sparse,10,அகலெக்³ எங்குலு நிர்ணய மல்தின ஐட்³த்³ ஜாஸ்தி காஸ் கேனோந்து³லேர்.,They want more money than what we decided,Consumer/Money/Debt,,Housing,Torts/Individuals,Courts/Legal-System,0.85,False,False,False,"The situation describes a dispute over the right to occupy a dwelling, specifically someone being forced to leave. This aligns with Housing category examples like eviction and trespass, as the core issue is the loss of access to a home."
sarvam,K_sparse,11,அகுலு எங்குலு நிர்ணய மல்தின ஸமயட்³த³ து³ம்பே³ ஓப்பந்த³ன் முகி³பாயேர்.,They ended our agreement before the time we decided,Consumer/Money/Debt,Courts/Legal-System,Consumer/Money/Debt,Torts/Individuals,Work/Employment,0.75,True,True,False,"The situation describes a broken agreement or promise, which is a form of contract breach. This aligns with the Consumer/Money/Debt category, which includes contract breaches involving payment or performance."
sarvam,K_sparse,12,"யான் த³ஸ்கத் பாட்³யே, மாத்ர காகஜிட்³ தா³தா³ ப³ரெத்ண்ட்³ பந்த்³ கொ³த்திஜி.",I signed a paper but did not understand what it said,Courts/Legal-System,Consumer/Money/Debt,Courts/Legal-System,Consumer/Money/Debt,IP/Identity,0.90,True,True,False,"The situation describes signing a document without understanding its contents, which is a direct example of a legal-system issue related to contracts and agreements."
sarvam,K_sparse,13,யான் காகஜிட்³ த³ஸ்கத் பாடி³ பொ³க்க எங்குலு திர்பு மல்தின விஷயன் அகுலு மல்பேரெ கேனோந்தி³ஜேர்.,After I signed the paper they did not do what they agreed to,Consumer/Money/Debt,,Courts/Legal-System,Land/Property,Consumer/Money/Debt,0.90,False,True,True,"The situation explicitly mentions confusion about which court to go to, which is a direct match for the Courts/Legal-System category. The person is unsure about the proper legal venue for their problem."
sarvam,K_sparse,14,எங்க் வோவூ ந்யாயாலயக்³ போடு³ பந்த்³ கொ³த்திஜி.,I don't know which court I should go to,Courts/Legal-System,,Work/Employment,Housing,Consumer/Money/Debt,0.75,False,False,False,"The situation describes a dispute with an institution (school) regarding a service or placement, which is analogous to a workplace issue. The person is facing a problem with the school's decision or action, similar to a conflict with an employer."
sarvam,K_sparse,15,எனட்³த³ ஸால தெ³தோந்தி³ன ஜன பே³தெ ஜாக³ட்³ உல்லேர்.,The person who owes me money is in a different place,Courts/Legal-System,Consumer/Money/Debt,Land/Property,Torts/Individuals,Courts/Legal-System,0.90,False,True,True,"The person is concerned about their land being taken, which is a direct property dispute. This aligns with the Land/Property category, which includes issues like someone taking your land or occupying your land without permission."
sarvam,K_sparse,16,என்ன ப³ரீதக்லேன மர என்ன இல்ல்த³ மித்த் பூ³ர்த³ என்ன இல்லன் ஹாள் மல்த்ண்ட்³.,My neighbor's tree fell on my house and damaged it,Torts/Individuals,Housing,Torts/Individuals,Housing,Land/Property,0.90,True,True,False,"The situation describes personal injury or harm caused by another person, which is the core of tort law. The person is seeking a remedy for the harm they have suffered."
sarvam,K_sparse,17,"ஏரோ என்ன ஓப்பிகெ³ இஜ்ஜந்தெ³ என்ன ஜாக³ட்³ குலோந்து³, இத்தே பு³ட்³த³ போபுஜேர்.",Someone is living on my land without asking and won't leave,Land/Property,Housing,Land/Property,Housing,Torts/Individuals,0.90,True,True,False,"The situation involves a dispute over land where someone is occupying the property without permission and refusing to leave, which directly aligns with the Land/Property category."
sarvam,K_sparse,18,ஏரோ அக்லேன ஸாமான்ன் என்ன புத³ர்ட³ மாரோந்து³லேர்.,Someone is selling their things using my name,IP/Identity,,Torts/Individuals,Consumer/Money/Debt,Housing,0.75,False,False,False,"The situation describes a person ('ஸாமான்ன்') causing trouble or harm to the speaker ('என்ன'). This aligns with the Torts/Individuals category, which covers personal injury or property damage caused by another person. The description is general and points towards a personal conflict or harm, rather than a specific financial or contractual dispute."
sarvam,K_sparse,19,என்ன பராத்த த⁴னி என்ன ஸ்வந்த வ்யாபாரன் ஸுரு மல்பெரெ பு³டோ³ந்தி³ஜேர்.,My old employer is stopping me from starting my own work,Work/Employment,,Work/Employment,Courts/Legal-System,Torts/Individuals,0.85,True,True,False,"The person is being prevented by their employer from starting their own business, which is a dispute related to employment and business activities."
sarvam,K_sparse,20,என்ன போப தீர் போயி பொ³க்க எங்க் ப³ர்பின ஜாக³ன் என்ன குடும்ப³த³குலு தே³தோண்யேர்.,After my father passed away my family took the land that was meant to be given to me,Estates/Wills,Land/Property,Estates/Wills,Land/Property,Courts/Legal-System,0.90,True,True,False,"The situation describes a dispute over inheritance and assets after a family member's death, which is the primary focus of the Estates/Wills category."
sarvam,K_full,1,என்ன த⁴னி காஸ்ன் வாபஸ் கொர்திஜேர்.,My landlord did not give back my money,Housing,Consumer/Money/Debt,Consumer/Money/Debt,Housing,Torts/Individuals,0.90,False,True,True,"The situation describes a dispute over money (காஸ்) that was given and not returned. This is a classic example of a debt or a financial obligation that has not been fulfilled, which falls under the Consumer/Money/Debt category."
sarvam,K_full,2,என்ன த⁴னி ஈ திங்கோ³ல்த³ ஸம்ப³ளன் கொர்திஜேர்.,My employer did not pay me this month,Work/Employment,,Torts/Individuals,Consumer/Money/Debt,Housing,0.85,False,False,False,"Personal injury caused by another person, as indicated by the phrase 'my hand hurts'."
sarvam,K_full,3,ஏரா என்ன பே³லின் ஹாள் மல்த்த்³ நன்லா ஸரி மல்திஜேர்.,Someone broke my fence and did not fix it,Torts/Individuals,,Torts/Individuals,Land/Property,Housing,0.85,True,True,False,"The situation describes harm or damage caused by another person's actions, which is the definition of a tort. The person is seeking redress for this personal injury or property damage."
sarvam,K_full,4,யான் ஏரேகா³ காஸ் கொரி பொ³க்க அகுலு தப்பாயேர்.,I gave someone money and they disappeared,Consumer/Money/Debt,,Consumer/Money/Debt,Courts/Legal-System,Housing,0.95,True,True,False,"The situation describes a person who gave money to someone and that person did not return it. This is a clear case of a debt or loan that was not repaid, which is the core of the Consumer/Money/Debt category."
sarvam,K_full,5,என்ன ப³ரீதகுலு என்ன ஜாக³ன் தெ³த்தேர்.,My neighbor took my land,Land/Property,,Land/Property,Torts/Individuals,Courts/Legal-System,0.95,True,True,False,"The situation describes someone taking or occupying land without permission, which is a direct example of a land/property dispute. The person's land has been taken, which is the core issue."
sarvam,K_full,6,ஏரா எங்க் ப³டு³டு ஆகி பொ³க்க என்ன கை பே³னெ ஆவொந்து³ண்டு³.,After someone hit me with a stick my hand hurts,Torts/Individuals,,Land/Property,Torts/Individuals,Courts/Legal-System,0.85,False,True,True,"Someone is occupying the person's land without permission and refusing to leave, which is a direct property dispute."
sarvam,K_full,7,என்ன த⁴னி காரண கொரந்தெ³ யான் கெலஸ பு³டொ³டு³ பந்த்³ பண்டெ³ர்.,My boss told me to leave without any reason,Work/Employment,,Land/Property,Courts/Legal-System,Torts/Individuals,0.90,False,False,False,"The situation describes a dispute over land, which is the central theme of the Land/Property category. The person is concerned about their land being taken or occupied."
sarvam,K_full,8,யான் ஸால கொரி பொ³க்க எங்க் காஸ் வாபாஸ் கொரோந்தி³ஜ்ஜெர்.,The person I lent money to is not returning it,Consumer/Money/Debt,,Consumer/Money/Debt,Housing,Courts/Legal-System,0.85,True,True,False,"The situation involves money (ஸால) being given and the person is asking for its return (வாபாஸ்), which is a clear debt or money owed issue."
sarvam,K_full,9,என்ன ஓப்பிகெ³ இஜ்ஜந்தெ³ ஏரோ என்ன இல்ல்த³ உலயி ப³த்தேர்.,Someone came into my house without my permission,Housing,,Courts/Legal-System,Land/Property,Torts/Individuals,0.75,False,False,False,"The situation involves a lack of permission or consent ('இஜ்ஜந்தெ³ ஏரோ', 'உலயி ப³த்தேர்'), which is a common issue in legal contexts, especially when dealing with agreements or documents. The person is concerned about the denial of permission, which relates to understanding and agreement, a key aspect of legal processes."
sarvam,K_full,10,அகலெக்³ எங்குலு நிர்ணய மல்தின ஐட்³த்³ ஜாஸ்தி காஸ் கேனோந்து³லேர்.,They want more money than what we decided,Consumer/Money/Debt,,Land/Property,Housing,Torts/Individuals,0.90,False,False,False,"Someone is occupying the person's land without permission and refusing to leave, which is a classic land/property dispute."
sarvam,K_full,11,அகுலு எங்குலு நிர்ணய மல்தின ஸமயட்³த³ து³ம்பே³ ஓப்பந்த³ன் முகி³பாயேர்.,They ended our agreement before the time we decided,Consumer/Money/Debt,Courts/Legal-System,Work/Employment,Consumer/Money/Debt,Courts/Legal-System,0.65,False,True,True,"The situation describes someone ending an agreement or contract, which could relate to employment or a work-related agreement. The term 'ஓப்பந்த³ன்' (agreement) and 'முகி³பாயேர்' (ending) suggest a termination of a professional or work-related arrangement."
sarvam,K_full,12,"யான் த³ஸ்கத் பாட்³யே, மாத்ர காகஜிட்³ தா³தா³ ப³ரெத்ண்ட்³ பந்த்³ கொ³த்திஜி.",I signed a paper but did not understand what it said,Courts/Legal-System,Consumer/Money/Debt,Courts/Legal-System,Consumer/Money/Debt,IP/Identity,0.90,True,True,False,"The person signed a document without understanding it, which is a common issue when navigating the legal system. This directly relates to confusion about legal documents and procedures."
sarvam,K_full,13,யான் காகஜிட்³ த³ஸ்கத் பாடி³ பொ³க்க எங்குலு திர்பு மல்தின விஷயன் அகுலு மல்பேரெ கேனோந்தி³ஜேர்.,After I signed the paper they did not do what they agreed to,Consumer/Money/Debt,,Courts/Legal-System,Consumer/Money/Debt,IP/Identity,0.90,False,True,True,"The situation describes signing a document without understanding its contents, which directly relates to confusion about legal documents and the legal system."
sarvam,K_full,14,எங்க் வோவூ ந்யாயாலயக்³ போடு³ பந்த்³ கொ³த்திஜி.,I don't know which court I should go to,Courts/Legal-System,,Courts/Legal-System,Work/Employment,Housing,0.75,True,True,False,"The situation describes a dispute with an authority figure (implied to be an institution or person) over a requirement to attend a school, which is a legal or administrative matter. This falls under the category of confusion about legal requirements or jurisdiction."
sarvam,K_full,15,எனட்³த³ ஸால தெ³தோந்தி³ன ஜன பே³தெ ஜாக³ட்³ உல்லேர்.,The person who owes me money is in a different place,Courts/Legal-System,Consumer/Money/Debt,Consumer/Money/Debt,Housing,Work/Employment,0.85,False,True,True,The situation describes a dispute over a loan or debt ('ஸால') and the inability to complete the payment ('தெ³தோந்தி³ன ஜன பே³தெ'). This is a classic consumer/money/debt issue.
sarvam,K_full,16,என்ன ப³ரீதக்லேன மர என்ன இல்ல்த³ மித்த் பூ³ர்த³ என்ன இல்லன் ஹாள் மல்த்ண்ட்³.,My neighbor's tree fell on my house and damaged it,Torts/Individuals,Housing,Land/Property,Housing,Torts/Individuals,0.85,False,True,True,"The situation describes a dispute over land, which aligns with the Land/Property category. The person is concerned about someone taking their land, which is a common issue in this category."
sarvam,K_full,17,"ஏரோ என்ன ஓப்பிகெ³ இஜ்ஜந்தெ³ என்ன ஜாக³ட்³ குலோந்து³, இத்தே பு³ட்³த³ போபுஜேர்.",Someone is living on my land without asking and won't leave,Land/Property,Housing,Land/Property,Torts/Individuals,Courts/Legal-System,0.90,True,True,False,"The situation describes someone occupying the person's land without permission, which is a direct property dispute. This aligns with the Land/Property category, which covers boundary disputes and unauthorized occupation of land."
sarvam,K_full,18,ஏரோ அக்லேன ஸாமான்ன் என்ன புத³ர்ட³ மாரோந்து³லேர்.,Someone is selling their things using my name,IP/Identity,,Land/Property,Housing,Torts/Individuals,0.90,False,False,False,"The situation describes someone taking or occupying the person's land/property without permission, which is a core issue within the Land/Property category."
sarvam,K_full,19,என்ன பராத்த த⁴னி என்ன ஸ்வந்த வ்யாபாரன் ஸுரு மல்பெரெ பு³டோ³ந்தி³ஜேர்.,My old employer is stopping me from starting my own work,Work/Employment,,IP/Identity,Torts/Individuals,Consumer/Money/Debt,0.90,False,False,False,"The situation describes someone using the person's name or identity to sell something, which is a direct misuse of personal identity. This is the primary legal issue presented."
sarvam,K_full,20,என்ன போப தீர் போயி பொ³க்க எங்க் ப³ர்பின ஜாக³ன் என்ன குடும்ப³த³குலு தே³தோண்யேர்.,After my father passed away my family took the land that was meant to be given to me,Estates/Wills,Land/Property,Courts/Legal-System,Land/Property,Housing,0.90,False,True,True,"The person explicitly states they don't know which court to go to, which is a direct match for the Courts/Legal-System category. The problem is about the process of filing a complaint, not about the underlying dispute itself."
sarvam,L_sparse,1,എന്ന ധനി കാസ്ന് വാപസ് കൊർതിജേർ.,My landlord did not give back my money,Housing,Consumer/Money/Debt,Land/Property,Consumer/Money/Debt,Housing,0.85,False,True,True,"The situation describes the non-return of an item, which is a property-related dispute. It is not a debt, as the focus is on the item itself, not money. It is not a tort, as there is no damage or injury."
sarvam,L_sparse,2,എന്ന ധനി ഈ തിംഗോൽദ സംബളൻ കൊർതിജേർ.,My employer did not pay me this month,Work/Employment,,Consumer/Money/Debt,Torts/Individuals,Housing,0.90,False,False,False,"The situation describes giving money to someone and not getting it back, which is a core issue in the Consumer/Money/Debt category."
sarvam,L_sparse,3,ഏരാ എന്ന ബേലിൻ ഹാൾ മൽത്ദ് നൻലാ സരി മൽതിജേർ.,Someone broke my fence and did not fix it,Torts/Individuals,,Housing,Torts/Individuals,Courts/Legal-System,0.90,False,True,True,"The situation describes someone entering the person's house without permission, which directly aligns with the Housing category's examples of 'someone entering your house without asking' or 'trespass into a home or dwelling'."
sarvam,L_sparse,4,യാൻ ഏരേഗാ കാസ് കൊരി ബൊക്ക അകുലു തപ്പായേർ.,I gave someone money and they disappeared,Consumer/Money/Debt,,Work/Employment,Consumer/Money/Debt,Courts/Legal-System,0.90,False,True,True,"The situation describes non-payment for work performed, which is a classic wage or compensation dispute under the Work/Employment category."
sarvam,L_sparse,5,എന്ന ബരീതകുലു എന്ന ജാഗൻ ദെത്തേർ.,My neighbor took my land,Land/Property,,Torts/Individuals,Land/Property,Housing,0.60,False,True,True,"The situation involves a person (ജാഗൻ) and a term (ബരീതകുലു) that could imply a personal issue or harm, fitting the Torts/Individuals category."
sarvam,L_sparse,6,ഏരാ എങ്ക് ബഡുടു ആകി ബൊക്ക എന്ന കൈ ബേനെ ആവൊന്ദുണ്ഡു.,After someone hit me with a stick my hand hurts,Torts/Individuals,,Torts/Individuals,Land/Property,Housing,0.85,True,True,False,"The situation describes property damage caused by another person. This is a classic tort, specifically a case of negligence or property damage, where one party's actions have caused harm to another's property."
sarvam,L_sparse,7,എന്ന ധനി കാരണ കൊരന്ദെ യാൻ കെലസ ബുഡൊഡു പന്ദ് പണ്ഡെർ.,My boss told me to leave without any reason,Work/Employment,,Consumer/Money/Debt,Courts/Legal-System,Torts/Individuals,0.85,False,False,False,"The situation describes a dispute over a financial obligation or debt, which is the core of the Consumer/Money/Debt category. The person is seeking to understand their legal options regarding a money-related issue."
sarvam,L_sparse,8,യാൻ സാല കൊരി ബൊക്ക എങ്ക് കാസ് വാപാസ് കൊരോന്ദിജ്ജെർ.,The person I lent money to is not returning it,Consumer/Money/Debt,,Consumer/Money/Debt,Housing,Work/Employment,0.90,True,True,False,"The situation describes a person giving money to another who failed to return it, which is a direct debt or loan repayment issue."
sarvam,L_sparse,9,എന്ന ഓപ്പിഗെ ഇജ്ജന്ദെ ഏരോ എന്ന ഇല്ല്ദ ഉലയി ബത്തേർ.,Someone came into my house without my permission,Housing,,Land/Property,Torts/Individuals,Courts/Legal-System,0.85,False,False,False,"The situation describes a dispute over land, which aligns with the Land/Property category's definition of someone occupying land without permission and refusing to leave."
sarvam,L_sparse,10,അകലെഗ് എങ്കുലു നിർണയ മൽതിന ഐഡ്ദ് ജാസ്തി കാസ് കേനോന്ദുലേർ.,They want more money than what we decided,Consumer/Money/Debt,,Torts/Individuals,Courts/Legal-System,Work/Employment,0.75,False,False,False,"The situation describes a personal dispute or disagreement between individuals, which falls under Torts/Individuals. The person is expressing anger about a decision made by someone else, indicating a conflict between individuals."
sarvam,L_sparse,11,അകുലു എങ്കുലു നിർണയ മൽതിന സമയഡ്ദ ദുംബേ ഓപ്പന്ദൻ മുഗിപായേർ.,They ended our agreement before the time we decided,Consumer/Money/Debt,Courts/Legal-System,Housing,Torts/Individuals,Courts/Legal-System,0.75,False,True,True,"The situation involves a person being forced to leave a place, which relates to their rights and property in a dwelling. This is a housing-related issue, specifically concerning the security of one's home."
sarvam,L_sparse,12,"യാൻ ദസ്കത് പാഡ്യേ, മാത്ര കാകജിഡ് ദാദാ ബരെത്ണ്ഡ് പന്ദ് ഗൊത്തിജി.",I signed a paper but did not understand what it said,Courts/Legal-System,Consumer/Money/Debt,Courts/Legal-System,Consumer/Money/Debt,Work/Employment,0.75,True,True,False,"The situation involves a condition or exception ('mattu kaakajid daadaa baretnd paundji') that was not met, which is typical in legal or contractual disputes. The use of 'mattu' (but/contrast) and 'kaakajid' (if/when) suggests a failure to fulfill a requirement, aligning with the Courts/Legal-System category."
sarvam,L_sparse,13,യാൻ കാകജിഡ് ദസ്കത് പാഡി ബൊക്ക എങ്കുലു തിർപു മൽതിന വിഷയൻ അകുലു മല്പേരെ കേനോന്ദിജേർ.,After I signed the paper they did not do what they agreed to,Consumer/Money/Debt,,Torts/Individuals,Courts/Legal-System,Housing,0.75,False,False,False,"The situation describes a personal accusation or dispute between individuals, which falls under the Torts/Individuals category. The person is questioning the other's claim, which is a form of personal conflict."
sarvam,L_sparse,14,എങ്ക് വോവൂ ന്യായാലയഗ് പോഡു പന്ദ് ഗൊത്തിജി.,I don't know which court I should go to,Courts/Legal-System,,Courts/Legal-System,Land/Property,Housing,0.90,True,True,False,"The person is explicitly barred from entering a court, which is a procedural issue within the legal system. This relates to the process of accessing a court, not the substance of a dispute."
sarvam,L_sparse,15,എനഡ്ദ സാല ദെതോന്ദിന ജന ബേതെ ജാഗഡ് ഉല്ലേർ.,The person who owes me money is in a different place,Courts/Legal-System,Consumer/Money/Debt,Land/Property,Torts/Individuals,Courts/Legal-System,0.85,False,True,True,"The situation describes a dispute over land or property, which directly falls under the Land/Property category. The person is facing an issue related to their land, and the problem is not about money, employment, or a legal system process."
sarvam,L_sparse,16,എന്ന ബരീതക്ലേന മര എന്ന ഇല്ല്ദ മിത്ത് ബൂർദ എന്ന ഇല്ലൻ ഹാൾ മൽത്ണ്ഡ്.,My neighbor's tree fell on my house and damaged it,Torts/Individuals,Housing,Torts/Individuals,Land/Property,Housing,0.90,True,True,False,Property damage caused by another person's negligence (a tree from a neighbor's land fell on the person's house).
sarvam,L_sparse,17,"ഏരോ എന്ന ഓപ്പിഗെ ഇജ്ജന്ദെ എന്ന ജാഗഡ് കുലോന്ദു, ഇത്തേ ബുഡ്ദ പോപുജേർ.",Someone is living on my land without asking and won't leave,Land/Property,Housing,Land/Property,Courts/Legal-System,Torts/Individuals,0.75,True,True,False,"The situation involves someone performing a puja on the person's land without permission, which is an unauthorized use of property. While not a traditional ownership dispute, it falls under the umbrella of land/property issues, specifically concerning the control and use of one's property."
sarvam,L_sparse,18,ഏരോ അക്ലേന സാമാന്ന് എന്ന പുദർഡ മാരോന്ദുലേർ.,Someone is selling their things using my name,IP/Identity,,Torts/Individuals,Work/Employment,Land/Property,0.65,False,False,False,"The situation describes someone causing trouble or harm, which could be interpreted as a tortious act. However, the context is unclear, so this is a general classification."
sarvam,L_sparse,19,എന്ന പരാത്ത ധനി എന്ന സ്വന്ത വ്യാപാരൻ സുരു മല്പെരെ ബുഡോന്ദിജേർ.,My old employer is stopping me from starting my own work,Work/Employment,,Work/Employment,Torts/Individuals,Consumer/Money/Debt,0.75,True,True,False,"The situation describes interference with a person's business, which is a form of employment-related issue involving unfair competition or business interference."
sarvam,L_sparse,20,എന്ന പോപ തീർ പോയി ബൊക്ക എങ്ക് ബർപിന ജാഗൻ എന്ന കുടുംബദകുലു ദേതോണ്യേർ.,After my father passed away my family took the land that was meant to be given to me,Estates/Wills,Land/Property,Land/Property,Torts/Individuals,Courts/Legal-System,0.90,False,True,True,"The situation involves a dispute over land or property, which is the core focus of the Land/Property category. The person is seeking to resolve an issue related to their land."
sarvam,L_full,1,എന്ന ധനി കാസ്ന് വാപസ് കൊർതിജേർ.,My landlord did not give back my money,Housing,Consumer/Money/Debt,Consumer/Money/Debt,Work/Employment,Housing,0.95,False,True,True,"The situation describes a financial dispute where money was given to an employer but not returned. This is a clear example of a debt or financial obligation that has not been settled, which is the core of the Consumer/Money/Debt category."
sarvam,L_full,2,എന്ന ധനി ഈ തിംഗോൽദ സംബളൻ കൊർതിജേർ.,My employer did not pay me this month,Work/Employment,,Work/Employment,Consumer/Money/Debt,Courts/Legal-System,0.90,True,True,False,"The situation describes a failure by an employer (dhani) to pay wages (സംബളൻ), which is a direct issue within the employment relationship. The problem is rooted in the employer-employee dynamic, not a general consumer debt or housing dispute."
sarvam,L_full,3,ഏരാ എന്ന ബേലിൻ ഹാൾ മൽത്ദ് നൻലാ സരി മൽതിജേർ.,Someone broke my fence and did not fix it,Torts/Individuals,,Land/Property,Torts/Individuals,Housing,0.95,False,True,True,"The situation describes someone occupying the person's house without permission and refusing to leave. This is a direct violation of property rights and a case of trespass/unlawful occupation of land, which falls under the Land/Property category."
sarvam,L_full,4,യാൻ ഏരേഗാ കാസ് കൊരി ബൊക്ക അകുലു തപ്പായേർ.,I gave someone money and they disappeared,Consumer/Money/Debt,,Consumer/Money/Debt,Housing,Courts/Legal-System,0.90,True,True,False,"The situation describes a financial transaction where money was given and not returned, which directly relates to a debt or a breach of a monetary agreement. This is the primary issue described."
sarvam,L_full,5,എന്ന ബരീതകുലു എന്ന ജാഗൻ ദെത്തേർ.,My neighbor took my land,Land/Property,,Land/Property,Housing,Torts/Individuals,0.90,True,True,False,"The situation describes someone taking land, which is a direct dispute over property ownership and boundaries, fitting the Land/Property category."
sarvam,L_full,6,ഏരാ എങ്ക് ബഡുടു ആകി ബൊക്ക എന്ന കൈ ബേനെ ആവൊന്ദുണ്ഡു.,After someone hit me with a stick my hand hurts,Torts/Individuals,,Torts/Individuals,Consumer/Money/Debt,Housing,0.85,True,True,False,"The situation describes a physical act of aggression (making a hand into a fist) which could be interpreted as a strike or hit, causing potential personal injury. This falls under the category of torts/individuals, which covers personal injury caused by another person."
sarvam,L_full,7,എന്ന ധനി കാരണ കൊരന്ദെ യാൻ കെലസ ബുഡൊഡു പന്ദ് പണ്ഡെർ.,My boss told me to leave without any reason,Work/Employment,,Work/Employment,Courts/Legal-System,Land/Property,0.90,True,True,False,"The situation describes an employer making the person leave, which is a direct issue related to employment termination or dismissal."
sarvam,L_full,8,യാൻ സാല കൊരി ബൊക്ക എങ്ക് കാസ് വാപാസ് കൊരോന്ദിജ്ജെർ.,The person I lent money to is not returning it,Consumer/Money/Debt,,Consumer/Money/Debt,Housing,Courts/Legal-System,0.90,True,True,False,"The situation describes a loan (sal) that was not returned (kaas), which is a classic example of a debt or loan not being repaid. This directly fits the Consumer/Money/Debt category."
sarvam,L_full,9,എന്ന ഓപ്പിഗെ ഇജ്ജന്ദെ ഏരോ എന്ന ഇല്ല്ദ ഉലയി ബത്തേർ.,Someone came into my house without my permission,Housing,,Housing,Torts/Individuals,Land/Property,0.90,True,True,False,"Someone entered the person's house without permission and is now living there, which is a classic trespass/entry into a dwelling issue."
sarvam,L_full,10,അകലെഗ് എങ്കുലു നിർണയ മൽതിന ഐഡ്ദ് ജാസ്തി കാസ് കേനോന്ദുലേർ.,They want more money than what we decided,Consumer/Money/Debt,,Consumer/Money/Debt,Courts/Legal-System,Torts/Individuals,0.75,True,True,False,"The situation involves a decision about money ('ജാസ്തി' - to decide/determine, 'കാസ്' - money), which aligns with the Consumer/Money/Debt category's focus on financial matters, loans, and payment-related issues."
sarvam,L_full,11,അകുലു എങ്കുലു നിർണയ മൽതിന സമയഡ്ദ ദുംബേ ഓപ്പന്ദൻ മുഗിപായേർ.,They ended our agreement before the time we decided,Consumer/Money/Debt,Courts/Legal-System,Land/Property,Housing,Torts/Individuals,0.85,False,False,False,"The situation describes someone occupying land or property without permission and refusing to leave, which is a classic land/property dispute. The person is being forced out of their property."
sarvam,L_full,12,"യാൻ ദസ്കത് പാഡ്യേ, മാത്ര കാകജിഡ് ദാദാ ബരെത്ണ്ഡ് പന്ദ് ഗൊത്തിജി.",I signed a paper but did not understand what it said,Courts/Legal-System,Consumer/Money/Debt,Courts/Legal-System,Consumer/Money/Debt,IP/Identity,0.90,True,True,False,"The situation involves signing a document without understanding its contents, which is a common issue related to legal documents and the legal system."
sarvam,L_full,13,യാൻ കാകജിഡ് ദസ്കത് പാഡി ബൊക്ക എങ്കുലു തിർപു മൽതിന വിഷയൻ അകുലു മല്പേരെ കേനോന്ദിജേർ.,After I signed the paper they did not do what they agreed to,Consumer/Money/Debt,,Courts/Legal-System,Consumer/Money/Debt,Housing,0.90,False,True,True,"The person signed a document (daskat pad) without understanding its contents (malthin vishayam), which is a direct issue related to legal documents and agreements. This falls under the category of confusion about legal-system processes and documents."
sarvam,L_full,14,എങ്ക് വോവൂ ന്യായാലയഗ് പോഡു പന്ദ് ഗൊത്തിജി.,I don't know which court I should go to,Courts/Legal-System,,Courts/Legal-System,Housing,Consumer/Money/Debt,0.90,True,True,False,"The situation explicitly mentions confusion about which court to go to, which directly matches the 'Courts/Legal-System' category definition."
sarvam,L_full,15,എനഡ്ദ സാല ദെതോന്ദിന ജന ബേതെ ജാഗഡ് ഉല്ലേർ.,The person who owes me money is in a different place,Courts/Legal-System,Consumer/Money/Debt,Consumer/Money/Debt,Housing,Courts/Legal-System,0.90,False,True,True,"The situation describes a loan (sal) that was not returned (theto), which is a clear case of money owed but not paid. This aligns directly with the Consumer/Money/Debt category."
sarvam,L_full,16,എന്ന ബരീതക്ലേന മര എന്ന ഇല്ല്ദ മിത്ത് ബൂർദ എന്ന ഇല്ലൻ ഹാൾ മൽത്ണ്ഡ്.,My neighbor's tree fell on my house and damaged it,Torts/Individuals,Housing,Torts/Individuals,Land/Property,Housing,0.90,True,True,False,Property damage caused by another person's action (neighbor's tree falling on the house).
sarvam,L_full,17,"ഏരോ എന്ന ഓപ്പിഗെ ഇജ്ജന്ദെ എന്ന ജാഗഡ് കുലോന്ദു, ഇത്തേ ബുഡ്ദ പോപുജേർ.",Someone is living on my land without asking and won't leave,Land/Property,Housing,Land/Property,Torts/Individuals,Housing,0.90,True,True,False,"The situation describes someone occupying the person's house without permission and refusing to leave. This is a direct issue of property possession and trespass, which falls under the Land/Property category."
sarvam,L_full,18,ഏരോ അക്ലേന സാമാന്ന് എന്ന പുദർഡ മാരോന്ദുലേർ.,Someone is selling their things using my name,IP/Identity,,Land/Property,Courts/Legal-System,Torts/Individuals,0.90,False,False,False,"The situation describes someone taking or occupying land without permission, which is a core issue in the Land/Property category. It is not a housing dispute (no tenancy) and not a tort (no damage or injury, but an unlawful taking of property)."
sarvam,L_full,19,എന്ന പരാത്ത ധനി എന്ന സ്വന്ത വ്യാപാരൻ സുരു മല്പെരെ ബുഡോന്ദിജേർ.,My old employer is stopping me from starting my own work,Work/Employment,,Housing,Courts/Legal-System,Consumer/Money/Debt,0.85,False,False,False,"The situation involves a dispute with a landlord, which is a core aspect of the Housing category. The person is likely facing an issue related to their rental property or business tenancy."
sarvam,L_full,20,എന്ന പോപ തീർ പോയി ബൊക്ക എങ്ക് ബർപിന ജാഗൻ എന്ന കുടുംബദകുലു ദേതോണ്യേർ.,After my father passed away my family took the land that was meant to be given to me,Estates/Wills,Land/Property,Estates/Wills,Land/Property,Courts/Legal-System,0.90,True,True,False,"The situation describes a dispute over inheritance and assets after a family member's death, which is a classic estate/will issue."
sarvam,M_sparse,1,enna dhani kasn vapas kortijer.,My landlord did not give back my money,Housing,Consumer/Money/Debt,Consumer/Money/Debt,Housing,Torts/Individuals,0.85,False,True,True,"The phrase 'kasn vapas kortijer' (money return) indicates a dispute over money or an item being returned. This fits the Consumer/Money/Debt category, which covers issues like not getting back money or property."
sarvam,M_sparse,2,enna dhani i tingolda sanbalan kortijer.,My employer did not pay me this month,Work/Employment,,Housing,Consumer/Money/Debt,Land/Property,0.75,False,False,False,"The situation involves a dispute over the return of an item or property, which is common in landlord-tenant or housing-related conflicts. The person is being forced to return something, likely related to a rental agreement or property dispute."
sarvam,M_sparse,3,era enna belin hal maltd nanla sari maltijer.,Someone broke my fence and did not fix it,Torts/Individuals,,Consumer/Money/Debt,Housing,Torts/Individuals,0.85,False,True,True,"The person is not receiving what they were promised or expected, which is a core issue in this category. This could be related to a transaction or agreement where the other party has failed to fulfill their part."
sarvam,M_sparse,4,yan erega kas kori bokka akulu tappayer.,I gave someone money and they disappeared,Consumer/Money/Debt,,Torts/Individuals,Land/Property,Courts/Legal-System,0.65,False,False,False,"The phrase suggests an action by another person causing harm or disruption, which aligns with the Torts/Individuals category. The vocabulary hints at an action like 'tappayer' (to break/hit), pointing to a personal injury or property damage scenario."
sarvam,M_sparse,5,enna baritakulu enna jagan detter.,My neighbor took my land,Land/Property,,Courts/Legal-System,Work/Employment,Consumer/Money/Debt,0.75,False,False,False,"The person is expressing confusion about a command or instruction ('enna baritakulu'), which aligns with the category's definition of confusion about a situation or not knowing where to file a complaint. The issue is about understanding and responding to a directive, not about financial, employment, or property disputes."
sarvam,M_sparse,6,era enk badutu aki bokka enna kai bene avondundu.,After someone hit me with a stick my hand hurts,Torts/Individuals,,Consumer/Money/Debt,Housing,Torts/Individuals,0.85,False,True,True,"The situation describes a dispute where something was given to someone but not returned, which is a form of debt or breach of an agreement to return an item. This aligns with the definition of money owed but not paid or contract breaches involving payment."
sarvam,M_sparse,7,enna dhani karana korande yan kelasa budodu pand pander.,My boss told me to leave without any reason,Work/Employment,,Work/Employment,Courts/Legal-System,Torts/Individuals,0.85,True,True,False,"The situation describes being forced to work for someone, which is a labor dispute and falls under the Work/Employment category."
sarvam,M_sparse,8,yan sala kori bokka enk kas vapas korondijjer.,The person I lent money to is not returning it,Consumer/Money/Debt,,Consumer/Money/Debt,Housing,Courts/Legal-System,0.90,True,True,False,"The situation describes a person who has given money to someone and that person is refusing to return it. This is a direct dispute over a financial obligation, which falls under the Consumer/Money/Debt category. The core issue is the non-repayment of a debt."
sarvam,M_sparse,9,enna oppige ijjande ero enna illda ulayi batter.,Someone came into my house without my permission,Housing,,Land/Property,Torts/Individuals,Consumer/Money/Debt,0.75,False,False,False,"The situation describes a dispute over the return of an item that was given to someone. This is a conflict related to possession and property, which falls under the Land/Property category. It is not a landlord-tenant issue, as there is no mention of a rental agreement."
sarvam,M_sparse,10,akaleg enkulu nirnaya maltina aidd jasti kas kenonduler.,They want more money than what we decided,Consumer/Money/Debt,,Torts/Individuals,Courts/Legal-System,Consumer/Money/Debt,0.75,False,True,True,"The situation describes a personal dispute or disagreement over a decision or judgment, which is a form of individual conflict or tort."
sarvam,M_sparse,11,akulu enkulu nirnaya maltina samayadda dunbe oppandan mugipayer.,They ended our agreement before the time we decided,Consumer/Money/Debt,Courts/Legal-System,Land/Property,Consumer/Money/Debt,Torts/Individuals,0.85,False,True,True,"The situation describes being forced to give up something owned, which directly relates to property rights and ownership disputes. The vocabulary 'oppandan' (to give/hand over) and 'dunbe' (to be done/finished) in the context of 'maltina samayadda' (at that time) suggests a transaction or action involving property."
sarvam,M_sparse,12,"yan daskat padye, matra kakajid dada baretnd pand gottiji.",I signed a paper but did not understand what it said,Courts/Legal-System,Consumer/Money/Debt,Land/Property,Courts/Legal-System,Torts/Individuals,0.90,False,True,True,"The situation describes someone occupying land without permission and refusing to leave, which is a direct match for the Land/Property category."
sarvam,M_sparse,13,yan kakajid daskat padi bokka enkulu tirpu maltina vishayan akulu malpere kenondijer.,After I signed the paper they did not do what they agreed to,Consumer/Money/Debt,,Land/Property,Torts/Individuals,Courts/Legal-System,0.85,False,False,False,"The situation describes someone occupying land without permission and refusing to leave, which is a direct match for the Land/Property category. The person is dealing with an unauthorized occupation of their property."
sarvam,M_sparse,14,enk vovu nyayalayag podu pand gottiji.,I don't know which court I should go to,Courts/Legal-System,,Courts/Legal-System,Torts/Individuals,Housing,0.85,True,True,False,"The situation describes a dispute or injustice that requires a formal process to resolve, which is the core of the Courts/Legal-System category. The person is seeking a way to address the wrong done to them."
sarvam,M_sparse,15,enadda sala detondina jana bete jagad uller.,The person who owes me money is in a different place,Courts/Legal-System,Consumer/Money/Debt,Land/Property,Torts/Individuals,Courts/Legal-System,0.85,False,True,True,"The situation describes a dispute over land, which aligns with the category of land/property issues like someone taking land or occupying it without permission."
sarvam,M_sparse,16,enna baritaklena mara enna illda mitt burda enna illan hal maltnd.,My neighbor's tree fell on my house and damaged it,Torts/Individuals,Housing,Torts/Individuals,Housing,Consumer/Money/Debt,0.85,True,True,False,"The situation describes personal injury or property damage caused by another person, and the responsible party is not fixing the issue. This directly matches the definition of Torts/Individuals, which includes property damage caused by another person's negligence and not fixing it."
sarvam,M_sparse,17,"ero enna oppige ijjande enna jagad kulondu, itte budda popujer.",Someone is living on my land without asking and won't leave,Land/Property,Housing,Housing,Work/Employment,Torts/Individuals,0.75,False,True,True,"The situation involves being forced to leave a place, which is a common housing issue, especially if it's a home or rental property. The person is being told to leave, which is a form of eviction or trespass, both of which fall under Housing."
sarvam,M_sparse,18,ero aklena samann enna pudarda maronduler.,Someone is selling their things using my name,IP/Identity,,Housing,Torts/Individuals,Land/Property,0.85,False,False,False,"The situation describes someone being forced to leave a dwelling, which is a classic housing issue related to trespass or eviction. The person is resisting being asked to leave a home or property."
sarvam,M_sparse,19,enna paratta dhani enna svanta vyaparan suru malpere budondijer.,My old employer is stopping me from starting my own work,Work/Employment,,Land/Property,Courts/Legal-System,Work/Employment,0.75,False,True,True,"The situation describes being forced out of a place or having property taken, which is a dispute over land or property. This is distinct from a housing issue (which involves a landlord-tenant relationship) and not about physical harm (a tort)."
sarvam,M_sparse,20,enna popa tir poyi bokka enk barpina jagan enna kutunbadakulu detonyer.,After my father passed away my family took the land that was meant to be given to me,Estates/Wills,Land/Property,Land/Property,Torts/Individuals,Courts/Legal-System,0.90,False,True,True,"The situation describes someone taking or occupying land without permission, which is a classic land/property dispute. The focus is on the control and ownership of the land itself, not a rental agreement, financial transaction, or personal injury."
sarvam,M_full,1,enna dhani kasn vapas kortijer.,My landlord did not give back my money,Housing,Consumer/Money/Debt,Land/Property,Consumer/Money/Debt,Housing,0.75,False,True,True,"The situation involves a dispute over money ('kas') from a property owner ('dhani'), which is a common issue in landlord-tenant or property ownership contexts. The core problem is the non-return of money related to property, not the tenancy or housing conditions themselves."
sarvam,M_full,2,enna dhani i tingolda sanbalan kortijer.,My employer did not pay me this month,Work/Employment,,Consumer/Money/Debt,Work/Employment,Housing,0.85,False,True,True,"The phrase 'sanbalan kortijer' suggests not receiving what was promised, likely related to money or services. This aligns with a debt or payment issue, as the person is not getting what they are owed."
sarvam,M_full,3,era enna belin hal maltd nanla sari maltijer.,Someone broke my fence and did not fix it,Torts/Individuals,,Land/Property,Courts/Legal-System,Torts/Individuals,0.85,False,True,True,"The situation describes a dispute over land, which aligns with the Land/Property category. The person is concerned about someone taking or occupying their land, which is a common issue in property disputes."
sarvam,M_full,4,yan erega kas kori bokka akulu tappayer.,I gave someone money and they disappeared,Consumer/Money/Debt,,Consumer/Money/Debt,Courts/Legal-System,Torts/Individuals,0.85,True,True,False,"The situation involves money being taken without permission, which aligns with the definition of money owed but not paid or fraud where money was taken. The person is seeking to recover the money, which is a common issue in consumer/money/debt disputes."
sarvam,M_full,5,enna baritakulu enna jagan detter.,My neighbor took my land,Land/Property,,Consumer/Money/Debt,Courts/Legal-System,Housing,0.85,False,False,False,"The person is questioning why they are not receiving something they are owed, which suggests a dispute over money or a debt. This aligns with the Consumer/Money/Debt category."
sarvam,M_full,6,era enk badutu aki bokka enna kai bene avondundu.,After someone hit me with a stick my hand hurts,Torts/Individuals,,Housing,Consumer/Money/Debt,Torts/Individuals,0.60,False,True,True,"The situation involves the non-return of an item (badutu) by another person (aki), which could be analogous to a security deposit or a key in a housing context. The core issue is the possession of an item, which is a common aspect of housing disputes."
sarvam,M_full,7,enna dhani karana korande yan kelasa budodu pand pander.,My boss told me to leave without any reason,Work/Employment,,Work/Employment,Courts/Legal-System,Consumer/Money/Debt,0.90,True,True,False,"The situation describes an employer (dhani) preventing the person from working (kelasa budodu), which is a direct issue within the employment relationship."
sarvam,M_full,8,yan sala kori bokka enk kas vapas korondijjer.,The person I lent money to is not returning it,Consumer/Money/Debt,,Consumer/Money/Debt,Housing,Torts/Individuals,0.90,True,True,False,"The situation describes money being taken and not returned, which is a classic debt or financial dispute. The person is owed money (kas) and the other party is not returning it (vapas korondijjer)."
sarvam,M_full,9,enna oppige ijjande ero enna illda ulayi batter.,Someone came into my house without my permission,Housing,,Torts/Individuals,Housing,Land/Property,0.75,False,True,True,"The situation describes a lack of permission for an action, which resulted in a negative consequence. This is a classic tort scenario where another person's action (or inaction) caused harm or loss, fitting the Torts/Individuals category."
sarvam,M_full,10,akaleg enkulu nirnaya maltina aidd jasti kas kenonduler.,They want more money than what we decided,Consumer/Money/Debt,,Consumer/Money/Debt,Housing,Courts/Legal-System,0.85,True,True,False,"The situation describes a financial dispute where money (kas) was given but not returned, which is a classic debt or loan issue. This aligns with the Consumer/Money/Debt category."
sarvam,M_full,11,akulu enkulu nirnaya maltina samayadda dunbe oppandan mugipayer.,They ended our agreement before the time we decided,Consumer/Money/Debt,Courts/Legal-System,Courts/Legal-System,Consumer/Money/Debt,IP/Identity,0.85,False,True,True,"The situation describes confusion and lack of understanding about a legal document (oppanda) being signed, which is a common issue when navigating the legal system. The person is unsure about the implications of their signature, which falls under the category of not knowing how to proceed with legal matters."
sarvam,M_full,12,"yan daskat padye, matra kakajid dada baretnd pand gottiji.",I signed a paper but did not understand what it said,Courts/Legal-System,Consumer/Money/Debt,Courts/Legal-System,Consumer/Money/Debt,IP/Identity,0.85,True,True,False,"The situation involves signing a document (daskat) without understanding it, and someone quoting it back. This is a classic legal-system issue related to signing documents without comprehension, which can have serious legal consequences."
sarvam,M_full,13,yan kakajid daskat padi bokka enkulu tirpu maltina vishayan akulu malpere kenondijer.,After I signed the paper they did not do what they agreed to,Consumer/Money/Debt,,Land/Property,Housing,Torts/Individuals,0.85,False,False,False,"Someone is occupying land without permission and refusing to leave, which is a direct property dispute."
sarvam,M_full,14,enk vovu nyayalayag podu pand gottiji.,I don't know which court I should go to,Courts/Legal-System,,Courts/Legal-System,Torts/Individuals,Housing,0.85,True,True,False,"The situation describes seeking a formal legal remedy ('gottiji') for an injustice ('nyayalayag'), which is a core function of the legal system. This is distinct from a specific dispute category like housing or land, as the focus is on the process of filing a complaint."
sarvam,M_full,15,enadda sala detondina jana bete jagad uller.,The person who owes me money is in a different place,Courts/Legal-System,Consumer/Money/Debt,Consumer/Money/Debt,Housing,Courts/Legal-System,0.90,False,True,True,"The situation describes a loan (sala) that was not returned (detondina), which is a clear case of a debt or financial obligation not being fulfilled. The person is owed money that has not been paid back."
sarvam,M_full,16,enna baritaklena mara enna illda mitt burda enna illan hal maltnd.,My neighbor's tree fell on my house and damaged it,Torts/Individuals,Housing,Land/Property,Torts/Individuals,Housing,0.85,False,True,True,"The situation describes someone occupying the person's land (house) without permission and refusing to leave. This is a classic case of unauthorized occupation of property, which falls under the Land/Property category."
sarvam,M_full,17,"ero enna oppige ijjande enna jagad kulondu, itte budda popujer.",Someone is living on my land without asking and won't leave,Land/Property,Housing,Consumer/Money/Debt,Courts/Legal-System,Torts/Individuals,0.85,False,False,False,"The situation describes a failure to fulfill an agreement or obligation (oppige), which is a breach of contract. The person gave permission for something to happen, but it did not, leading to a problem. This aligns with the definition of a contract breach involving payment or an agreement."
sarvam,M_full,18,ero aklena samann enna pudarda maronduler.,Someone is selling their things using my name,IP/Identity,,Land/Property,Torts/Individuals,Housing,0.95,False,False,False,"The situation describes someone occupying land without permission and refusing to leave, which is a classic land/property dispute."
sarvam,M_full,19,enna paratta dhani enna svanta vyaparan suru malpere budondijer.,My old employer is stopping me from starting my own work,Work/Employment,,Work/Employment,Land/Property,Courts/Legal-System,0.85,True,True,False,"The person is being stopped from starting or continuing their own business by an authority figure ('dhani'), which is a direct employment-related issue."
sarvam,M_full,20,enna popa tir poyi bokka enk barpina jagan enna kutunbadakulu detonyer.,After my father passed away my family took the land that was meant to be given to me,Estates/Wills,Land/Property,Land/Property,Courts/Legal-System,Torts/Individuals,0.65,False,True,True,"The phrase 'enna popa tir poyi' (I went and came back) suggests a problem related to a specific location or property. The word 'detonyer' (problem) indicates an unresolved issue at that place, which fits the Land/Property category best. It is not clearly Housing as there is no mention of a landlord or tenancy."
