model,condition,id,display_text,english_gloss,list_primary,list_secondary,pred_top1,pred_top2,pred_top3,top1_confidence,hits1,hits3,partial_credit,top1_reasoning
sarvam,A,21,My landlord is trying to raise my rent before our agreement ends,My landlord is trying to raise my rent before our agreement ends,Housing,Consumer/Money/Debt,Housing,Consumer/Money/Debt,Courts/Legal-System,0.90,True,True,False,"A dispute between a landlord and tenant regarding the terms of a rental agreement, specifically an attempt to raise rent before the agreement ends."
sarvam,A,22,The people next door make so much noise I cannot sleep at night,The people next door make so much noise I cannot sleep at night,Housing,Torts/Individuals,Torts/Individuals,Land/Property,Housing,0.75,False,True,True,"The situation describes a personal harm (inability to sleep) caused by the actions of others (neighbors making noise). This is a classic example of a tort, specifically a nuisance, which is a civil wrong causing harm or loss to another."
sarvam,A,23,My landlord will not fix the broken pipe in my kitchen,My landlord will not fix the broken pipe in my kitchen,Housing,,Housing,Consumer/Money/Debt,Torts/Individuals,0.90,True,True,False,"This is a landlord-tenant dispute where the landlord is failing to perform a necessary repair (fixing a broken pipe) in the rented property. The issue is directly related to the condition and maintenance of the home, which is the core of Housing category."
sarvam,A,24,I was told to leave my rented house with only two days notice,I was told to leave my rented house with only two days notice,Housing,,Housing,Courts/Legal-System,Torts/Individuals,0.90,True,True,False,"The situation involves a dispute with a landlord over the terms of a rental agreement, specifically the notice period for leaving. This is a core issue within the Housing category, which covers landlord-tenant disputes and eviction."
sarvam,A,25,My roommate moved out and left me to pay all the rent,My roommate moved out and left me to pay all the rent,Housing,Consumer/Money/Debt,Housing,Consumer/Money/Debt,Work/Employment,0.90,True,True,False,ಈ ಪರಿಸ್ಥಿತಿಯು ಭೂಮಾಲೀಕ-ಬಾಡಿಗೆದಾರರ ಸಂಬಂಧಕ್ಕೆ ಸಂಬಂಧಿಸಿದೆ. ಇಲ್ಲಿ ಬಾಡಿಗೆದಾರನು ತನ್ನ ರೂಮ್‌ಮೇಟ್ ಹೊರಟುಹೋದ ನಂತರವೂ ಬಾಡಿಗೆ ಪಾವತಿಸಬೇಕಾದ ಅನಿವಾರ್ಯತೆಯನ್ನು ಎದುರಿಸುತ್ತಿದ್ದಾನೆ. ಇದು ವಸತಿ ವರ್ಗದ ಪ್ರಮುಖ ಲಕ್ಷಣವಾಗಿದೆ.
sarvam,A,26,The shop owner sold me a broken phone and won't give my money back,The shop owner sold me a broken phone and won't give my money back,Consumer/Money/Debt,,Consumer/Money/Debt,Torts/Individuals,Courts/Legal-System,0.90,True,True,False,"The situation involves a purchase of a product (phone) and a dispute over its condition, leading to a demand for a refund. This is a classic consumer issue involving a financial transaction and a breach of the implied warranty of merchantability."
sarvam,A,27,I paid for a service that was never completed,I paid for a service that was never completed,Consumer/Money/Debt,,Consumer/Money/Debt,Torts/Individuals,Courts/Legal-System,0.90,True,True,False,"A service was paid for but never completed, which is a breach of a service agreement and a financial transaction where money was exchanged for a promised service that was not delivered."
sarvam,A,28,My brother borrowed money from me two years ago and still has not paid,My brother borrowed money from me two years ago and still has not paid,Consumer/Money/Debt,,Consumer/Money/Debt,Torts/Individuals,Work/Employment,0.95,True,True,False,"The situation describes a financial dispute over an unpaid loan from a family member. This directly falls under the category of money owed but not paid, which is a core example of Consumer/Money/Debt. The relationship is personal, not commercial, but the nature of the problem is a monetary obligation that has not been met."
sarvam,A,29,The bank is charging me fees I never agreed to,The bank is charging me fees I never agreed to,Consumer/Money/Debt,,Consumer/Money/Debt,Courts/Legal-System,Torts/Individuals,0.90,True,True,False,"The situation involves a financial institution charging fees without the customer's agreement, which is a dispute over payment and contract terms. This is a classic consumer issue."
sarvam,A,30,Someone convinced me to invest in something that turned out to be fake,Someone convinced me to invest in something that turned out to be fake,Consumer/Money/Debt,,Consumer/Money/Debt,Torts/Individuals,Courts/Legal-System,0.90,True,True,False,"The situation involves a financial transaction where money was paid based on a fraudulent promise, leading to a loss. This is a classic consumer/money issue where a service or investment was not as advertised, constituting a breach of an agreement."
sarvam,A,31,My workplace has not paid me for the extra hours I worked,My workplace has not paid me for the extra hours I worked,Work/Employment,,Work/Employment,Consumer/Money/Debt,Torts/Individuals,0.95,True,True,False,"The situation involves non-payment of wages for extra work hours, which is a classic employment dispute. The issue is directly tied to the employer-employee relationship and compensation for labor."
sarvam,A,32,I was fired the same week I told my boss I was sick,I was fired the same week I told my boss I was sick,Work/Employment,,Work/Employment,Consumer/Money/Debt,Courts/Legal-System,0.95,True,True,False,"The situation involves an employer-employee relationship and a dispute over termination of employment, which is a classic work/employment issue."
sarvam,A,33,My employer is making me work without the safety equipment I was promised,My employer is making me work without the safety equipment I was promised,Work/Employment,,Work/Employment,Consumer/Money/Debt,Torts/Individuals,0.90,True,True,False,"ಈ ಪರಿಸ್ಥಿತಿಯು ಉದ್ಯೋಗದಾತ ಮತ್ತು ಉದ್ಯೋಗಿಯ ನಡುವಿನ ಸಂಬಂಧಕ್ಕೆ ಸಂಬಂಧಿಸಿದೆ. ಉದ್ಯೋಗಿಯು ಭರವಸೆ ನೀಡಿದ್ದ ಸುರಕ್ಷತಾ ಉಪಕರಣಗಳನ್ನು ಪಡೆಯುತ್ತಿಲ್ಲ, ಇದು ಕೆಲಸದ ಸ್ಥಳದ ಸುರಕ್ಷತೆ ಮತ್ತು ಉದ್ಯೋಗ ಒಪ್ಪಂದದ ಉಲ್ಲಂಘನೆಯಾಗಿದೆ."
sarvam,A,34,I was promised a promotion but someone else got it without explanation,I was promised a promotion but someone else got it without explanation,Work/Employment,,Work/Employment,Torts/Individuals,Courts/Legal-System,0.95,True,True,False,"The situation directly concerns a promotion, which is a key aspect of employment. The person is facing a dispute related to their job, career, and workplace, which falls squarely under the Work/Employment category."
sarvam,A,35,My employer refuses to give me my final paycheck after I quit,My employer refuses to give me my final paycheck after I quit,Work/Employment,Consumer/Money/Debt,Work/Employment,Consumer/Money/Debt,Courts/Legal-System,0.95,True,True,False,"ಈ ಪರಿಸ್ಥಿತಿಯು ಉದ್ಯೋಗದಾತನು ಅಂತಿಮ ವೇತನವನ್ನು ನೀಡದಿರುವ ಬಗ್ಗೆ ಇದೆ, ಇದು ಉದ್ಯೋಗದಾತ-ಉದ್ಯೋಗಿ ಸಂಬಂಧದ ಪ್ರಮುಖ ವಿಷಯವಾಗಿದೆ. ಇದು ಕೆಲಸದ ಅವಧಿಯಲ್ಲಿನ ವೇತನದ ವಿವಾದಗಳ ಅಡಿಯಲ್ಲಿ ಬರುತ್ತದೆ."
sarvam,A,36,My neighbor built a wall that crosses onto my land,My neighbor built a wall that crosses onto my land,Land/Property,,Land/Property,Torts/Individuals,Housing,0.95,True,True,False,"The situation involves a physical structure (a wall) built by a neighbor that crosses onto the person's land, which is a classic boundary dispute and encroachment issue. This directly relates to property rights and land ownership, fitting the Land/Property category perfectly."
sarvam,A,37,Someone is tilling on land that belongs to my family without asking,Someone is tilling on land that belongs to my family without asking,Land/Property,,Land/Property,Torts/Individuals,Courts/Legal-System,0.90,True,True,False,"Someone is occupying or using land that belongs to the person's family without permission, which is a direct land/property dispute."
sarvam,A,38,The boundary markers on my property were moved without my knowledge,The boundary markers on my property were moved without my knowledge,Land/Property,,Land/Property,Torts/Individuals,Courts/Legal-System,0.90,True,True,False,"The situation directly concerns the physical boundary markers of the person's land, which is a core issue within the Land/Property category."
sarvam,A,39,My brother is claiming a part of our family's land is his alone,My brother is claiming a part of our family's land is his alone,Land/Property,Estates/Wills,Land/Property,Estates/Wills,Courts/Legal-System,0.95,True,True,False,"The situation is a direct dispute over the ownership of a portion of family land, which falls squarely under land/property issues. The person is not a tenant, lender, or employee, and there is no mention of physical harm or a court filing confusion, making other categories less relevant."
sarvam,A,40,Someone cut down trees on my property without permission,Someone cut down trees on my property without permission,Land/Property,Torts/Individuals,Land/Property,Torts/Individuals,Courts/Legal-System,0.90,True,True,False,"The situation involves unauthorized action on the person's land (cutting down trees), which is a direct dispute over property rights and boundaries."
sarvam,B,21,enklena tirpu maltina samayada dunbu enna dhani badige jasti malpere prayatna maltonduller.,My landlord is trying to raise my rent before our agreement ends,Housing,Consumer/Money/Debt,Torts/Individuals,Land/Property,Courts/Legal-System,0.75,False,False,False,"The situation describes an attempt to damage property, which is a tortious act. It involves property damage caused by another person's action, fitting the Torts/Individuals category."
sarvam,B,22,baritakulu et bobbe padonduller panda enk ratred jeppere avondiji.,The people next door make so much noise I cannot sleep at night,Housing,Torts/Individuals,Torts/Individuals,Courts/Legal-System,Housing,0.60,False,True,True,"The situation describes a dispute or conflict with another person, which aligns with tortious actions like personal injury or property damage, though the exact nature is unclear."
sarvam,B,23,enna adipilda hal ayina nallin enna dhani sari malpere tayar ijjer.,My landlord will not fix the broken pipe in my kitchen,Housing,,Courts/Legal-System,Land/Property,Consumer/Money/Debt,0.60,False,False,False,"The situation appears to involve a legal or formal dispute, possibly related to making a claim or complaint, which aligns with the Courts/Legal-System category. The phrase suggests a formal process, but the specific nature of the dispute is unclear."
sarvam,B,24,enk badigeda illan budiyere khali radd dinata vayide koryer.,I was told to leave my rented house with only two days notice,Housing,,Land/Property,Housing,Courts/Legal-System,0.85,False,True,True,"The situation describes someone occupying land without permission and refusing to leave, which is a classic land/property dispute involving boundaries and possession."
sarvam,B,25,enna sahavasi ill buddu badadigen pura enna mitte padd poyer.,My roommate moved out and left me to pay all the rent,Housing,Consumer/Money/Debt,Housing,Torts/Individuals,Courts/Legal-System,0.85,True,True,False,"Someone entered and is occupying the person's home without permission, which is a housing-related issue involving trespass and unauthorized occupation of a dwelling."
sarvam,B,26,enk onji hal ayna phon-n mard daangadida dhani kasn pira korere tayar ijjer.,The shop owner sold me a broken phone and won't give my money back,Consumer/Money/Debt,,Land/Property,Courts/Legal-System,Torts/Individuals,0.90,False,False,False,"Someone is occupying the person's land without permission and refusing to leave, which is a direct match for the Land/Property category."
sarvam,B,27,yan pura kas kori bokkala belen purti maltijer.,I paid for a service that was never completed,Consumer/Money/Debt,,Consumer/Money/Debt,Torts/Individuals,Courts/Legal-System,0.75,True,True,False,"The situation describes a failure to fulfill an agreement, which is a core issue in consumer/money/debt disputes where one party does not pay or deliver as promised."
sarvam,B,28,"enna megge radd varshada dunbu ennadda sara dettonde, aven nanla pira kortije.",My brother borrowed money from me two years ago and still has not paid,Consumer/Money/Debt,,Land/Property,Courts/Legal-System,Torts/Individuals,0.90,False,False,False,"The situation describes someone occupying land without permission and refusing to leave, which is a classic boundary or land occupation dispute. This directly maps to the Land/Property category, which covers unauthorized occupation of land."
sarvam,B,29,enna oppandina shulkag byank enna mitt kas padondundu.,The bank is charging me fees I never agreed to,Consumer/Money/Debt,,Consumer/Money/Debt,Housing,Torts/Individuals,0.90,True,True,False,"The situation describes a financial transaction for an agreement (oppandina shulkag) where the person has paid money but is not receiving the promised service or product (byank enna mitt kas padondundu). This is a classic breach of a consumer agreement, which falls under the Consumer/Money/Debt category."
sarvam,B,30,ero enan onji dongi astida mitt kas padere oppayer.,Someone convinced me to invest in something that turned out to be fake,Consumer/Money/Debt,,Land/Property,Courts/Legal-System,Torts/Individuals,0.90,False,False,False,"The situation describes someone occupying the person's land without permission and refusing to leave, which is a classic land/property dispute."
sarvam,B,31,yan maltina jasti kelsag enk beleda jagadd kas tikkiji.,My workplace has not paid me for the extra hours I worked,Work/Employment,,Land/Property,Torts/Individuals,Courts/Legal-System,0.85,False,False,False,"The situation describes someone occupying land without permission and refusing to leave, which is a classic land/property dispute involving unauthorized occupation and possession of real estate."
sarvam,B,32,yan dhanita yan hushar ijji pandd pandina varade ar enan beledd detter.,I was fired the same week I told my boss I was sick,Work/Employment,,Consumer/Money/Debt,Courts/Legal-System,Housing,0.75,False,False,False,"The situation appears to be a dispute over money or debt involving a person or entity named 'yan dhanita yan hushar ijji'. The term 'detter' suggests a financial obligation or debt issue, which aligns with the Consumer/Money/Debt category."
sarvam,B,33,enna dhani enan suraksha dipina saman korper pand pandi bokka aven korande enada bele malpavonduller.,My employer is making me work without the safety equipment I was promised,Work/Employment,,Torts/Individuals,Land/Property,Housing,0.75,False,False,False,"The situation describes someone taking property or assets without permission, which is a form of property damage or interference caused by another person. This aligns with the Torts/Individuals category, which covers property damage caused by another person's negligence or action."
sarvam,B,34,"enk onji promoshan korper pandd patera koryer, matra dala karana korande bete janak koryer.",I was promised a promotion but someone else got it without explanation,Work/Employment,,Land/Property,Housing,Courts/Legal-System,0.85,False,False,False,"The situation describes someone occupying the person's land without permission and refusing to leave, which is a property occupation dispute. This is a clear Land/Property issue."
sarvam,B,35,yan belen budi bokka enna dhani enna akherida sanbalan korondijjer.,My employer refuses to give me my final paycheck after I quit,Work/Employment,Consumer/Money/Debt,Courts/Legal-System,Housing,Consumer/Money/Debt,0.75,False,True,True,"The person is attempting to describe a legal situation, which aligns with the Courts/Legal-System category. The language barrier prevents a more specific classification, but the context of a legal matter is clear."
sarvam,B,36,enna nerekaredakulu aklena belin enna jagada ullayi mutta kattader.,My neighbor built a wall that crosses onto my land,Land/Property,,Land/Property,Courts/Legal-System,Torts/Individuals,0.90,True,True,False,"ಬೇರೆಯವರು ಅನುಮತಿಯಿಲ್ಲದೆ ವ್ಯಕ್ತಿಯ ಭೂಮಿಯ ಮೇಲೆ ವಾಸಿಸುತ್ತಿದ್ದಾರೆ ಮತ್ತು ಅದನ್ನು ಬಿಟ್ಟುಕೊಡಲು ನಿರಾಕರಿಸುತ್ತಿದ್ದಾರೆ, ಇದು ಭೂ ಗಡಿ ವಿವಾದ ಅಥವಾ ಬೇರೆಯವರು ನಿಮ್ಮ ಭೂಮಿಯನ್ನು ಆಕ್ರಮಿಸಿಕೊಳ್ಳುವ ಸಂದರ್ಭವಾಗಿದೆ."
sarvam,B,37,enda kenande yera enna kutunbada jagad benni dattonduller.,Someone is tilling on land that belongs to my family without asking,Land/Property,,Estates/Wills,Land/Property,Housing,0.85,False,True,True,"ಈ ಪರಿಸ್ಥಿತಿಯು ಉತ್ತರಾಧಿಕಾರದ ನಂತರ ಆಸ್ತಿಯ ಪಾಲಿನ ಬಗ್ಗೆ ಕುಟುಂಬದ ಸದಸ್ಯರ ನಡುವಿನ ವಿವಾದವನ್ನು ವಿವರಿಸುತ್ತದೆ, ಇದು ಎಸ್ಟೇಟ್ಸ್/ವಿಲ್ ವರ್ಗದ ಪ್ರಮುಖ ಲಕ್ಷಣವಾಗಿದೆ."
sarvam,B,38,enna jagada belin yera dett budter.,The boundary markers on my property were moved without my knowledge,Land/Property,,Land/Property,Housing,Courts/Legal-System,0.75,True,True,False,"The situation involves a dispute over an item or property that the person believes is theirs, which aligns with the Land/Property category's focus on property disputes."
sarvam,B,39,enna palaye enna kutunbada jagada onji bhagan ayena matra pandd panondulle.,My brother is claiming a part of our family's land is his alone,Land/Property,Estates/Wills,Estates/Wills,Land/Property,Housing,0.85,False,True,True,"The situation involves inheritance and family property disputes, as indicated by the reference to family members taking what was meant for the person after a family member's death."
sarvam,B,40,enda kenande yera enna jagada maran kadter.,Someone cut down trees on my property without permission,Land/Property,Torts/Individuals,Torts/Individuals,Estates/Wills,Consumer/Money/Debt,0.40,False,True,True,"The phrase 'maran kadter' suggests a loss or harm, which aligns with personal injury or property damage caused by another person, a core concept in Torts/Individuals."
sarvam,C_sparse,21,enklena tirpu maltina samayada dunbu enna dhani badige jasti malpere prayatna maltonduller.,My landlord is trying to raise my rent before our agreement ends,Housing,Consumer/Money/Debt,Torts/Individuals,Courts/Legal-System,Consumer/Money/Debt,0.75,False,True,True,"Dispute over the return of a borrowed item between individuals, which is a personal conflict over property."
sarvam,C_sparse,22,baritakulu et bobbe padonduller panda enk ratred jeppere avondiji.,The people next door make so much noise I cannot sleep at night,Housing,Torts/Individuals,Courts/Legal-System,Torts/Individuals,Consumer/Money/Debt,0.75,False,True,True,"The situation describes a communication breakdown where one party is not understanding or responding, which could be related to confusion about legal procedures or how to interact with the other party in a legal matter."
sarvam,C_sparse,23,enna adipilda hal ayina nallin enna dhani sari malpere tayar ijjer.,My landlord will not fix the broken pipe in my kitchen,Housing,,Land/Property,Torts/Individuals,Consumer/Money/Debt,0.60,False,False,False,"The situation involves a personal item (sari) being withheld by another person, which relates to possession of physical property. Although it's not land, it falls under property-related disputes."
sarvam,C_sparse,24,enk badigeda illan budiyere khali radd dinata vayide koryer.,I was told to leave my rented house with only two days notice,Housing,,Land/Property,Housing,Torts/Individuals,0.85,False,True,True,Unauthorized occupation of land without permission and refusal to leave
sarvam,C_sparse,25,enna sahavasi ill buddu badadigen pura enna mitte padd poyer.,My roommate moved out and left me to pay all the rent,Housing,Consumer/Money/Debt,Courts/Legal-System,Torts/Individuals,Consumer/Money/Debt,0.85,False,True,True,"The person is actively involved in a legal process, mentioning filing a document, producing evidence (WhatsApp screenshots), and undergoing a court procedure (fingerprinting). This indicates a situation where the person is navigating the legal system to seek redress."
sarvam,C_sparse,26,enk onji hal ayna phon-n mard daangadida dhani kasn pira korere tayar ijjer.,The shop owner sold me a broken phone and won't give my money back,Consumer/Money/Debt,,Land/Property,Courts/Legal-System,Torts/Individuals,0.90,False,False,False,"Someone is occupying the person's land without permission and refusing to leave, which is a direct land dispute."
sarvam,C_sparse,27,yan pura kas kori bokkala belen purti maltijer.,I paid for a service that was never completed,Consumer/Money/Debt,,Consumer/Money/Debt,Work/Employment,Torts/Individuals,0.75,True,True,False,"The situation appears to involve a dispute over money related to work or employment, fitting the Consumer/Money/Debt category. It's not Housing or Work/Employment as the primary issue."
sarvam,C_sparse,28,"enna megge radd varshada dunbu ennadda sara dettonde, aven nanla pira kortije.",My brother borrowed money from me two years ago and still has not paid,Consumer/Money/Debt,,Land/Property,Torts/Individuals,Courts/Legal-System,0.85,False,False,False,"The situation describes someone taking or occupying land without permission, which is a classic land/property dispute. The person is being denied access to their land, which falls under the Land/Property category."
sarvam,C_sparse,29,enna oppandina shulkag byank enna mitt kas padondundu.,The bank is charging me fees I never agreed to,Consumer/Money/Debt,,Consumer/Money/Debt,Housing,Torts/Individuals,0.85,True,True,False,"The person has paid money under an agreement but is not receiving the expected benefit, which is a common consumer/money issue."
sarvam,C_sparse,30,ero enan onji dongi astida mitt kas padere oppayer.,Someone convinced me to invest in something that turned out to be fake,Consumer/Money/Debt,,Consumer/Money/Debt,Housing,Torts/Individuals,0.85,True,True,False,"The situation involves the non-return of something that was given to someone, which is a form of debt or financial obligation. This is similar to a deposit not being returned or money owed but not paid."
sarvam,C_sparse,31,yan maltina jasti kelsag enk beleda jagadd kas tikkiji.,My workplace has not paid me for the extra hours I worked,Work/Employment,,Land/Property,Torts/Individuals,Courts/Legal-System,0.85,False,False,False,"The situation describes someone occupying or taking the person's land without permission, which is a classic land/property dispute. The person is concerned about their property rights and possession."
sarvam,C_sparse,32,yan dhanita yan hushar ijji pandd pandina varade ar enan beledd detter.,I was fired the same week I told my boss I was sick,Work/Employment,,Consumer/Money/Debt,Housing,Torts/Individuals,0.85,False,False,False,"The situation describes a failure to return something that was given, which is a form of debt or obligation. The phrase 'dushar ijji' (did not return) and 'dettter' (debt/obligation) directly point to a consumer/money/debt issue where one party is not fulfilling their part of an agreement or returning borrowed items."
sarvam,C_sparse,33,enna dhani enan suraksha dipina saman korper pand pandi bokka aven korande enada bele malpavonduller.,My employer is making me work without the safety equipment I was promised,Work/Employment,,Consumer/Money/Debt,Housing,Torts/Individuals,0.85,False,False,False,"The situation describes someone giving something to another and the other party not returning it, which is a debt or money owed issue."
sarvam,C_sparse,34,"enk onji promoshan korper pandd patera koryer, matra dala karana korande bete janak koryer.",I was promised a promotion but someone else got it without explanation,Work/Employment,,Work/Employment,Courts/Legal-System,Consumer/Money/Debt,0.85,True,True,False,"The situation describes a dispute related to a promotion at work, which is a core issue in the Work/Employment category. The person is facing a problem with their employment status and advancement."
sarvam,C_sparse,35,yan belen budi bokka enna dhani enna akherida sanbalan korondijjer.,My employer refuses to give me my final paycheck after I quit,Work/Employment,Consumer/Money/Debt,Consumer/Money/Debt,Torts/Individuals,Courts/Legal-System,0.75,False,True,True,"The person is describing a situation where they are not receiving something they were owed, which is a core issue in consumer or debt-related problems. This could involve a service, product, or financial agreement that was not fulfilled."
sarvam,C_sparse,36,enna nerekaredakulu aklena belin enna jagada ullayi mutta kattader.,My neighbor built a wall that crosses onto my land,Land/Property,,Land/Property,Torts/Individuals,Courts/Legal-System,0.85,True,True,False,"ಬೇರೆಯವರು ಅನುಮತಿಯಿಲ್ಲದೆ ಭೂಮಿಯನ್ನು ಆಕ್ರಮಿಸಿಕೊಂಡಿದ್ದಾರೆ ಮತ್ತು ಅದನ್ನು ಬಿಟ್ಟುಕೊಡುವಂತೆ ಒತ್ತಾಯಿಸುತ್ತಿದ್ದಾರೆ, ಇದು ನೆರೆಹೊರೆಯವರು ಭೂಮಿಯನ್ನು ತೆಗೆದುಕೊಳ್ಳುವುದು ಅಥವಾ ಭೂಮಿಯಲ್ಲಿ ವಾಸಿಸುವ ಸಂದರ್ಭಕ್ಕೆ ಹೊಂದಿಕೆಯಾಗುತ್ತದೆ."
sarvam,C_sparse,37,enda kenande yera enna kutunbada jagad benni dattonduller.,Someone is tilling on land that belongs to my family without asking,Land/Property,,Land/Property,Torts/Individuals,Housing,0.90,True,True,False,"The situation describes someone occupying land without permission, which is a classic land/property dispute. The person is seeking to reclaim their land, which is the core issue in this category."
sarvam,C_sparse,38,enna jagada belin yera dett budter.,The boundary markers on my property were moved without my knowledge,Land/Property,,Consumer/Money/Debt,Housing,Torts/Individuals,0.85,False,False,False,"The situation describes not receiving something that was expected, which is a common consumer issue related to payment or delivery of goods/services."
sarvam,C_sparse,39,enna palaye enna kutunbada jagada onji bhagan ayena matra pandd panondulle.,My brother is claiming a part of our family's land is his alone,Land/Property,Estates/Wills,Housing,Courts/Legal-System,Estates/Wills,0.60,False,True,True,"The situation describes a dispute with family members, which could involve issues related to the home or living situation. However, the exact nature of the dispute is unclear."
sarvam,C_sparse,40,enda kenande yera enna jagada maran kadter.,Someone cut down trees on my property without permission,Land/Property,Torts/Individuals,Estates/Wills,Land/Property,Courts/Legal-System,0.85,False,True,True,"The situation describes property being taken after a family member's death, which is a classic inheritance dispute. This aligns directly with the Estates/Wills category, which covers disputes over assets after someone passes away."
sarvam,C_full,21,enklena tirpu maltina samayada dunbu enna dhani badige jasti malpere prayatna maltonduller.,My landlord is trying to raise my rent before our agreement ends,Housing,Consumer/Money/Debt,Housing,Consumer/Money/Debt,Courts/Legal-System,0.85,True,True,False,"The situation involves a landlord-tenant relationship and a dispute over a security deposit, which is a core issue in housing."
sarvam,C_full,22,baritakulu et bobbe padonduller panda enk ratred jeppere avondiji.,The people next door make so much noise I cannot sleep at night,Housing,Torts/Individuals,Courts/Legal-System,Torts/Individuals,Consumer/Money/Debt,0.85,False,True,True,"The situation involves a dispute and a request for a specific outcome, which aligns with the Courts/Legal-System category. This category covers confusion about legal processes, such as which court to go to or how to file a complaint."
sarvam,C_full,23,enna adipilda hal ayina nallin enna dhani sari malpere tayar ijjer.,My landlord will not fix the broken pipe in my kitchen,Housing,,Land/Property,Housing,Courts/Legal-System,0.85,False,True,True,"ಬೇರೆಯವರು ಅನುಮತಿಯಿಲ್ಲದೆ ಭೂಮಿಯನ್ನು ಆಕ್ರಮಿಸಿಕೊಂಡಿದ್ದಾರೆ ಮತ್ತು ಅದನ್ನು ಬಿಟ್ಟುಕೊಡಲು ನಿರಾಕರಿಸುತ್ತಿದ್ದಾರೆ, ಇದು ಭೂಮಿ/ಆಸ್ತಿ ವರ್ಗಕ್ಕೆ ಹೊಂದಿಕೆಯಾಗುತ್ತದೆ."
sarvam,C_full,24,enk badigeda illan budiyere khali radd dinata vayide koryer.,I was told to leave my rented house with only two days notice,Housing,,Housing,Courts/Legal-System,Torts/Individuals,0.90,True,True,False,"The situation describes someone entering a person's home without permission, which is a classic housing-related issue of trespass into a dwelling."
sarvam,C_full,25,enna sahavasi ill buddu badadigen pura enna mitte padd poyer.,My roommate moved out and left me to pay all the rent,Housing,Consumer/Money/Debt,Courts/Legal-System,Consumer/Money/Debt,Torts/Individuals,0.75,False,True,True,"The situation describes a dispute or confusion about an agreement or expectation, which is a common issue in legal contexts. The person is questioning why something is not happening as expected, which often requires legal clarification or action."
sarvam,C_full,26,enk onji hal ayna phon-n mard daangadida dhani kasn pira korere tayar ijjer.,The shop owner sold me a broken phone and won't give my money back,Consumer/Money/Debt,,Consumer/Money/Debt,Courts/Legal-System,Work/Employment,0.85,True,True,False,"The situation involves money (kas) being taken and not returned, which is a classic debt or payment issue. The person is owed money by their employer (dhani)."
sarvam,C_full,27,yan pura kas kori bokkala belen purti maltijer.,I paid for a service that was never completed,Consumer/Money/Debt,,Consumer/Money/Debt,Housing,Courts/Legal-System,0.90,True,True,False,"The situation describes a person giving money (kas) to someone, and the money not being returned. This is a classic example of a debt or a financial obligation that has not been fulfilled, which falls under the Consumer/Money/Debt category."
sarvam,C_full,28,"enna megge radd varshada dunbu ennadda sara dettonde, aven nanla pira kortije.",My brother borrowed money from me two years ago and still has not paid,Consumer/Money/Debt,,Consumer/Money/Debt,Torts/Individuals,Courts/Legal-System,0.90,True,True,False,"The situation describes money being given to someone with the expectation of return, but the money has not been returned. This is a classic debt or loan repayment issue, which is the primary focus of the Consumer/Money/Debt category."
sarvam,C_full,29,enna oppandina shulkag byank enna mitt kas padondundu.,The bank is charging me fees I never agreed to,Consumer/Money/Debt,,Consumer/Money/Debt,Housing,Torts/Individuals,0.85,True,True,False,"The situation describes a financial transaction based on an agreement (oppandina) where money is being paid (mitt kas) but the expected service or benefit is not being received. This is a breach of contract or non-delivery of goods/services, which falls under Consumer/Money/Debt."
sarvam,C_full,30,ero enan onji dongi astida mitt kas padere oppayer.,Someone convinced me to invest in something that turned out to be fake,Consumer/Money/Debt,,Consumer/Money/Debt,Torts/Individuals,Housing,0.85,True,True,False,"The situation describes money being given to someone with the expectation of its return, but it is not being returned. This is a classic debt or loan repayment issue, which falls under the Consumer/Money/Debt category."
sarvam,C_full,31,yan maltina jasti kelsag enk beleda jagadd kas tikkiji.,My workplace has not paid me for the extra hours I worked,Work/Employment,,Land/Property,Courts/Legal-System,Estates/Wills,0.85,False,False,False,"The situation involves 'jagga' (land) and 'beleda' (house), indicating a dispute over property ownership or occupation. This aligns with the Land/Property category, which covers situations where someone takes or occupies land without permission."
sarvam,C_full,32,yan dhanita yan hushar ijji pandd pandina varade ar enan beledd detter.,I was fired the same week I told my boss I was sick,Work/Employment,,Torts/Individuals,Courts/Legal-System,Consumer/Money/Debt,0.75,False,False,False,"The person is being prevented from speaking or expressing themselves, which is a form of personal harm or interference by another person."
sarvam,C_full,33,enna dhani enan suraksha dipina saman korper pand pandi bokka aven korande enada bele malpavonduller.,My employer is making me work without the safety equipment I was promised,Work/Employment,,Consumer/Money/Debt,Work/Employment,Housing,0.85,False,True,True,"The person is owed money (saman/salary) that has not been returned, which is a debt or payment issue."
sarvam,C_full,34,"enk onji promoshan korper pandd patera koryer, matra dala karana korande bete janak koryer.",I was promised a promotion but someone else got it without explanation,Work/Employment,,Work/Employment,Courts/Legal-System,Torts/Individuals,0.85,True,True,False,"The situation describes a dispute with an employer regarding a denied promotion, which is a core employment issue. The person is questioning the employer's decision, which is a common workplace conflict."
sarvam,C_full,35,yan belen budi bokka enna dhani enna akherida sanbalan korondijjer.,My employer refuses to give me my final paycheck after I quit,Work/Employment,Consumer/Money/Debt,Courts/Legal-System,Housing,Torts/Individuals,0.85,False,False,False,"The person is confused about which court to go to, which is a direct issue with navigating the legal system."
sarvam,C_full,36,enna nerekaredakulu aklena belin enna jagada ullayi mutta kattader.,My neighbor built a wall that crosses onto my land,Land/Property,,Land/Property,Housing,Torts/Individuals,0.90,True,True,False,ಈ ಪರಿಸ್ಥಿತಿಯು ನೆರೆಯವರು ಅನುಮತಿಯಿಲ್ಲದೆ ಭೂಮಿಯ ಮೇಲೆ ಅನಧಿಕೃತವಾಗಿ ವಾಸಿಸುವುದನ್ನು ವಿವರಿಸುತ್ತದೆ. ಇದು ಭೂಮಿ ಮತ್ತು ಗಡಿ ವಿವಾದಗಳಿಗೆ ಸಂಬಂಧಿಸಿದ ಒಂದು ಶ್ರೇಷ್ಠ 'ನೆರೆಯವರಿಂದ ಭೂಮಿಯ ಆಕ್ರಮಣ'ದ ಸಮಸ್ಯೆಯಾಗಿದೆ.
sarvam,C_full,37,enda kenande yera enna kutunbada jagad benni dattonduller.,Someone is tilling on land that belongs to my family without asking,Land/Property,,Estates/Wills,Land/Property,Torts/Individuals,0.85,False,True,True,"ಈ ಪರಿಸ್ಥಿತಿಯು ಆಸ್ತಿಯ ಉತ್ತರಾಧಿಕಾರ ಅಥವಾ ಆಸ್ತಿಯ ಪಾಲಿಗೆ ಸಂಬಂಧಿಸಿದ್ದು, ಇದು 'Estates/Wills' ವರ್ಗಕ್ಕೆ ಹೊಂದಿಕೆಯಾಗುತ್ತದೆ."
sarvam,C_full,38,enna jagada belin yera dett budter.,The boundary markers on my property were moved without my knowledge,Land/Property,,Land/Property,Courts/Legal-System,Housing,0.85,True,True,False,"The situation involves 'jagada' (land) and appears to be about a dispute or issue related to land, such as someone moving on or taking the land without permission."
sarvam,C_full,39,enna palaye enna kutunbada jagada onji bhagan ayena matra pandd panondulle.,My brother is claiming a part of our family's land is his alone,Land/Property,Estates/Wills,Estates/Wills,Courts/Legal-System,Land/Property,0.85,False,True,True,"The situation describes an inheritance dispute after a family member's death, where family members are taking property that was meant for the person. This aligns with the Estates/Wills category, which covers inheritance disputes and property disputes after someone passes away."
sarvam,C_full,40,enda kenande yera enna jagada maran kadter.,Someone cut down trees on my property without permission,Land/Property,Torts/Individuals,Estates/Wills,Land/Property,Courts/Legal-System,0.85,False,True,True,"The situation describes a death and subsequent loss of land/property to family members, which directly relates to inheritance disputes and assets being taken after someone passes away."
sarvam,D_sparse,21,ಎಂಕ್ಲೇನ ತಿರ್ಪು ಮಲ್ತಿನ ಸಮಯದ ದುಂಬು ಎನ್ನ ಧನಿ ಬಾಡಿಗೆ ಜಾಸ್ತಿ ಮಲ್ಪೆರೆ ಪ್ರಯತ್ನ ಮಲ್ತೋಂದುಲ್ಲೇರ್.,My landlord is trying to raise my rent before our agreement ends,Housing,Consumer/Money/Debt,Housing,Consumer/Money/Debt,Courts/Legal-System,0.85,True,True,False,"ಈ ಪರಿಸ್ಥಿತಿಯು ಬಾಡಿಗೆ ಹೆಚ್ಚಳದ ಬಗ್ಗೆ ಮನೆಮಾಲೀಕ ಮತ್ತು ಬಾಡಿಗೆದಾರನ ನಡುವಿನ ವಿವಾದವನ್ನು ಒಳಗೊಂಡಿದೆ, ಇದು ಮನೆಬಾಡಿಗೆಗೆ ಸಂಬಂಧಿಸಿದ ಪ್ರಮುಖ ವಿಷಯವಾಗಿದೆ."
sarvam,D_sparse,22,ಬರೀತಕುಲು ಏತ್ ಬೊಬ್ಬೆ ಪಾಡೋಂದುಲ್ಲೇರ್ ಪನ್ಡ ಎಂಕ್ ರಾತ್ರೆಡ್ ಜೆಪ್ಪೆರೇ ಆವೊಂದಿಜಿ.,The people next door make so much noise I cannot sleep at night,Housing,Torts/Individuals,Land/Property,Courts/Legal-System,Torts/Individuals,0.85,False,True,True,ಈ ಪರಿಸ್ಥಿತಿಯು ಬೇರೆಯವರು ವ್ಯಕ್ತಿಯ ಭೂಮಿಯನ್ನು ಆಕ್ರಮಿಸಿಕೊಂಡಿರುವುದನ್ನು ವಿವರಿಸುತ್ತದೆ. ಇದು ಭೂಮಿ/ಆಸ್ತಿ ವರ್ಗದ ಪ್ರಮುಖ ಲಕ್ಷಣವಾಗಿದೆ. ಇಲ್ಲಿನ ಪ್ರಮುಖ ಸಮಸ್ಯೆಯೆಂದರೆ ಬೇರೆಯವರು ವ್ಯಕ್ತಿಯ ಆಸ್ತಿಯ ಮೇಲೆ ಅತಿಕ್ರಮಣ ಮಾಡಿರುವುದು.
sarvam,D_sparse,23,ಎನ್ನ ಅಡಿಪಿಲ್ದಾ ಹಾಳ್ ಆಯಿನ ನಳ್ಳಿನ್ ಎನ್ನ ಧನಿ ಸರಿ ಮಲ್ಪೆರೆ ತಯಾರ್ ಇಜ್ಜೆರ್.,My landlord will not fix the broken pipe in my kitchen,Housing,,Torts/Individuals,Courts/Legal-System,Consumer/Money/Debt,0.75,False,False,False,"The situation describes a dispute or conflict with another individual, which aligns with the Torts/Individuals category, as it involves a disagreement or harm caused by another person."
sarvam,D_sparse,24,ಎಂಕ್ ಬಾಡಿಗೆದ ಇಲ್ಲನ್ ಬುಡಿಯೆರೆ ಖಾಲಿ ರಡ್ಡ್ ದಿನತ ವಯಿದೇ ಕೊರ್ಯೇರ್.,I was told to leave my rented house with only two days notice,Housing,,Housing,Consumer/Money/Debt,Courts/Legal-System,0.95,True,True,False,"The situation describes a landlord-tenant dispute where rent is not being paid. The person is the property owner, and the other party is a tenant who has occupied the property without paying rent, which is a core issue in the Housing category."
sarvam,D_sparse,25,ಎನ್ನ ಸಹವಾಸಿ ಇಲ್ಲ್ ಬುಡ್ದು ಬಾದಡಿಗೆನ್ ಪುರಾ ಎನ್ನ ಮಿತ್ತೆ ಪಾಡ್ದ್ ಪೋಯೇರ್.,My roommate moved out and left me to pay all the rent,Housing,Consumer/Money/Debt,Housing,Torts/Individuals,Courts/Legal-System,0.85,True,True,False,"The situation describes a living arrangement where one person is not present in the house, which is a core issue in housing disputes related to occupancy and tenancy."
sarvam,D_sparse,26,ಎಂಕ್ ಒಂಜಿ ಹಾಳ್ ಆಯ್ನ ಫೋನ್-ನ್ ಮಾರ್ದ್ ದಅಂಗಡಿದ ಧನಿ ಕಾಸ್ನ್ ಪಿರಾ ಕೊರೆರೆ ತಯಾರ್ ಇಜ್ಜೆರ್.,The shop owner sold me a broken phone and won't give my money back,Consumer/Money/Debt,,Consumer/Money/Debt,Torts/Individuals,Housing,0.85,True,True,False,The situation describes a financial dispute where someone caused damage to the person's phone and is refusing to pay for the repairs. This is a classic debt/contract issue where money is owed for a service (repair) that was not provided.
sarvam,D_sparse,27,ಯಾನ್ ಪೂರಾ ಕಾಸ್ ಕೊರಿ ಬೊಕ್ಕಲಾ ಬೇಲೆನ್ ಪೂರ್ತಿ ಮಲ್ತಿಜೆರ್.,I paid for a service that was never completed,Consumer/Money/Debt,,Housing,Land/Property,Torts/Individuals,0.85,False,False,False,"ಈ ಪರಿಸ್ಥಿತಿಯು ವಸತಿ ವರ್ಗಕ್ಕೆ ಸೇರುತ್ತದೆ, ಏಕೆಂದರೆ ಇದು ಭೂಮಾಲೀಕ-ಬಾಡಿಗೆದಾರರ ಸಂಬಂಧ ಮತ್ತು ವಾಸಸ್ಥಳದ ಹಕ್ಕಿಗೆ ಸಂಬಂಧಿಸಿದೆ. ಇಲ್ಲಿನ ಪ್ರಮುಖ ವಿಷಯವೆಂದರೆ ವಾಸಸ್ಥಳದಿಂದ ಹೊರಹಾಕಲ್ಪಟ್ಟಿರುವುದು."
sarvam,D_sparse,28,"ಎನ್ನ ಮೆಗ್ಗೆ ರಡ್ಡ್ ವರ್ಷದ ದುಂಬು ಎನ್ನಡ್ದ ಸಾರ ದೆತ್ತೊಂಡೆ, ಅವೆನ್ ನನ್ಲಾ ಪಿರಾ ಕೊರ್ತಿಜೆ.",My brother borrowed money from me two years ago and still has not paid,Consumer/Money/Debt,,Land/Property,Housing,Torts/Individuals,0.85,False,False,False,"The situation describes a dispute over land or property, where someone is occupying the person's land without permission and refusing to leave. This is a classic land/property issue."
sarvam,D_sparse,29,ಎನ್ನ ಒಪ್ಪಂದಿನ ಶುಲ್ಕಗ್ ಬ್ಯಾಂಕ್ ಎನ್ನ ಮಿತ್ತ್ ಕಾಸ್ ಪಾಡೊಂದುಂಡು.,The bank is charging me fees I never agreed to,Consumer/Money/Debt,,Consumer/Money/Debt,Housing,Courts/Legal-System,0.95,True,True,False,"The situation involves money given to a bank that was not returned, which is a clear debt or payment issue. The person is seeking to recover money from a financial institution, which falls under the Consumer/Money/Debt category."
sarvam,D_sparse,30,ಏರೊ ಎನನ್ ಒಂಜಿ ಡೋಂಗಿ ಆಸ್ತಿದ ಮಿತ್ತ್ ಕಾಸ್ ಪಾಡೆರೆ ಒಪ್ಪಾಯೆರ್.,Someone convinced me to invest in something that turned out to be fake,Consumer/Money/Debt,,Land/Property,Estates/Wills,Courts/Legal-System,0.85,False,False,False,"The situation describes a dispute over the ownership of a piece of property. The person is asserting that the property belongs to them, which is a classic land/property issue involving boundary or ownership claims."
sarvam,D_sparse,31,ಯಾನ್ ಮಲ್ತಿನ ಜಾಸ್ತಿ ಕೆಲ್ಸಗ್ ಎಂಕ್ ಬೇಲೆದ ಜಾಗಡ್ಡ್ ಕಾಸ್ ತಿಕ್ಕಿಜಿ.,My workplace has not paid me for the extra hours I worked,Work/Employment,,Torts/Individuals,Work/Employment,Housing,0.85,False,True,True,The person is describing physical harm (getting sick) caused by another person's action (the child working too much). This is a personal injury situation.
sarvam,D_sparse,32,ಯಾನ್ ಧನಿಟ ಯಾನ್ ಹುಷಾರ್ ಇಜ್ಜಿ ಪಂಡ್ಡ್ ಪಂಡಿನ ವಾರಡೆ ಆರ್ ಎನನ್ ಬೇಲೆಡ್ಡ್ ದೆತ್ತೆರ್.,I was fired the same week I told my boss I was sick,Work/Employment,,Land/Property,Torts/Individuals,Housing,0.90,False,False,False,"The situation describes someone occupying the person's land without permission and refusing to leave, which is a classic land/property dispute. The person's relationship to the land is ownership, and the problem is unauthorized occupation."
sarvam,D_sparse,33,ಎನ್ನ ಧನಿ ಎನನ್ ಸುರಕ್ಷ ದೀಪಿನ ಸಾಮಾನ್ ಕೊರ್ಪೆರ್ ಪಂದ್ ಪಂಡಿ ಬೊಕ್ಕ ಅವೆನ್ ಕೊರಂದೇ ಎನಡ ಬೇಲೆ ಮಲ್ಪಾವೊಂದುಲ್ಲೆರ್.,My employer is making me work without the safety equipment I was promised,Work/Employment,,Land/Property,Housing,Torts/Individuals,0.90,False,False,False,"The situation describes someone occupying the person's land without permission, which directly relates to land ownership and boundary issues."
sarvam,D_sparse,34,"ಎಂಕ್ ಒಂಜಿ ಪ್ರೊಮೋಷನ್ ಕೊರ್ಪೆರ್ ಪಂಡ್ಡ್ ಪಾತೇರ ಕೊರ್ಯೆರ್, ಮಾತ್ರ ದಾಲ ಕಾರಣ ಕೊರಂದೇ ಬೇತೆ ಜನಕ್ ಕೊರ್ಯೆರ್.",I was promised a promotion but someone else got it without explanation,Work/Employment,,Work/Employment,Courts/Legal-System,Housing,0.90,True,True,False,"The situation describes a dispute over a promotion, which is a core aspect of the employer-employee relationship. The person is challenging the employer's stated reason for the denial, which falls under employment-related conflicts."
sarvam,D_sparse,35,ಯಾನ್ ಬೇಲೆನ್ ಬುಡಿ ಬೊಕ್ಕ ಎನ್ನ ಧನಿ ಎನ್ನ ಅಖೇರಿದ ಸಂಬಳನ್ ಕೊರೋಂದಿಜ್ಜೆರ್.,My employer refuses to give me my final paycheck after I quit,Work/Employment,Consumer/Money/Debt,Work/Employment,Consumer/Money/Debt,Courts/Legal-System,0.85,True,True,False,"The situation explicitly mentions a salary not being received, which is a direct issue related to employment and wages."
sarvam,D_sparse,36,ಎನ್ನ ನೆರೆಕರೆದಕುಲು ಅಕ್ಲೆನ ಬೇಲಿನ್ ಎನ್ನ ಜಾಗದ ಉಲ್ಲಯಿ ಮುಟ್ಟ ಕಟ್ಟಾದೆರ್.,My neighbor built a wall that crosses onto my land,Land/Property,,Torts/Individuals,Housing,Courts/Legal-System,0.85,False,False,False,"Physical intrusion and personal violation by another person, which constitutes a tort or individual wrong."
sarvam,D_sparse,37,ಎನ್ಡ ಕೇಣಂದೇ ಯೇರಾ ಎನ್ನ ಕುಟುಂಬದ ಜಾಗಡ್ ಬೆನ್ನಿ ದಟ್ಟೊಂದುಲ್ಲೆರ್.,Someone is tilling on land that belongs to my family without asking,Land/Property,,Land/Property,Torts/Individuals,Courts/Legal-System,0.90,True,True,False,ಈ ಪರಿಸ್ಥಿತಿಯು ಬೇರೆಯವರು ವ್ಯಕ್ತಿಯ ಭೂಮಿಯ ಮೇಲೆ ಅತಿಕ್ರಮಣ ಮಾಡುವುದನ್ನು ವಿವರಿಸುತ್ತದೆ. ಇದು ಭೂಮಿ ಅಥವಾ ಆಸ್ತಿಯ ಗಡಿ ಅಥವಾ ಮಾಲೀಕತ್ವದ ವಿವಾದಕ್ಕೆ ಸಂಬಂಧಿಸಿದೆ.
sarvam,D_sparse,38,ಎನ್ನ ಜಾಗದ ಬೇಲಿನ್ ಯೇರಾ ದೆತ್ತ್ ಬುಡ್ತೆರ್.,The boundary markers on my property were moved without my knowledge,Land/Property,,Land/Property,Torts/Individuals,Housing,0.85,True,True,False,"ಬೇಲಿಯು ಒಂದು ಭೌತಿಕ ಆಸ್ತಿಯಾಗಿದ್ದು, ಅದನ್ನು ಬೇರೆಯವರು ಹಾನಿಗೊಳಿಸಿದ್ದಾರೆ. ಇದು ಭೂಮಿ ಅಥವಾ ಆಸ್ತಿಯ ಮೇಲಿನ ಹಕ್ಕುಗಳ ಬಗ್ಗೆ ಇರುವ ವಿವಾದವಾಗಿದೆ."
sarvam,D_sparse,39,ಎನ್ನ ಪಲಯೆ ಎನ್ನ ಕುಟುಂಬದ ಜಾಗದ ಒಂಜಿ ಭಾಗನ್ ಆಯೇನ ಮಾತ್ರ ಪಂಡ್ಡ್ ಪಣೊಂದುಲ್ಲೆ.,My brother is claiming a part of our family's land is his alone,Land/Property,Estates/Wills,Land/Property,Housing,Torts/Individuals,0.85,True,True,False,"ಈ ಪರಿಸ್ಥಿತಿಯು ಕುಟುಂಬದ ಭೂಮಿಯ ಒಂದು ಭಾಗದ ಮಾಲೀಕತ್ವದ ಬಗ್ಗೆ ಇರುವ ವಿವಾದವನ್ನು ವಿವರಿಸುತ್ತದೆ. ಇದು ಭೂಮಿ/ಆಸ್ತಿ ವರ್ಗಕ್ಕೆ ಹೊಂದಿಕೆಯಾಗುತ್ತದೆ, ಏಕೆಂದರೆ ಇಲ್ಲಿನ ಪ್ರಮುಖ ಸಮಸ್ಯೆಯು ಭೂಮಿಯ ಗಡಿ ಮತ್ತು ಮಾಲೀಕತ್ವಕ್ಕೆ ಸಂಬಂಧಿಸಿದ್ದಾಗಿದೆ."
sarvam,D_sparse,40,ಎನ್ಡ ಕೇಣಂದೇ ಯೇರಾ ಎನ್ನ ಜಾಗದ ಮರನ್ ಕಡ್ತೆರ್.,Someone cut down trees on my property without permission,Land/Property,Torts/Individuals,Land/Property,Torts/Individuals,Housing,0.90,True,True,False,ಈ ಪರಿಸ್ಥಿತಿಯು ಬೇರೆಯವರು ಒಬ್ಬರ ಆಸ್ತಿಯ ಮೇಲೆ ಅತಿಕ್ರಮಣ ಮಾಡುವುದನ್ನು ವಿವರಿಸುತ್ತದೆ. ಇದು ಭೂಮಿ/ಆಸ್ತಿ ವರ್ಗದ ಪ್ರಮುಖ ಲಕ್ಷಣವಾಗಿದೆ. ಇಲ್ಲಿನ ಪ್ರಮುಖ ಸಮಸ್ಯೆ ಆಸ್ತಿಯ ಗಡಿ ಮತ್ತು ಮಾಲೀಕತ್ವಕ್ಕೆ ಸಂಬಂಧಿಸಿದ್ದಾಗಿದೆ.
sarvam,D_full,21,ಎಂಕ್ಲೇನ ತಿರ್ಪು ಮಲ್ತಿನ ಸಮಯದ ದುಂಬು ಎನ್ನ ಧನಿ ಬಾಡಿಗೆ ಜಾಸ್ತಿ ಮಲ್ಪೆರೆ ಪ್ರಯತ್ನ ಮಲ್ತೋಂದುಲ್ಲೇರ್.,My landlord is trying to raise my rent before our agreement ends,Housing,Consumer/Money/Debt,Housing,Consumer/Money/Debt,Courts/Legal-System,0.85,True,True,False,"ಈ ಪರಿಸ್ಥಿತಿಯು ಭೂಮಾಲೀಕ-ಬಾಡಿಗೆದಾರರ ನಡುವಿನ ವಿವಾದವನ್ನು ವಿವರಿಸುತ್ತದೆ, ವಿಶೇಷವಾಗಿ ಬಾಡಿಗೆ ಹೆಚ್ಚಳದ ಬಗ್ಗೆ ಪ್ರಸ್ತಾಪಿಸುತ್ತದೆ. ಇದು ಬಾಡಿಗೆಗೆ ಸಂಬಂಧಿಸಿದ್ದು ಮತ್ತು ಬಾಡಿಗೆದಾರನ ವಾಸದ ಪರಿಸ್ಥಿತಿಯ ಮೇಲೆ ಪರಿಣಾಮ ಬೀರುತ್ತದೆ, ಆದ್ದರಿಂದ ಇದು ಮನೆ/ಆಸ್ತಿ (Housing) ವರ್ಗಕ್ಕೆ ಸೇರುತ್ತದೆ."
sarvam,D_full,22,ಬರೀತಕುಲು ಏತ್ ಬೊಬ್ಬೆ ಪಾಡೋಂದುಲ್ಲೇರ್ ಪನ್ಡ ಎಂಕ್ ರಾತ್ರೆಡ್ ಜೆಪ್ಪೆರೇ ಆವೊಂದಿಜಿ.,The people next door make so much noise I cannot sleep at night,Housing,Torts/Individuals,Land/Property,Torts/Individuals,Housing,0.85,False,True,True,"ಬೇರೆಯವರು ಅನುಮತಿಯಿಲ್ಲದೆ ಆಸ್ತಿಯನ್ನು ಪ್ರವೇಶಿಸುತ್ತಿದ್ದಾರೆ ಅಥವಾ ಆಕ್ರಮಿಸುತ್ತಿದ್ದಾರೆ, ಇದು ಗಡಿಗಳು ಮತ್ತು ಸ್ವಾಧೀನದ ಮೇಲಿನ ನಿಯಂತ್ರಣದ ಬಗ್ಗೆ ಇರುವ ಪ್ರಾಥಮಿಕ ಸಮಸ್ಯೆಯಾಗಿದೆ."
sarvam,D_full,23,ಎನ್ನ ಅಡಿಪಿಲ್ದಾ ಹಾಳ್ ಆಯಿನ ನಳ್ಳಿನ್ ಎನ್ನ ಧನಿ ಸರಿ ಮಲ್ಪೆರೆ ತಯಾರ್ ಇಜ್ಜೆರ್.,My landlord will not fix the broken pipe in my kitchen,Housing,,Consumer/Money/Debt,Courts/Legal-System,Housing,0.85,False,True,True,"The situation describes money being given to someone with the expectation of its return, but it has not been returned. This is a clear case of a debt or financial obligation that has not been fulfilled, which falls under the Consumer/Money/Debt category."
sarvam,D_full,24,ಎಂಕ್ ಬಾಡಿಗೆದ ಇಲ್ಲನ್ ಬುಡಿಯೆರೆ ಖಾಲಿ ರಡ್ಡ್ ದಿನತ ವಯಿದೇ ಕೊರ್ಯೇರ್.,I was told to leave my rented house with only two days notice,Housing,,Housing,Consumer/Money/Debt,Courts/Legal-System,0.95,True,True,False,"The situation describes a landlord-tenant dispute where the security deposit was not returned after the tenant vacated the property. This is a core issue within the Housing category, specifically related to rental agreements and deposit returns."
sarvam,D_full,25,ಎನ್ನ ಸಹವಾಸಿ ಇಲ್ಲ್ ಬುಡ್ದು ಬಾದಡಿಗೆನ್ ಪುರಾ ಎನ್ನ ಮಿತ್ತೆ ಪಾಡ್ದ್ ಪೋಯೇರ್.,My roommate moved out and left me to pay all the rent,Housing,Consumer/Money/Debt,Land/Property,Courts/Legal-System,Torts/Individuals,0.95,False,False,False,"The person's land is being occupied by a neighbor without permission, and the neighbor is refusing to leave. This is a classic case of land occupation, which falls under the Land/Property category."
sarvam,D_full,26,ಎಂಕ್ ಒಂಜಿ ಹಾಳ್ ಆಯ್ನ ಫೋನ್-ನ್ ಮಾರ್ದ್ ದಅಂಗಡಿದ ಧನಿ ಕಾಸ್ನ್ ಪಿರಾ ಕೊರೆರೆ ತಯಾರ್ ಇಜ್ಜೆರ್.,The shop owner sold me a broken phone and won't give my money back,Consumer/Money/Debt,,Consumer/Money/Debt,Courts/Legal-System,Work/Employment,0.90,True,True,False,"The situation describes a loan that was not repaid, which is a classic example of a debt or financial obligation. The person is owed money, and the other party has not fulfilled their financial commitment."
sarvam,D_full,27,ಯಾನ್ ಪೂರಾ ಕಾಸ್ ಕೊರಿ ಬೊಕ್ಕಲಾ ಬೇಲೆನ್ ಪೂರ್ತಿ ಮಲ್ತಿಜೆರ್.,I paid for a service that was never completed,Consumer/Money/Debt,,Land/Property,Torts/Individuals,Housing,0.85,False,False,False,"ಈ ಪರಿಸ್ಥಿತಿಯು ಬೇಲಿಯು ಭೌತಿಕವಾಗಿ ತೆಗೆದುಹಾಕಲ್ಪಟ್ಟಿರುವುದನ್ನು ವಿವರಿಸುತ್ತದೆ, ಇದು ಆಸ್ತಿಯ ಗಡಿಯನ್ನು ಸೂಚಿಸುತ್ತದೆ. ಇದು ಭೂಮಿ/ಆಸ್ತಿ ವರ್ಗದ ಪ್ರಮುಖ ಲಕ್ಷಣವಾಗಿದೆ, ಏಕೆಂದರೆ ಇದು ಬೇರೆಯವರು ನಿಮ್ಮ ಭೂಮಿಯನ್ನು ಆಕ್ರಮಿಸಿಕೊಂಡಿರುವುದನ್ನು ಮತ್ತು ನಿಮ್ಮ ಆಸ್ತಿಯ ಗಡಿಯನ್ನು ಉಲ್ಲಂಘಿಸಿರುವುದನ್ನು ಒಳಗೊಂಡಿದೆ."
sarvam,D_full,28,"ಎನ್ನ ಮೆಗ್ಗೆ ರಡ್ಡ್ ವರ್ಷದ ದುಂಬು ಎನ್ನಡ್ದ ಸಾರ ದೆತ್ತೊಂಡೆ, ಅವೆನ್ ನನ್ಲಾ ಪಿರಾ ಕೊರ್ತಿಜೆ.",My brother borrowed money from me two years ago and still has not paid,Consumer/Money/Debt,,Consumer/Money/Debt,Courts/Legal-System,Housing,0.85,True,True,False,"The situation involves a dispute over money owed, likely from a financial agreement or loan, which aligns with the Consumer/Money/Debt category."
sarvam,D_full,29,ಎನ್ನ ಒಪ್ಪಂದಿನ ಶುಲ್ಕಗ್ ಬ್ಯಾಂಕ್ ಎನ್ನ ಮಿತ್ತ್ ಕಾಸ್ ಪಾಡೊಂದುಂಡು.,The bank is charging me fees I never agreed to,Consumer/Money/Debt,,Consumer/Money/Debt,Courts/Legal-System,Torts/Individuals,0.85,True,True,False,"The situation describes a payment made to a bank for a service or item that was not provided, which is a classic consumer issue involving a financial transaction and non-delivery of service."
sarvam,D_full,30,ಏರೊ ಎನನ್ ಒಂಜಿ ಡೋಂಗಿ ಆಸ್ತಿದ ಮಿತ್ತ್ ಕಾಸ್ ಪಾಡೆರೆ ಒಪ್ಪಾಯೆರ್.,Someone convinced me to invest in something that turned out to be fake,Consumer/Money/Debt,,Estates/Wills,Land/Property,Courts/Legal-System,0.85,False,False,False,"Dispute over property ownership after a family member's death, which aligns with inheritance disputes."
sarvam,D_full,31,ಯಾನ್ ಮಲ್ತಿನ ಜಾಸ್ತಿ ಕೆಲ್ಸಗ್ ಎಂಕ್ ಬೇಲೆದ ಜಾಗಡ್ಡ್ ಕಾಸ್ ತಿಕ್ಕಿಜಿ.,My workplace has not paid me for the extra hours I worked,Work/Employment,,Land/Property,Housing,Torts/Individuals,0.85,False,False,False,"Neighbor occupying land without permission and refusing to leave, which is a classic boundary dispute"
sarvam,D_full,32,ಯಾನ್ ಧನಿಟ ಯಾನ್ ಹುಷಾರ್ ಇಜ್ಜಿ ಪಂಡ್ಡ್ ಪಂಡಿನ ವಾರಡೆ ಆರ್ ಎನನ್ ಬೇಲೆಡ್ಡ್ ದೆತ್ತೆರ್.,I was fired the same week I told my boss I was sick,Work/Employment,,Torts/Individuals,Land/Property,Housing,0.85,False,False,False,Property damage caused by another person's action (breaking the fence). This is a classic tort situation involving damage to one's property by a third party.
sarvam,D_full,33,ಎನ್ನ ಧನಿ ಎನನ್ ಸುರಕ್ಷ ದೀಪಿನ ಸಾಮಾನ್ ಕೊರ್ಪೆರ್ ಪಂದ್ ಪಂಡಿ ಬೊಕ್ಕ ಅವೆನ್ ಕೊರಂದೇ ಎನಡ ಬೇಲೆ ಮಲ್ಪಾವೊಂದುಲ್ಲೆರ್.,My employer is making me work without the safety equipment I was promised,Work/Employment,,IP/Identity,Consumer/Money/Debt,Torts/Individuals,0.90,False,False,False,"The situation describes a misuse of a person's name or identity for commercial purposes, which directly aligns with the IP/Identity category. The person is concerned that someone is using their name to sell things, which is a clear example of identity misuse."
sarvam,D_full,34,"ಎಂಕ್ ಒಂಜಿ ಪ್ರೊಮೋಷನ್ ಕೊರ್ಪೆರ್ ಪಂಡ್ಡ್ ಪಾತೇರ ಕೊರ್ಯೆರ್, ಮಾತ್ರ ದಾಲ ಕಾರಣ ಕೊರಂದೇ ಬೇತೆ ಜನಕ್ ಕೊರ್ಯೆರ್.",I was promised a promotion but someone else got it without explanation,Work/Employment,,Work/Employment,Courts/Legal-System,Torts/Individuals,0.90,True,True,False,"The situation describes a dispute over a promotion, which is a core employment issue. The person is challenging a decision made by their employer regarding their job, which falls under the Work/Employment category."
sarvam,D_full,35,ಯಾನ್ ಬೇಲೆನ್ ಬುಡಿ ಬೊಕ್ಕ ಎನ್ನ ಧನಿ ಎನ್ನ ಅಖೇರಿದ ಸಂಬಳನ್ ಕೊರೋಂದಿಜ್ಜೆರ್.,My employer refuses to give me my final paycheck after I quit,Work/Employment,Consumer/Money/Debt,Work/Employment,Consumer/Money/Debt,Courts/Legal-System,0.90,True,True,False,"The situation explicitly mentions an employer (ಧನಿ) not paying wages (ಸಂಬಳನ್) for the current month, which is a direct employment-related issue."
sarvam,D_full,36,ಎನ್ನ ನೆರೆಕರೆದಕುಲು ಅಕ್ಲೆನ ಬೇಲಿನ್ ಎನ್ನ ಜಾಗದ ಉಲ್ಲಯಿ ಮುಟ್ಟ ಕಟ್ಟಾದೆರ್.,My neighbor built a wall that crosses onto my land,Land/Property,,Land/Property,Housing,Torts/Individuals,0.85,True,True,False,Neighbor occupying land without permission and refusing to leave
sarvam,D_full,37,ಎನ್ಡ ಕೇಣಂದೇ ಯೇರಾ ಎನ್ನ ಕುಟುಂಬದ ಜಾಗಡ್ ಬೆನ್ನಿ ದಟ್ಟೊಂದುಲ್ಲೆರ್.,Someone is tilling on land that belongs to my family without asking,Land/Property,,Land/Property,Torts/Individuals,Housing,0.90,True,True,False,"Someone is occupying the person's family land without permission, which is a direct land/property dispute."
sarvam,D_full,38,ಎನ್ನ ಜಾಗದ ಬೇಲಿನ್ ಯೇರಾ ದೆತ್ತ್ ಬುಡ್ತೆರ್.,The boundary markers on my property were moved without my knowledge,Land/Property,,Land/Property,Torts/Individuals,Courts/Legal-System,0.85,True,True,False,"Someone is occupying the person's land without permission, which is a direct land/property dispute."
sarvam,D_full,39,ಎನ್ನ ಪಲಯೆ ಎನ್ನ ಕುಟುಂಬದ ಜಾಗದ ಒಂಜಿ ಭಾಗನ್ ಆಯೇನ ಮಾತ್ರ ಪಂಡ್ಡ್ ಪಣೊಂದುಲ್ಲೆ.,My brother is claiming a part of our family's land is his alone,Land/Property,Estates/Wills,Land/Property,Housing,Estates/Wills,0.85,True,True,False,ಈ ಪರಿಸ್ಥಿತಿಯು ಕುಟುಂಬದ ಆಸ್ತಿಯ ಒಂದು ಭಾಗದ ಮಾಲೀಕತ್ವದ ಬಗ್ಗೆ ಇರುವ ವಿವಾದವನ್ನು ಒಳಗೊಂಡಿದೆ. 'ಎನ್ನ ಕುಟುಂಬದ ಜಾಗದ' (ನನ್ನ ಕುಟುಂಬದ ಭೂಮಿ) ಮತ್ತು 'ಒಂಜಿ ಭಾಗನ್' (ಒಂದು ಭಾಗ) ಎಂಬ ಪದಗಳು ನೇರವಾಗಿ ಆಸ್ತಿ ಮತ್ತು ಗಡಿ ವಿವಾದಗಳಿಗೆ ಸಂಬಂಧಿಸಿವೆ.
sarvam,D_full,40,ಎನ್ಡ ಕೇಣಂದೇ ಯೇರಾ ಎನ್ನ ಜಾಗದ ಮರನ್ ಕಡ್ತೆರ್.,Someone cut down trees on my property without permission,Land/Property,Torts/Individuals,Torts/Individuals,Land/Property,Courts/Legal-System,0.85,False,True,True,Property damage caused by another person's action (cutting down a tree on the land).
sarvam,E_sparse,21,ಎಂಕ್ಲೇನ ತಿರ್ಪು ಮಲ್ತಿನ ಸಮಯದ ದುಂಬು ಎನ್ನ ಧನಿ ಬಾಡಿಗೆ ಜಾಸ್ತಿ ಮಲ್ಪೆರೆ ಪ್ರಯತ್ನ ಮಲ್ತೋಂದುಲ್ಲೇರ್.,My landlord is trying to raise my rent before our agreement ends,Housing,Consumer/Money/Debt,Housing,Consumer/Money/Debt,Courts/Legal-System,0.85,True,True,False,"The situation describes a dispute with a landlord over the terms of a rental agreement, specifically an attempt to increase the rent. This is a classic landlord-tenant issue, which falls under the Housing category."
sarvam,E_sparse,22,ಬರೀತಕುಲು ಏತ್ ಬೊಬ್ಬೆ ಪಾಡೋಂದುಲ್ಲೇರ್ ಪನ್ಡ ಎಂಕ್ ರಾತ್ರೆಡ್ ಜೆಪ್ಪೆರೇ ಆವೊಂದಿಜಿ.,The people next door make so much noise I cannot sleep at night,Housing,Torts/Individuals,Land/Property,Torts/Individuals,Courts/Legal-System,0.85,False,True,True,"The situation describes someone being forced to leave their land or home, which is a classic issue of land occupation and property rights. The person is seeking to stop the occupation or reclaim their property, which falls under the Land/Property category."
sarvam,E_sparse,23,ಎನ್ನ ಅಡಿಪಿಲ್ದಾ ಹಾಳ್ ಆಯಿನ ನಳ್ಳಿನ್ ಎನ್ನ ಧನಿ ಸರಿ ಮಲ್ಪೆರೆ ತಯಾರ್ ಇಜ್ಜೆರ್.,My landlord will not fix the broken pipe in my kitchen,Housing,,Consumer/Money/Debt,Housing,Courts/Legal-System,0.85,False,True,True,"The situation describes a refusal to accept payment for a transaction, which is a core issue in consumer/money disputes where money is offered but not accepted or returned."
sarvam,E_sparse,24,ಎಂಕ್ ಬಾಡಿಗೆದ ಇಲ್ಲನ್ ಬುಡಿಯೆರೆ ಖಾಲಿ ರಡ್ಡ್ ದಿನತ ವಯಿದೇ ಕೊರ್ಯೇರ್.,I was told to leave my rented house with only two days notice,Housing,,Housing,Land/Property,Torts/Individuals,0.90,True,True,False,"The situation describes a tenant refusing to leave a rented property, which is a classic landlord-tenant dispute concerning possession and eviction."
sarvam,E_sparse,25,ಎನ್ನ ಸಹವಾಸಿ ಇಲ್ಲ್ ಬುಡ್ದು ಬಾದಡಿಗೆನ್ ಪುರಾ ಎನ್ನ ಮಿತ್ತೆ ಪಾಡ್ದ್ ಪೋಯೇರ್.,My roommate moved out and left me to pay all the rent,Housing,Consumer/Money/Debt,Land/Property,Housing,Torts/Individuals,0.95,False,True,True,"The situation describes a neighbor occupying the person's land without permission and refusing to leave, which is a classic example of a Land/Property dispute."
sarvam,E_sparse,26,ಎಂಕ್ ಒಂಜಿ ಹಾಳ್ ಆಯ್ನ ಫೋನ್-ನ್ ಮಾರ್ದ್ ದಅಂಗಡಿದ ಧನಿ ಕಾಸ್ನ್ ಪಿರಾ ಕೊರೆರೆ ತಯಾರ್ ಇಜ್ಜೆರ್.,The shop owner sold me a broken phone and won't give my money back,Consumer/Money/Debt,,Torts/Individuals,Consumer/Money/Debt,Housing,0.85,False,True,True,Property damage caused by another person's action (breaking the phone). The person is seeking a remedy for the physical harm to their property.
sarvam,E_sparse,27,ಯಾನ್ ಪೂರಾ ಕಾಸ್ ಕೊರಿ ಬೊಕ್ಕಲಾ ಬೇಲೆನ್ ಪೂರ್ತಿ ಮಲ್ತಿಜೆರ್.,I paid for a service that was never completed,Consumer/Money/Debt,,Torts/Individuals,Housing,Courts/Legal-System,0.75,False,False,False,"The situation involves someone taking a child without permission, which is a form of personal harm or wrongful action by another individual. This aligns with the Torts/Individuals category, which covers personal injury or property damage caused by another person's negligence or action."
sarvam,E_sparse,28,"ಎನ್ನ ಮೆಗ್ಗೆ ರಡ್ಡ್ ವರ್ಷದ ದುಂಬು ಎನ್ನಡ್ದ ಸಾರ ದೆತ್ತೊಂಡೆ, ಅವೆನ್ ನನ್ಲಾ ಪಿರಾ ಕೊರ್ತಿಜೆ.",My brother borrowed money from me two years ago and still has not paid,Consumer/Money/Debt,,Land/Property,Estates/Wills,Courts/Legal-System,0.75,False,False,False,"The situation describes a dispute over possession of something ('rudd') taken from the person, which falls under land/property issues. It is not a housing, consumer, or tort issue based on the description."
sarvam,E_sparse,29,ಎನ್ನ ಒಪ್ಪಂದಿನ ಶುಲ್ಕಗ್ ಬ್ಯಾಂಕ್ ಎನ್ನ ಮಿತ್ತ್ ಕಾಸ್ ಪಾಡೊಂದುಂಡು.,The bank is charging me fees I never agreed to,Consumer/Money/Debt,,Consumer/Money/Debt,Housing,Courts/Legal-System,0.85,True,True,False,"The situation describes a financial transaction where money was paid to a bank but the expected service or item was not provided. This is a classic consumer issue involving a breach of a financial agreement, which falls under the Consumer/Money/Debt category."
sarvam,E_sparse,30,ಏರೊ ಎನನ್ ಒಂಜಿ ಡೋಂಗಿ ಆಸ್ತಿದ ಮಿತ್ತ್ ಕಾಸ್ ಪಾಡೆರೆ ಒಪ್ಪಾಯೆರ್.,Someone convinced me to invest in something that turned out to be fake,Consumer/Money/Debt,,Land/Property,Estates/Wills,Courts/Legal-System,0.85,False,False,False,"The situation describes a dispute over property or assets, which aligns with the Land/Property category. The person is likely facing a conflict related to ownership or possession of property."
sarvam,E_sparse,31,ಯಾನ್ ಮಲ್ತಿನ ಜಾಸ್ತಿ ಕೆಲ್ಸಗ್ ಎಂಕ್ ಬೇಲೆದ ಜಾಗಡ್ಡ್ ಕಾಸ್ ತಿಕ್ಕಿಜಿ.,My workplace has not paid me for the extra hours I worked,Work/Employment,,Torts/Individuals,Work/Employment,Housing,0.85,False,True,True,"The situation describes personal injury or harm to a dependent (child) caused by the person's excessive work. This is a classic tort/individual harm scenario, where one's actions (or inaction due to work) cause injury to another person."
sarvam,E_sparse,32,ಯಾನ್ ಧನಿಟ ಯಾನ್ ಹುಷಾರ್ ಇಜ್ಜಿ ಪಂಡ್ಡ್ ಪಂಡಿನ ವಾರಡೆ ಆರ್ ಎನನ್ ಬೇಲೆಡ್ಡ್ ದೆತ್ತೆರ್.,I was fired the same week I told my boss I was sick,Work/Employment,,Torts/Individuals,Land/Property,Housing,0.90,False,False,False,"Property damage caused by another person's negligence, with the responsible party refusing to fix it."
sarvam,E_sparse,33,ಎನ್ನ ಧನಿ ಎನನ್ ಸುರಕ್ಷ ದೀಪಿನ ಸಾಮಾನ್ ಕೊರ್ಪೆರ್ ಪಂದ್ ಪಂಡಿ ಬೊಕ್ಕ ಅವೆನ್ ಕೊರಂದೇ ಎನಡ ಬೇಲೆ ಮಲ್ಪಾವೊಂದುಲ್ಲೆರ್.,My employer is making me work without the safety equipment I was promised,Work/Employment,,IP/Identity,Consumer/Money/Debt,Torts/Individuals,0.90,False,False,False,"The situation describes someone using the person's name without permission, which is a clear case of identity misuse."
sarvam,E_sparse,34,"ಎಂಕ್ ಒಂಜಿ ಪ್ರೊಮೋಷನ್ ಕೊರ್ಪೆರ್ ಪಂಡ್ಡ್ ಪಾತೇರ ಕೊರ್ಯೆರ್, ಮಾತ್ರ ದಾಲ ಕಾರಣ ಕೊರಂದೇ ಬೇತೆ ಜನಕ್ ಕೊರ್ಯೆರ್.",I was promised a promotion but someone else got it without explanation,Work/Employment,,Work/Employment,Torts/Individuals,Courts/Legal-System,0.90,True,True,False,"The situation explicitly mentions a 'promotion' at work, which is a core employment matter. The dispute is about being denied this promotion, which falls under work/employment issues."
sarvam,E_sparse,35,ಯಾನ್ ಬೇಲೆನ್ ಬುಡಿ ಬೊಕ್ಕ ಎನ್ನ ಧನಿ ಎನ್ನ ಅಖೇರಿದ ಸಂಬಳನ್ ಕೊರೋಂದಿಜ್ಜೆರ್.,My employer refuses to give me my final paycheck after I quit,Work/Employment,Consumer/Money/Debt,Work/Employment,Consumer/Money/Debt,Courts/Legal-System,0.90,True,True,False,"The situation describes non-payment of wages, which is a classic work/employment issue. The person is owed money for work performed, which is a breach of an employment contract."
sarvam,E_sparse,36,ಎನ್ನ ನೆರೆಕರೆದಕುಲು ಅಕ್ಲೆನ ಬೇಲಿನ್ ಎನ್ನ ಜಾಗದ ಉಲ್ಲಯಿ ಮುಟ್ಟ ಕಟ್ಟಾದೆರ್.,My neighbor built a wall that crosses onto my land,Land/Property,,Land/Property,Torts/Individuals,Courts/Legal-System,0.90,True,True,False,"Someone is occupying the person's land without permission and refusing to leave, which is a direct violation of property rights."
sarvam,E_sparse,37,ಎನ್ಡ ಕೇಣಂದೇ ಯೇರಾ ಎನ್ನ ಕುಟುಂಬದ ಜಾಗಡ್ ಬೆನ್ನಿ ದಟ್ಟೊಂದುಲ್ಲೆರ್.,Someone is tilling on land that belongs to my family without asking,Land/Property,,Land/Property,Housing,Torts/Individuals,0.90,True,True,False,"The situation describes someone occupying the person's family land without permission, which is a clear case of unauthorized occupation of property."
sarvam,E_sparse,38,ಎನ್ನ ಜಾಗದ ಬೇಲಿನ್ ಯೇರಾ ದೆತ್ತ್ ಬುಡ್ತೆರ್.,The boundary markers on my property were moved without my knowledge,Land/Property,,Land/Property,Torts/Individuals,Courts/Legal-System,0.95,True,True,False,"The situation describes someone occupying the person's land without permission and refusing to leave, which is a direct example of a land/property dispute."
sarvam,E_sparse,39,ಎನ್ನ ಪಲಯೆ ಎನ್ನ ಕುಟುಂಬದ ಜಾಗದ ಒಂಜಿ ಭಾಗನ್ ಆಯೇನ ಮಾತ್ರ ಪಂಡ್ಡ್ ಪಣೊಂದುಲ್ಲೆ.,My brother is claiming a part of our family's land is his alone,Land/Property,Estates/Wills,Land/Property,Housing,Torts/Individuals,0.90,True,True,False,"The situation describes a dispute over family land, where a part of it has been taken or occupied. This directly matches the Land/Property category, which covers issues like someone occupying land without permission or taking land. It is not a Housing issue as there is no landlord-tenant relationship, and it is not a Torts/Individuals issue as the primary problem is the occupation of land, not personal injury or property damage."
sarvam,E_sparse,40,ಎನ್ಡ ಕೇಣಂದೇ ಯೇರಾ ಎನ್ನ ಜಾಗದ ಮರನ್ ಕಡ್ತೆರ್.,Someone cut down trees on my property without permission,Land/Property,Torts/Individuals,Land/Property,Torts/Individuals,Courts/Legal-System,0.90,True,True,False,"The situation describes a neighbor cutting down a tree on the person's land, which is a direct dispute over property boundaries and land use. This falls under the Land/Property category as it concerns the physical land and its occupation."
sarvam,E_full,21,ಎಂಕ್ಲೇನ ತಿರ್ಪು ಮಲ್ತಿನ ಸಮಯದ ದುಂಬು ಎನ್ನ ಧನಿ ಬಾಡಿಗೆ ಜಾಸ್ತಿ ಮಲ್ಪೆರೆ ಪ್ರಯತ್ನ ಮಲ್ತೋಂದುಲ್ಲೇರ್.,My landlord is trying to raise my rent before our agreement ends,Housing,Consumer/Money/Debt,Housing,Consumer/Money/Debt,Land/Property,0.90,True,True,False,"The situation describes a dispute with a landlord regarding the rent for a dwelling, which is a core landlord-tenant issue. The focus is on the rental agreement and the property, not on general debt, employment, or other legal areas."
sarvam,E_full,22,ಬರೀತಕುಲು ಏತ್ ಬೊಬ್ಬೆ ಪಾಡೋಂದುಲ್ಲೇರ್ ಪನ್ಡ ಎಂಕ್ ರಾತ್ರೆಡ್ ಜೆಪ್ಪೆರೇ ಆವೊಂದಿಜಿ.,The people next door make so much noise I cannot sleep at night,Housing,Torts/Individuals,Housing,Torts/Individuals,Land/Property,0.85,True,True,False,"The situation describes someone entering or occupying a home without permission and refusing to leave, which is a classic housing issue related to trespass and unauthorized entry into a dwelling."
sarvam,E_full,23,ಎನ್ನ ಅಡಿಪಿಲ್ದಾ ಹಾಳ್ ಆಯಿನ ನಳ್ಳಿನ್ ಎನ್ನ ಧನಿ ಸರಿ ಮಲ್ಪೆರೆ ತಯಾರ್ ಇಜ್ಜೆರ್.,My landlord will not fix the broken pipe in my kitchen,Housing,,Work/Employment,Consumer/Money/Debt,Courts/Legal-System,0.85,False,False,False,"The situation describes a problem with wages not being paid by an employer, which is a core issue in the Work/Employment category."
sarvam,E_full,24,ಎಂಕ್ ಬಾಡಿಗೆದ ಇಲ್ಲನ್ ಬುಡಿಯೆರೆ ಖಾಲಿ ರಡ್ಡ್ ದಿನತ ವಯಿದೇ ಕೊರ್ಯೇರ್.,I was told to leave my rented house with only two days notice,Housing,,Housing,Land/Property,Courts/Legal-System,0.90,True,True,False,"The situation describes a tenant remaining in a house after moving out, which is a landlord-tenant dispute concerning possession and the end of a tenancy. This is a core Housing issue."
sarvam,E_full,25,ಎನ್ನ ಸಹವಾಸಿ ಇಲ್ಲ್ ಬುಡ್ದು ಬಾದಡಿಗೆನ್ ಪುರಾ ಎನ್ನ ಮಿತ್ತೆ ಪಾಡ್ದ್ ಪೋಯೇರ್.,My roommate moved out and left me to pay all the rent,Housing,Consumer/Money/Debt,Housing,Torts/Individuals,Land/Property,0.90,True,True,False,"Someone entered and is occupying the person's house without permission, which is a direct housing dispute involving trespass and unauthorized occupation of a dwelling."
sarvam,E_full,26,ಎಂಕ್ ಒಂಜಿ ಹಾಳ್ ಆಯ್ನ ಫೋನ್-ನ್ ಮಾರ್ದ್ ದಅಂಗಡಿದ ಧನಿ ಕಾಸ್ನ್ ಪಿರಾ ಕೊರೆರೆ ತಯಾರ್ ಇಜ್ಜೆರ್.,The shop owner sold me a broken phone and won't give my money back,Consumer/Money/Debt,,Consumer/Money/Debt,Courts/Legal-System,Housing,0.90,True,True,False,"The situation describes a loan being taken out in the person's name without their consent, leading to a financial obligation (debt) that they are now facing. This is a classic example of a money owed and contract breach involving payment."
sarvam,E_full,27,ಯಾನ್ ಪೂರಾ ಕಾಸ್ ಕೊರಿ ಬೊಕ್ಕಲಾ ಬೇಲೆನ್ ಪೂರ್ತಿ ಮಲ್ತಿಜೆರ್.,I paid for a service that was never completed,Consumer/Money/Debt,,Consumer/Money/Debt,Courts/Legal-System,Torts/Individuals,0.95,True,True,False,"The situation describes a person's money being taken and not returned, which is a direct example of a debt or financial obligation not being fulfilled. The person is owed money, and the other party has not paid it back, fitting the definition of a money owed but not paid scenario."
sarvam,E_full,28,"ಎನ್ನ ಮೆಗ್ಗೆ ರಡ್ಡ್ ವರ್ಷದ ದುಂಬು ಎನ್ನಡ್ದ ಸಾರ ದೆತ್ತೊಂಡೆ, ಅವೆನ್ ನನ್ಲಾ ಪಿರಾ ಕೊರ್ತಿಜೆ.",My brother borrowed money from me two years ago and still has not paid,Consumer/Money/Debt,,Consumer/Money/Debt,Housing,Work/Employment,0.90,True,True,False,"The situation describes a person giving money to another and the recipient not returning it, which is a clear case of a debt or financial obligation not being fulfilled. This aligns with the Consumer/Money/Debt category, as it involves money owed but not paid."
sarvam,E_full,29,ಎನ್ನ ಒಪ್ಪಂದಿನ ಶುಲ್ಕಗ್ ಬ್ಯಾಂಕ್ ಎನ್ನ ಮಿತ್ತ್ ಕಾಸ್ ಪಾಡೊಂದುಂಡು.,The bank is charging me fees I never agreed to,Consumer/Money/Debt,,Consumer/Money/Debt,Courts/Legal-System,Housing,0.85,True,True,False,"The situation describes a financial transaction where money was paid to a bank for a service, but the service was not provided. This is a classic consumer dispute over payment for a service, which falls under the Consumer/Money/Debt category."
sarvam,E_full,30,ಏರೊ ಎನನ್ ಒಂಜಿ ಡೋಂಗಿ ಆಸ್ತಿದ ಮಿತ್ತ್ ಕಾಸ್ ಪಾಡೆರೆ ಒಪ್ಪಾಯೆರ್.,Someone convinced me to invest in something that turned out to be fake,Consumer/Money/Debt,,Consumer/Money/Debt,Housing,Torts/Individuals,0.90,True,True,False,"The situation describes a financial obligation where money is owed but not being paid back, which is a classic example of a debt or money owed issue."
sarvam,E_full,31,ಯಾನ್ ಮಲ್ತಿನ ಜಾಸ್ತಿ ಕೆಲ್ಸಗ್ ಎಂಕ್ ಬೇಲೆದ ಜಾಗಡ್ಡ್ ಕಾಸ್ ತಿಕ್ಕಿಜಿ.,My workplace has not paid me for the extra hours I worked,Work/Employment,,Land/Property,Torts/Individuals,Courts/Legal-System,0.90,False,False,False,"The situation describes a neighbor occupying or building on the person's land without permission, which is a classic boundary or land ownership dispute. The problem is the physical occupation of land, not a rental, debt, or personal injury."
sarvam,E_full,32,ಯಾನ್ ಧನಿಟ ಯಾನ್ ಹುಷಾರ್ ಇಜ್ಜಿ ಪಂಡ್ಡ್ ಪಂಡಿನ ವಾರಡೆ ಆರ್ ಎನನ್ ಬೇಲೆಡ್ಡ್ ದೆತ್ತೆರ್.,I was fired the same week I told my boss I was sick,Work/Employment,,Torts/Individuals,Land/Property,Housing,0.90,False,False,False,Property damage caused by another person's action (breaking the fence) and their refusal to fix it.
sarvam,E_full,33,ಎನ್ನ ಧನಿ ಎನನ್ ಸುರಕ್ಷ ದೀಪಿನ ಸಾಮಾನ್ ಕೊರ್ಪೆರ್ ಪಂದ್ ಪಂಡಿ ಬೊಕ್ಕ ಅವೆನ್ ಕೊರಂದೇ ಎನಡ ಬೇಲೆ ಮಲ್ಪಾವೊಂದುಲ್ಲೆರ್.,My employer is making me work without the safety equipment I was promised,Work/Employment,,Work/Employment,Courts/Legal-System,Land/Property,0.85,True,True,False,"The situation describes a dispute with an employer (ಧನಿ) over tasks and authority, which falls under Work/Employment. The person is being forced to do something they are not allowed to do, which is a common issue in employment relationships."
sarvam,E_full,34,"ಎಂಕ್ ಒಂಜಿ ಪ್ರೊಮೋಷನ್ ಕೊರ್ಪೆರ್ ಪಂಡ್ಡ್ ಪಾತೇರ ಕೊರ್ಯೆರ್, ಮಾತ್ರ ದಾಲ ಕಾರಣ ಕೊರಂದೇ ಬೇತೆ ಜನಕ್ ಕೊರ್ಯೆರ್.",I was promised a promotion but someone else got it without explanation,Work/Employment,,Work/Employment,Housing,Consumer/Money/Debt,0.90,True,True,False,"The situation describes a dispute related to a promotion at work, which is a core aspect of employment. The issue is about a decision made by an employer based on marital status, which is a common employment-related problem."
sarvam,E_full,35,ಯಾನ್ ಬೇಲೆನ್ ಬುಡಿ ಬೊಕ್ಕ ಎನ್ನ ಧನಿ ಎನ್ನ ಅಖೇರಿದ ಸಂಬಳನ್ ಕೊರೋಂದಿಜ್ಜೆರ್.,My employer refuses to give me my final paycheck after I quit,Work/Employment,Consumer/Money/Debt,Work/Employment,Consumer/Money/Debt,Courts/Legal-System,0.90,True,True,False,"The situation explicitly mentions an employer and non-payment of salary, which is a direct employment dispute."
sarvam,E_full,36,ಎನ್ನ ನೆರೆಕರೆದಕುಲು ಅಕ್ಲೆನ ಬೇಲಿನ್ ಎನ್ನ ಜಾಗದ ಉಲ್ಲಯಿ ಮುಟ್ಟ ಕಟ್ಟಾದೆರ್.,My neighbor built a wall that crosses onto my land,Land/Property,,Land/Property,Torts/Individuals,Courts/Legal-System,0.90,True,True,False,"The situation describes someone occupying the person's land without permission and refusing to leave, which is a classic land/property dispute. The neighbor is taking the land, which directly fits the category's examples."
sarvam,E_full,37,ಎನ್ಡ ಕೇಣಂದೇ ಯೇರಾ ಎನ್ನ ಕುಟುಂಬದ ಜಾಗಡ್ ಬೆನ್ನಿ ದಟ್ಟೊಂದುಲ್ಲೆರ್.,Someone is tilling on land that belongs to my family without asking,Land/Property,,Land/Property,Torts/Individuals,Courts/Legal-System,0.90,True,True,False,"Someone is occupying the person's family land without permission, which is a direct property dispute."
sarvam,E_full,38,ಎನ್ನ ಜಾಗದ ಬೇಲಿನ್ ಯೇರಾ ದೆತ್ತ್ ಬುಡ್ತೆರ್.,The boundary markers on my property were moved without my knowledge,Land/Property,,Land/Property,Torts/Individuals,Housing,0.90,True,True,False,"The situation describes someone occupying the person's land without permission, which is a direct match for the Land/Property category definition of unauthorized occupation of land."
sarvam,E_full,39,ಎನ್ನ ಪಲಯೆ ಎನ್ನ ಕುಟುಂಬದ ಜಾಗದ ಒಂಜಿ ಭಾಗನ್ ಆಯೇನ ಮಾತ್ರ ಪಂಡ್ಡ್ ಪಣೊಂದುಲ್ಲೆ.,My brother is claiming a part of our family's land is his alone,Land/Property,Estates/Wills,Land/Property,Torts/Individuals,Housing,0.90,True,True,False,"The situation describes someone taking a portion of the person's family land without permission, which is a clear land/property dispute. The vocabulary includes 'ಜಾಗ' (land) and 'ಕುಟುಂಬದ ಜಾಗ' (family land), and the action of taking a portion ('ಒಂದು ಭಾಗ') without permission ('ಮಾತ್ರ') points directly to a property boundary or ownership issue."
sarvam,E_full,40,ಎನ್ಡ ಕೇಣಂದೇ ಯೇರಾ ಎನ್ನ ಜಾಗದ ಮರನ್ ಕಡ್ತೆರ್.,Someone cut down trees on my property without permission,Land/Property,Torts/Individuals,Land/Property,Torts/Individuals,Courts/Legal-System,0.90,True,True,False,"The situation describes a dispute over land, specifically a tree on the person's land being cut down, which is a classic boundary or property ownership issue."
sarvam,F,21,ಎಂಕ್ಲೇನ ತಿರ್ಪು ಮಲ್ತಿನ ಸಮಯದ ದುಂಬು ಎನ್ನ ಧನಿ ಬಾಡಿಗೆ ಜಾಸ್ತಿ ಮಲ್ಪೆರೆ ಪ್ರಯತ್ನ ಮಲ್ತೋಂದುಲ್ಲೇರ್.,My landlord is trying to raise my rent before our agreement ends,Housing,Consumer/Money/Debt,Housing,Consumer/Money/Debt,Courts/Legal-System,0.85,True,True,False,"ಈ ಪರಿಸ್ಥಿತಿಯು ಬಾಡಿಗೆಗೆ ಸಂಬಂಧಿಸಿದ ವಿವಾದವನ್ನು ವಿವರಿಸುತ್ತದೆ, ಇದು ವಸತಿ ಸಮಸ್ಯೆಗಳ ಪ್ರಮುಖ ಲಕ್ಷಣವಾಗಿದೆ. ಬಾಡಿಗೆ ಹೆಚ್ಚಳದ ಉಲ್ಲೇಖವು ಮನೆಮಾಲೀಕ-ಬಾಡಿಗೆದಾರರ ಸಂಬಂಧದ ಸಾಮಾನ್ಯ ಸಮಸ್ಯೆಯಾಗಿದ್ದು, ಇದನ್ನು ನೇರವಾಗಿ 'Housing' ವರ್ಗಕ್ಕೆ ಸೇರಿಸುತ್ತದೆ."
sarvam,F,22,ಬರೀತಕುಲು ಏತ್ ಬೊಬ್ಬೆ ಪಾಡೋಂದುಲ್ಲೇರ್ ಪನ್ಡ ಎಂಕ್ ರಾತ್ರೆಡ್ ಜೆಪ್ಪೆರೇ ಆವೊಂದಿಜಿ.,The people next door make so much noise I cannot sleep at night,Housing,Torts/Individuals,Housing,Torts/Individuals,Courts/Legal-System,0.90,True,True,False,"The situation describes someone entering a house without permission and refusing to leave, which is a classic trespass or unauthorized entry into a dwelling. This falls directly under the Housing category, specifically related to trespass into a home or someone entering without permission."
sarvam,F,23,ಎನ್ನ ಅಡಿಪಿಲ್ದಾ ಹಾಳ್ ಆಯಿನ ನಳ್ಳಿನ್ ಎನ್ನ ಧನಿ ಸರಿ ಮಲ್ಪೆರೆ ತಯಾರ್ ಇಜ್ಜೆರ್.,My landlord will not fix the broken pipe in my kitchen,Housing,,Land/Property,Torts/Individuals,Courts/Legal-System,0.90,False,False,False,"The situation describes someone occupying the person's land without permission, which is a classic land/property dispute. The focus is on the possession and control of land, not a rental agreement, debt, or personal injury."
sarvam,F,24,ಎಂಕ್ ಬಾಡಿಗೆದ ಇಲ್ಲನ್ ಬುಡಿಯೆರೆ ಖಾಲಿ ರಡ್ಡ್ ದಿನತ ವಯಿದೇ ಕೊರ್ಯೇರ್.,I was told to leave my rented house with only two days notice,Housing,,Housing,Courts/Legal-System,Land/Property,0.95,True,True,False,"The situation describes a person being forced to leave their rented house, which is a classic landlord-tenant dispute. The core issue is the termination of a rental agreement and the loss of housing, which falls squarely under the Housing category."
sarvam,F,25,ಎನ್ನ ಸಹವಾಸಿ ಇಲ್ಲ್ ಬುಡ್ದು ಬಾದಡಿಗೆನ್ ಪುರಾ ಎನ್ನ ಮಿತ್ತೆ ಪಾಡ್ದ್ ಪೋಯೇರ್.,My roommate moved out and left me to pay all the rent,Housing,Consumer/Money/Debt,Land/Property,Torts/Individuals,Courts/Legal-System,0.95,False,False,False,"The person is describing a situation where their neighbor is occupying their land without permission and is not leaving. This directly relates to land ownership, boundaries, and unauthorized occupation, which are core aspects of the Land/Property category."
sarvam,F,26,ಎಂಕ್ ಒಂಜಿ ಹಾಳ್ ಆಯ್ನ ಫೋನ್-ನ್ ಮಾರ್ದ್ ದಅಂಗಡಿದ ಧನಿ ಕಾಸ್ನ್ ಪಿರಾ ಕೊರೆರೆ ತಯಾರ್ ಇಜ್ಜೆರ್.,The shop owner sold me a broken phone and won't give my money back,Consumer/Money/Debt,,Torts/Individuals,Consumer/Money/Debt,Courts/Legal-System,0.85,False,True,True,"Property damage caused by another person's action, which is a classic tort scenario."
sarvam,F,27,ಯಾನ್ ಪೂರಾ ಕಾಸ್ ಕೊರಿ ಬೊಕ್ಕಲಾ ಬೇಲೆನ್ ಪೂರ್ತಿ ಮಲ್ತಿಜೆರ್.,I paid for a service that was never completed,Consumer/Money/Debt,,Torts/Individuals,Land/Property,Housing,0.85,False,False,False,"ಬೇಲಿಯ ಒಂದು ಭಾಗವು ಹಾನಿಗೊಳಗಾಗಿದ್ದು ಅದನ್ನು ಸರಿಪಡಿಸದಿರುವುದು ಬೇರೆಯವರ ನಿರ್ಲಕ್ಷ್ಯದಿಂದ ಉಂಟಾದ ಆಸ್ತಿ ಹಾನಿಯ ಪ್ರಕರಣವಾಗಿದೆ, ಇದು ಟಾರ್ಟ್ ಕಾನೂನಿನ ಅಡಿಯಲ್ಲಿ ಬರುತ್ತದೆ."
sarvam,F,28,"ಎನ್ನ ಮೆಗ್ಗೆ ರಡ್ಡ್ ವರ್ಷದ ದುಂಬು ಎನ್ನಡ್ದ ಸಾರ ದೆತ್ತೊಂಡೆ, ಅವೆನ್ ನನ್ಲಾ ಪಿರಾ ಕೊರ್ತಿಜೆ.",My brother borrowed money from me two years ago and still has not paid,Consumer/Money/Debt,,Land/Property,Torts/Individuals,Housing,0.90,False,False,False,"The situation describes someone occupying the person's land without permission and refusing to leave, which is a direct property occupation dispute. This aligns with the Land/Property category, which covers boundary disputes and unauthorized occupation of land."
sarvam,F,29,ಎನ್ನ ಒಪ್ಪಂದಿನ ಶುಲ್ಕಗ್ ಬ್ಯಾಂಕ್ ಎನ್ನ ಮಿತ್ತ್ ಕಾಸ್ ಪಾಡೊಂದುಂಡು.,The bank is charging me fees I never agreed to,Consumer/Money/Debt,,Consumer/Money/Debt,Courts/Legal-System,Torts/Individuals,0.85,True,True,False,"The situation involves a financial transaction with a bank and a negative outcome, which aligns with consumer/money/debt issues. It is not a housing issue as there is no landlord-tenant relationship, and it is not a tort as the harm is directly tied to a financial transaction."
sarvam,F,30,ಏರೊ ಎನನ್ ಒಂಜಿ ಡೋಂಗಿ ಆಸ್ತಿದ ಮಿತ್ತ್ ಕಾಸ್ ಪಾಡೆರೆ ಒಪ್ಪಾಯೆರ್.,Someone convinced me to invest in something that turned out to be fake,Consumer/Money/Debt,,Land/Property,Courts/Legal-System,IP/Identity,0.85,False,False,False,"Someone is taking or occupying the person's land or property without permission, which is the core of the Land/Property category."
sarvam,F,31,ಯಾನ್ ಮಲ್ತಿನ ಜಾಸ್ತಿ ಕೆಲ್ಸಗ್ ಎಂಕ್ ಬೇಲೆದ ಜಾಗಡ್ಡ್ ಕಾಸ್ ತಿಕ್ಕಿಜಿ.,My workplace has not paid me for the extra hours I worked,Work/Employment,,Torts/Individuals,Land/Property,Courts/Legal-System,0.85,False,False,False,"Property damage caused by another person's action and refusal to fix it, which is a personal injury or property harm issue."
sarvam,F,32,ಯಾನ್ ಧನಿಟ ಯಾನ್ ಹುಷಾರ್ ಇಜ್ಜಿ ಪಂಡ್ಡ್ ಪಂಡಿನ ವಾರಡೆ ಆರ್ ಎನನ್ ಬೇಲೆಡ್ಡ್ ದೆತ್ತೆರ್.,I was fired the same week I told my boss I was sick,Work/Employment,,Land/Property,Housing,Torts/Individuals,0.90,False,False,False,"The situation describes someone occupying land without permission and refusing to leave, which is a classic property dispute involving possession and boundaries."
sarvam,F,33,ಎನ್ನ ಧನಿ ಎನನ್ ಸುರಕ್ಷ ದೀಪಿನ ಸಾಮಾನ್ ಕೊರ್ಪೆರ್ ಪಂದ್ ಪಂಡಿ ಬೊಕ್ಕ ಅವೆನ್ ಕೊರಂದೇ ಎನಡ ಬೇಲೆ ಮಲ್ಪಾವೊಂದುಲ್ಲೆರ್.,My employer is making me work without the safety equipment I was promised,Work/Employment,,Land/Property,Torts/Individuals,Courts/Legal-System,0.90,False,False,False,"The situation describes someone occupying the person's land without permission and refusing to leave, which is a classic land/property dispute involving boundary issues and unauthorized occupation."
sarvam,F,34,"ಎಂಕ್ ಒಂಜಿ ಪ್ರೊಮೋಷನ್ ಕೊರ್ಪೆರ್ ಪಂಡ್ಡ್ ಪಾತೇರ ಕೊರ್ಯೆರ್, ಮಾತ್ರ ದಾಲ ಕಾರಣ ಕೊರಂದೇ ಬೇತೆ ಜನಕ್ ಕೊರ್ಯೆರ್.",I was promised a promotion but someone else got it without explanation,Work/Employment,,Work/Employment,Courts/Legal-System,Torts/Individuals,0.90,True,True,False,"The situation describes a dispute with an employer over a promotion and the reason for its denial, which is a classic work/employment issue."
sarvam,F,35,ಯಾನ್ ಬೇಲೆನ್ ಬುಡಿ ಬೊಕ್ಕ ಎನ್ನ ಧನಿ ಎನ್ನ ಅಖೇರಿದ ಸಂಬಳನ್ ಕೊರೋಂದಿಜ್ಜೆರ್.,My employer refuses to give me my final paycheck after I quit,Work/Employment,Consumer/Money/Debt,Work/Employment,Consumer/Money/Debt,Courts/Legal-System,0.85,True,True,False,"The situation describes a dispute over unpaid wages for work performed, which is a classic employment issue. The person is likely an employee who has not been compensated for their labor."
sarvam,F,36,ಎನ್ನ ನೆರೆಕರೆದಕುಲು ಅಕ್ಲೆನ ಬೇಲಿನ್ ಎನ್ನ ಜಾಗದ ಉಲ್ಲಯಿ ಮುಟ್ಟ ಕಟ್ಟಾದೆರ್.,My neighbor built a wall that crosses onto my land,Land/Property,,Housing,Torts/Individuals,Land/Property,0.85,False,True,True,"The situation describes someone entering the person's home or dwelling without permission, which is a trespass issue. This falls under the Housing category as it involves an unauthorized entry into a person's living space."
sarvam,F,37,ಎನ್ಡ ಕೇಣಂದೇ ಯೇರಾ ಎನ್ನ ಕುಟುಂಬದ ಜಾಗಡ್ ಬೆನ್ನಿ ದಟ್ಟೊಂದುಲ್ಲೆರ್.,Someone is tilling on land that belongs to my family without asking,Land/Property,,Land/Property,Torts/Individuals,Courts/Legal-System,0.85,True,True,False,"Someone is occupying or entering the person's family land without permission, which directly relates to property rights and boundaries."
sarvam,F,38,ಎನ್ನ ಜಾಗದ ಬೇಲಿನ್ ಯೇರಾ ದೆತ್ತ್ ಬುಡ್ತೆರ್.,The boundary markers on my property were moved without my knowledge,Land/Property,,Land/Property,Torts/Individuals,Courts/Legal-System,0.90,True,True,False,"The situation describes someone entering the person's property without permission, which is a classic example of an unauthorized occupation of land. This directly maps to the Land/Property category, specifically the example of 'Someone is living on my land without asking and won't leave'."
sarvam,F,39,ಎನ್ನ ಪಲಯೆ ಎನ್ನ ಕುಟುಂಬದ ಜಾಗದ ಒಂಜಿ ಭಾಗನ್ ಆಯೇನ ಮಾತ್ರ ಪಂಡ್ಡ್ ಪಣೊಂದುಲ್ಲೆ.,My brother is claiming a part of our family's land is his alone,Land/Property,Estates/Wills,Land/Property,Housing,Torts/Individuals,0.90,True,True,False,"The situation describes someone taking a portion of the person's family land, which is a direct dispute over property ownership and occupation. This aligns with the Land/Property category, which covers issues like someone occupying land without permission and refusing to leave."
sarvam,F,40,ಎನ್ಡ ಕೇಣಂದೇ ಯೇರಾ ಎನ್ನ ಜಾಗದ ಮರನ್ ಕಡ್ತೆರ್.,Someone cut down trees on my property without permission,Land/Property,Torts/Individuals,Land/Property,Torts/Individuals,Housing,0.90,True,True,False,"The situation describes someone occupying land without permission, which is a classic boundary or property occupation dispute. This directly maps to the Land/Property category, which covers issues like someone taking your land or living on your land without asking."
sarvam,G,21,enklena tirpu maltina samayada dunbu enna dhani badige jasti malpere prayatna maltonduller.,My landlord is trying to raise my rent before our agreement ends,Housing,Consumer/Money/Debt,Land/Property,Torts/Individuals,Courts/Legal-System,0.85,False,False,False,"The situation describes a dispute over property, likely involving ownership or boundaries, which aligns with the Land/Property category."
sarvam,G,22,baritakulu et bobbe padonduller panda enk ratred jeppere avondiji.,The people next door make so much noise I cannot sleep at night,Housing,Torts/Individuals,Land/Property,Courts/Legal-System,Torts/Individuals,0.85,False,True,True,"The situation describes someone taking or using the person's property without permission, which is a core issue in Land/Property disputes."
sarvam,G,23,enna adipilda hal ayina nallin enna dhani sari malpere tayar ijjer.,My landlord will not fix the broken pipe in my kitchen,Housing,,Torts/Individuals,Housing,Work/Employment,0.85,False,True,True,"The situation describes personal injury caused by another person, which aligns with the Torts/Individuals category."
sarvam,G,24,enk badigeda illan budiyere khali radd dinata vayide koryer.,I was told to leave my rented house with only two days notice,Housing,,Housing,Torts/Individuals,Courts/Legal-System,0.90,True,True,False,"The situation describes someone entering the person's home without permission, which is a classic example of a trespass into a dwelling, a key issue within the Housing category."
sarvam,G,25,enna sahavasi ill buddu badadigen pura enna mitte padd poyer.,My roommate moved out and left me to pay all the rent,Housing,Consumer/Money/Debt,Housing,Torts/Individuals,Courts/Legal-System,0.90,True,True,False,"The situation describes someone entering a person's home without permission, which directly corresponds to the Housing category's examples of 'someone entering your house without asking' and 'trespass into a home or dwelling'."
sarvam,G,26,enk onji hal ayna phon-n mard daangadida dhani kasn pira korere tayar ijjer.,The shop owner sold me a broken phone and won't give my money back,Consumer/Money/Debt,,Land/Property,Housing,Torts/Individuals,0.90,False,False,False,"The situation describes someone occupying the person's land without permission and refusing to leave, which is a classic land/property dispute. This aligns directly with the category's examples of unauthorized occupation and boundary issues."
sarvam,G,27,yan pura kas kori bokkala belen purti maltijer.,I paid for a service that was never completed,Consumer/Money/Debt,,Torts/Individuals,Housing,Work/Employment,0.85,False,False,False,"Personal injury caused by another person, which is a classic tort case."
sarvam,G,28,"enna megge radd varshada dunbu ennadda sara dettonde, aven nanla pira kortije.",My brother borrowed money from me two years ago and still has not paid,Consumer/Money/Debt,,Land/Property,Housing,Torts/Individuals,0.90,False,False,False,"The situation describes someone occupying the person's land without permission and refusing to leave, which is a classic example of a land/property dispute involving boundary issues or unauthorized occupation."
sarvam,G,29,enna oppandina shulkag byank enna mitt kas padondundu.,The bank is charging me fees I never agreed to,Consumer/Money/Debt,,Consumer/Money/Debt,Courts/Legal-System,Torts/Individuals,0.85,True,True,False,"The situation describes an unexpected charge (shulkag) for a bank service (byank) related to an agreement (oppandina), which is a financial dispute over a service or product. This aligns with the Consumer/Money/Debt category of money owed or overcharging."
sarvam,G,30,ero enan onji dongi astida mitt kas padere oppayer.,Someone convinced me to invest in something that turned out to be fake,Consumer/Money/Debt,,Land/Property,Housing,Torts/Individuals,0.85,False,False,False,"The situation describes someone taking or using the person's property without permission, which aligns with the category of land/property disputes, specifically unauthorized occupation or taking of land."
sarvam,G,31,yan maltina jasti kelsag enk beleda jagadd kas tikkiji.,My workplace has not paid me for the extra hours I worked,Work/Employment,,Torts/Individuals,Housing,Work/Employment,0.75,False,True,True,"Personal injury or harm caused by another person's actions, which aligns with the Torts/Individuals category."
sarvam,G,32,yan dhanita yan hushar ijji pandd pandina varade ar enan beledd detter.,I was fired the same week I told my boss I was sick,Work/Employment,,IP/Identity,Consumer/Money/Debt,Land/Property,0.75,False,False,False,"The situation describes someone using the person's name or identity without permission, which is a clear case of identity misuse."
sarvam,G,33,enna dhani enan suraksha dipina saman korper pand pandi bokka aven korande enada bele malpavonduller.,My employer is making me work without the safety equipment I was promised,Work/Employment,,Torts/Individuals,Housing,Work/Employment,0.90,False,True,True,"The situation describes a personal injury caused by another person, which is the core of the Torts/Individuals category. The person is seeking compensation for physical harm, which is a classic tort claim."
sarvam,G,34,"enk onji promoshan korper pandd patera koryer, matra dala karana korande bete janak koryer.",I was promised a promotion but someone else got it without explanation,Work/Employment,,Consumer/Money/Debt,Work/Employment,Torts/Individuals,0.75,False,True,True,"The situation describes a broken promise of a benefit (promotion) that was expected to provide value or support, similar to a failed contract or service. The person is facing a loss of a promised benefit, which fits the 'money owed but not paid' or 'contract breaches involving payment' pattern of this category."
sarvam,G,35,yan belen budi bokka enna dhani enna akherida sanbalan korondijjer.,My employer refuses to give me my final paycheck after I quit,Work/Employment,Consumer/Money/Debt,Torts/Individuals,Land/Property,Courts/Legal-System,0.75,False,False,False,"The situation describes someone taking or using another person's property without permission, which is a form of property damage or interference by an individual. This aligns with the Torts/Individuals category, which covers property damage caused by another person's negligence or action."
sarvam,G,36,enna nerekaredakulu aklena belin enna jagada ullayi mutta kattader.,My neighbor built a wall that crosses onto my land,Land/Property,,Torts/Individuals,Housing,Work/Employment,0.85,False,False,False,"The situation describes harm or injury caused by another person, which aligns with the Torts/Individuals category. It is not a housing, employment, or debt issue."
sarvam,G,37,enda kenande yera enna kutunbada jagad benni dattonduller.,Someone is tilling on land that belongs to my family without asking,Land/Property,,Land/Property,Housing,Torts/Individuals,0.85,True,True,False,"The situation describes a dispute over land or property, where someone is being prevented from using their land, which aligns with the category of land/property disputes."
sarvam,G,38,enna jagada belin yera dett budter.,The boundary markers on my property were moved without my knowledge,Land/Property,,Consumer/Money/Debt,Courts/Legal-System,Housing,0.90,False,False,False,"The situation describes a financial dispute over a bill or payment, which is a classic consumer/money issue. The person is being asked to pay money and is resisting, indicating a debt or payment disagreement."
sarvam,G,39,enna palaye enna kutunbada jagada onji bhagan ayena matra pandd panondulle.,My brother is claiming a part of our family's land is his alone,Land/Property,Estates/Wills,Land/Property,Courts/Legal-System,Torts/Individuals,0.90,True,True,False,"The situation describes someone occupying the person's land without permission and refusing to leave, which directly matches the Land/Property category definition."
sarvam,G,40,enda kenande yera enna jagada maran kadter.,Someone cut down trees on my property without permission,Land/Property,Torts/Individuals,Torts/Individuals,Housing,Work/Employment,0.90,False,True,True,"Personal injury or death caused by another person, which falls under torts/individuals."
sarvam,H,21,ಎಂಕ್ಲೇನ ತಿರ್ಪು ಮಲ್ತಿನ ಸಮಯದ ದುಂಬು ಎನ್ನ ಧನಿ ಬಾಡಿಗೆ ಜಾಸ್ತಿ ಮಲ್ಪೆರೆ ಪ್ರಯತ್ನ ಮಲ್ತೋಂದುಲ್ಲೇರ್.,My landlord is trying to raise my rent before our agreement ends,Housing,Consumer/Money/Debt,Land/Property,Housing,Consumer/Money/Debt,0.85,False,True,True,"Unauthorized rental of property by someone else, which is a property rights issue."
sarvam,H,22,ಬರೀತಕುಲು ಏತ್ ಬೊಬ್ಬೆ ಪಾಡೋಂದುಲ್ಲೇರ್ ಪನ್ಡ ಎಂಕ್ ರಾತ್ರೆಡ್ ಜೆಪ್ಪೆರೇ ಆವೊಂದಿಜಿ.,The people next door make so much noise I cannot sleep at night,Housing,Torts/Individuals,Housing,Torts/Individuals,Land/Property,0.85,True,True,False,"Someone entered the person's home without permission and is refusing to leave, which is a classic trespass/landlord-tenant issue."
sarvam,H,23,ಎನ್ನ ಅಡಿಪಿಲ್ದಾ ಹಾಳ್ ಆಯಿನ ನಳ್ಳಿನ್ ಎನ್ನ ಧನಿ ಸರಿ ಮಲ್ಪೆರೆ ತಯಾರ್ ಇಜ್ಜೆರ್.,My landlord will not fix the broken pipe in my kitchen,Housing,,Land/Property,Housing,Torts/Individuals,0.85,False,True,True,"The situation describes property being taken or occupied without permission, which directly matches the Land/Property category of someone occupying land without permission and refusing to leave."
sarvam,H,24,ಎಂಕ್ ಬಾಡಿಗೆದ ಇಲ್ಲನ್ ಬುಡಿಯೆರೆ ಖಾಲಿ ರಡ್ಡ್ ದಿನತ ವಯಿದೇ ಕೊರ್ಯೇರ್.,I was told to leave my rented house with only two days notice,Housing,,Housing,Consumer/Money/Debt,Courts/Legal-System,0.90,True,True,False,"The situation describes a landlord-tenant issue where the property is empty and rent is not being paid, which is a classic housing dispute."
sarvam,H,25,ಎನ್ನ ಸಹವಾಸಿ ಇಲ್ಲ್ ಬುಡ್ದು ಬಾದಡಿಗೆನ್ ಪುರಾ ಎನ್ನ ಮಿತ್ತೆ ಪಾಡ್ದ್ ಪೋಯೇರ್.,My roommate moved out and left me to pay all the rent,Housing,Consumer/Money/Debt,Land/Property,Housing,Torts/Individuals,0.90,False,True,True,"The situation describes a neighbor taking land, which is a direct dispute over property and land ownership, fitting the Land/Property category."
sarvam,H,26,ಎಂಕ್ ಒಂಜಿ ಹಾಳ್ ಆಯ್ನ ಫೋನ್-ನ್ ಮಾರ್ದ್ ದಅಂಗಡಿದ ಧನಿ ಕಾಸ್ನ್ ಪಿರಾ ಕೊರೆರೆ ತಯಾರ್ ಇಜ್ಜೆರ್.,The shop owner sold me a broken phone and won't give my money back,Consumer/Money/Debt,,Torts/Individuals,Consumer/Money/Debt,Courts/Legal-System,0.85,False,True,True,"The situation describes property damage (theft of a phone) caused by another person's action, which falls under Torts/Individuals. It is not a housing or consumer debt issue as the core problem is the taking of property, not a financial agreement."
sarvam,H,27,ಯಾನ್ ಪೂರಾ ಕಾಸ್ ಕೊರಿ ಬೊಕ್ಕಲಾ ಬೇಲೆನ್ ಪೂರ್ತಿ ಮಲ್ತಿಜೆರ್.,I paid for a service that was never completed,Consumer/Money/Debt,,Land/Property,Torts/Individuals,Housing,0.90,False,False,False,"The situation describes someone occupying land without permission, which is a classic Land/Property issue. The text suggests an unauthorized occupation of property, fitting the category's examples of boundary disputes or trespassing."
sarvam,H,28,"ಎನ್ನ ಮೆಗ್ಗೆ ರಡ್ಡ್ ವರ್ಷದ ದುಂಬು ಎನ್ನಡ್ದ ಸಾರ ದೆತ್ತೊಂಡೆ, ಅವೆನ್ ನನ್ಲಾ ಪಿರಾ ಕೊರ್ತಿಜೆ.",My brother borrowed money from me two years ago and still has not paid,Consumer/Money/Debt,,Housing,Torts/Individuals,Courts/Legal-System,0.85,False,False,False,"Someone entered the person's house without permission, which is a classic Housing issue involving trespass or unauthorized entry into a dwelling."
sarvam,H,29,ಎನ್ನ ಒಪ್ಪಂದಿನ ಶುಲ್ಕಗ್ ಬ್ಯಾಂಕ್ ಎನ್ನ ಮಿತ್ತ್ ಕಾಸ್ ಪಾಡೊಂದುಂಡು.,The bank is charging me fees I never agreed to,Consumer/Money/Debt,,Consumer/Money/Debt,Courts/Legal-System,IP/Identity,0.85,True,True,False,"The situation involves a financial transaction with a bank (a fee was paid) and resulted in a negative outcome (a problem/loss). This fits the Consumer/Money/Debt category, which covers issues like overcharging, contract breaches involving payment, or problems with financial institutions."
sarvam,H,30,ಏರೊ ಎನನ್ ಒಂಜಿ ಡೋಂಗಿ ಆಸ್ತಿದ ಮಿತ್ತ್ ಕಾಸ್ ಪಾಡೆರೆ ಒಪ್ಪಾಯೆರ್.,Someone convinced me to invest in something that turned out to be fake,Consumer/Money/Debt,,Land/Property,Housing,Torts/Individuals,0.85,False,False,False,"The situation describes a dispute over land or property, which aligns with the Land/Property category. The phrase suggests someone has taken or occupied the person's land without permission."
sarvam,H,31,ಯಾನ್ ಮಲ್ತಿನ ಜಾಸ್ತಿ ಕೆಲ್ಸಗ್ ಎಂಕ್ ಬೇಲೆದ ಜಾಗಡ್ಡ್ ಕಾಸ್ ತಿಕ್ಕಿಜಿ.,My workplace has not paid me for the extra hours I worked,Work/Employment,,Torts/Individuals,Land/Property,Housing,0.90,False,False,False,"The situation describes property damage caused by another person, and the refusal to fix it. This is a clear case of a tort, specifically property damage, where the wrongdoer is not fulfilling their duty to repair."
sarvam,H,32,ಯಾನ್ ಧನಿಟ ಯಾನ್ ಹುಷಾರ್ ಇಜ್ಜಿ ಪಂಡ್ಡ್ ಪಂಡಿನ ವಾರಡೆ ಆರ್ ಎನನ್ ಬೇಲೆಡ್ಡ್ ದೆತ್ತೆರ್.,I was fired the same week I told my boss I was sick,Work/Employment,,Land/Property,Housing,Torts/Individuals,0.90,False,False,False,"The situation describes someone occupying the person's land without permission, which is a direct match for the Land/Property category definition of unauthorized occupation."
sarvam,H,33,ಎನ್ನ ಧನಿ ಎನನ್ ಸುರಕ್ಷ ದೀಪಿನ ಸಾಮಾನ್ ಕೊರ್ಪೆರ್ ಪಂದ್ ಪಂಡಿ ಬೊಕ್ಕ ಅವೆನ್ ಕೊರಂದೇ ಎನಡ ಬೇಲೆ ಮಲ್ಪಾವೊಂದುಲ್ಲೆರ್.,My employer is making me work without the safety equipment I was promised,Work/Employment,,Land/Property,Housing,Torts/Individuals,0.90,False,False,False,"The situation describes someone taking or occupying land without permission and refusing to leave, which directly matches the Land/Property category definition."
sarvam,H,34,"ಎಂಕ್ ಒಂಜಿ ಪ್ರೊಮೋಷನ್ ಕೊರ್ಪೆರ್ ಪಂಡ್ಡ್ ಪಾತೇರ ಕೊರ್ಯೆರ್, ಮಾತ್ರ ದಾಲ ಕಾರಣ ಕೊರಂದೇ ಬೇತೆ ಜನಕ್ ಕೊರ್ಯೆರ್.",I was promised a promotion but someone else got it without explanation,Work/Employment,,Work/Employment,Estates/Wills,Torts/Individuals,0.90,True,True,False,"The situation describes a dispute regarding a promotion at work, which is a core issue in the Work/Employment category. The person feels they were unfairly denied a promotion, which is a common workplace conflict."
sarvam,H,35,ಯಾನ್ ಬೇಲೆನ್ ಬುಡಿ ಬೊಕ್ಕ ಎನ್ನ ಧನಿ ಎನ್ನ ಅಖೇರಿದ ಸಂಬಳನ್ ಕೊರೋಂದಿಜ್ಜೆರ್.,My employer refuses to give me my final paycheck after I quit,Work/Employment,Consumer/Money/Debt,Work/Employment,Consumer/Money/Debt,Courts/Legal-System,0.90,True,True,False,"The situation describes non-payment of agreed-upon salary, which is a core issue in employment law, such as wrongful dismissal or breach of contract by an employer."
sarvam,H,36,ಎನ್ನ ನೆರೆಕರೆದಕುಲು ಅಕ್ಲೆನ ಬೇಲಿನ್ ಎನ್ನ ಜಾಗದ ಉಲ್ಲಯಿ ಮುಟ್ಟ ಕಟ್ಟಾದೆರ್.,My neighbor built a wall that crosses onto my land,Land/Property,,Housing,Torts/Individuals,Courts/Legal-System,0.90,False,False,False,"Someone entered the person's home or dwelling without permission, which is a classic Housing issue."
sarvam,H,37,ಎನ್ಡ ಕೇಣಂದೇ ಯೇರಾ ಎನ್ನ ಕುಟುಂಬದ ಜಾಗಡ್ ಬೆನ್ನಿ ದಟ್ಟೊಂದುಲ್ಲೆರ್.,Someone is tilling on land that belongs to my family without asking,Land/Property,,Land/Property,Torts/Individuals,Housing,0.85,True,True,False,"The situation describes someone entering the person's family land without permission, which is a classic land/property dispute involving occupation of land."
sarvam,H,38,ಎನ್ನ ಜಾಗದ ಬೇಲಿನ್ ಯೇರಾ ದೆತ್ತ್ ಬುಡ್ತೆರ್.,The boundary markers on my property were moved without my knowledge,Land/Property,,Land/Property,Torts/Individuals,Courts/Legal-System,0.85,True,True,False,"The situation describes someone entering or occupying the person's land without permission, which is a classic land/property dispute. This is not a housing issue (no landlord-tenant relationship), not a tort (no physical injury or property damage mentioned), and not a work/employment issue."
sarvam,H,39,ಎನ್ನ ಪಲಯೆ ಎನ್ನ ಕುಟುಂಬದ ಜಾಗದ ಒಂಜಿ ಭಾಗನ್ ಆಯೇನ ಮಾತ್ರ ಪಂಡ್ಡ್ ಪಣೊಂದುಲ್ಲೆ.,My brother is claiming a part of our family's land is his alone,Land/Property,Estates/Wills,Land/Property,Housing,Torts/Individuals,0.90,True,True,False,"The situation describes someone taking a portion of the person's family land, which directly relates to disputes over land ownership and occupation."
sarvam,H,40,ಎನ್ಡ ಕೇಣಂದೇ ಯೇರಾ ಎನ್ನ ಜಾಗದ ಮರನ್ ಕಡ್ತೆರ್.,Someone cut down trees on my property without permission,Land/Property,Torts/Individuals,Torts/Individuals,Land/Property,Courts/Legal-System,0.90,False,True,True,Property damage caused by another person's action (cutting a tree on their land). This is a classic tort situation involving interference with property rights.
sarvam,I,21,எங்க்லேன திர்பு மல்தின ஸமயத³ து³ம்பு³ என்ன த⁴னி பா³டி³கெ³ ஜாஸ்தி மல்பெரெ ப்ரயத்ன மல்தோந்து³ல்லேர்.,My landlord is trying to raise my rent before our agreement ends,Housing,Consumer/Money/Debt,Torts/Individuals,Land/Property,Courts/Legal-System,0.90,False,False,False,"The situation describes harm or damage being caused by another person, which is the definition of a tort. The person is seeking help to stop the harm, which is a common response to tortious conduct."
sarvam,I,22,ப³ரீதகுலு ஏத் பொ³ப்³பெ³ பாடோ³ந்து³ல்லேர் பன்ட³ எங்க் ராத்ரெட்³ ஜெப்பெரே ஆவொந்தி³ஜி.,The people next door make so much noise I cannot sleep at night,Housing,Torts/Individuals,Housing,Torts/Individuals,Courts/Legal-System,0.90,True,True,False,"The situation describes someone entering the person's home without permission, which is a classic example of a trespass into a dwelling under the Housing category."
sarvam,I,23,என்ன அடி³பில்தா³ ஹாள் ஆயின நள்ளின் என்ன த⁴னி ஸரி மல்பெரெ தயார் இஜ்ஜெர்.,My landlord will not fix the broken pipe in my kitchen,Housing,,Courts/Legal-System,Land/Property,Consumer/Money/Debt,0.75,False,False,False,"The person is concerned about the validity of a prepared document, which is a common legal-system related anxiety. The situation is about a formal process and its outcome, not a specific relationship or property."
sarvam,I,24,எங்க் பா³டி³கெ³த³ இல்லன் பு³டி³யெரெ கா²லி ரட்³ட்³ தி³னத வயிதே³ கொர்யேர்.,I was told to leave my rented house with only two days notice,Housing,,Land/Property,Torts/Individuals,Courts/Legal-System,0.90,False,False,False,"The situation describes someone taking or occupying land/property without permission, which directly aligns with the Land/Property category. This is not a housing issue as there is no landlord-tenant relationship, and it's not a tort as the primary problem is the taking of property, not damage to it."
sarvam,I,25,என்ன ஸஹவாஸி இல்ல் பு³ட்³து³ பா³த³டி³கெ³ன் புரா என்ன மித்தெ பாட்³த்³ போயேர்.,My roommate moved out and left me to pay all the rent,Housing,Consumer/Money/Debt,Estates/Wills,Land/Property,Torts/Individuals,0.85,False,False,False,"The situation describes a dispute over property or assets after a family member's death, which aligns with inheritance disputes and assets being taken by family members."
sarvam,I,26,எங்க் ஒஞ்ஜி ஹாள் ஆய்ன போ²ன்-ந் மார்த்³ த³அங்க³டி³த³ த⁴னி காஸ்ன் பிரா கொரெரெ தயார் இஜ்ஜெர்.,The shop owner sold me a broken phone and won't give my money back,Consumer/Money/Debt,,Courts/Legal-System,Land/Property,Torts/Individuals,0.75,False,False,False,"The person is preparing to take legal action, which involves navigating the court system and understanding procedural requirements."
sarvam,I,27,யான் பூரா காஸ் கொரி பொ³க்கலா பே³லென் பூர்தி மல்திஜெர்.,I paid for a service that was never completed,Consumer/Money/Debt,,Torts/Individuals,Housing,Land/Property,0.85,False,False,False,"The situation describes a person being harmed or wronged by another individual, which is a classic example of a tort. The description suggests a personal injury or property damage caused by someone else's actions."
sarvam,I,28,"என்ன மெக்³கெ³ ரட்³ட்³ வர்ஷத³ து³ம்பு³ என்னட்³த³ ஸார தெ³த்தொண்டெ³, அவென் நன்லா பிரா கொர்திஜெ.",My brother borrowed money from me two years ago and still has not paid,Consumer/Money/Debt,,Torts/Individuals,Land/Property,Courts/Legal-System,0.85,False,False,False,"The situation describes property damage caused by another person, and the responsible party is refusing to fix it. This is a classic example of a tort, specifically property damage or negligence, where an individual's actions (or inaction) cause harm to another's property."
sarvam,I,29,என்ன ஒப்பந்தி³ன ஶுல்கக்³ ப்³யாங்க் என்ன மித்த் காஸ் பாடொ³ந்து³ண்டு³.,The bank is charging me fees I never agreed to,Consumer/Money/Debt,,Consumer/Money/Debt,Torts/Individuals,Courts/Legal-System,0.85,True,True,False,"The situation describes confusion and disagreement over a financial charge, which is a common consumer/money issue. The person feels they are being charged for something they did not agree to, which is a classic debt or payment dispute."
sarvam,I,30,ஏரொ எனன் ஒஞ்ஜி டோ³ங்கி³ ஆஸ்தித³ மித்த் காஸ் பாடெ³ரெ ஒப்பாயெர்.,Someone convinced me to invest in something that turned out to be fake,Consumer/Money/Debt,,Torts/Individuals,Land/Property,Housing,0.85,False,False,False,"The situation describes someone taking or using another person's property without permission, which is a form of property damage or interference by another person, fitting the definition of a tort."
sarvam,I,31,யான் மல்தின ஜாஸ்தி கெல்ஸக்³ எங்க் பே³லெத³ ஜாக³ட்³ட்³ காஸ் திக்கிஜி.,My workplace has not paid me for the extra hours I worked,Work/Employment,,Torts/Individuals,Land/Property,Courts/Legal-System,0.85,False,False,False,"Property damage caused by another person's action, with the other party refusing to remedy the damage."
sarvam,I,32,யான் த⁴னிட யான் ஹுஷார் இஜ்ஜி பண்ட்³ட்³ பண்டி³ன வாரடெ³ ஆர் எனன் பே³லெட்³ட்³ தெ³த்தெர்.,I was fired the same week I told my boss I was sick,Work/Employment,,IP/Identity,Consumer/Money/Debt,Torts/Individuals,0.85,False,False,False,"The situation describes someone using the person's name without permission, which falls under the IP/Identity category. This is distinct from housing, employment, or consumer debt issues."
sarvam,I,33,என்ன த⁴னி எனன் ஸுரக்ஷ தீ³பின ஸாமான் கொர்பெர் பந்த்³ பண்டி³ பொ³க்க அவென் கொரந்தே³ எனட³ பே³லெ மல்பாவொந்து³ல்லெர்.,My employer is making me work without the safety equipment I was promised,Work/Employment,,Torts/Individuals,Land/Property,Housing,0.85,False,False,False,"The situation describes someone taking or occupying the person's property without permission, which is a form of property damage or interference caused by another individual. This aligns with the Torts/Individuals category, which covers property damage or taking caused by another person's action."
sarvam,I,34,"எங்க் ஒஞ்ஜி ப்ரொமோஷன் கொர்பெர் பண்ட்³ட்³ பாதேர கொர்யெர், மாத்ர தா³ல காரண கொரந்தே³ பே³தெ ஜனக் கொர்யெர்.",I was promised a promotion but someone else got it without explanation,Work/Employment,,Work/Employment,Courts/Legal-System,Consumer/Money/Debt,0.90,True,True,False,"The situation describes a dispute with an employer over a promotion and subsequent termination, which are central issues in employment law."
sarvam,I,35,யான் பே³லென் பு³டி³ பொ³க்க என்ன த⁴னி என்ன அகே²ரித³ ஸம்ப³ளன் கொரோந்தி³ஜ்ஜெர்.,My employer refuses to give me my final paycheck after I quit,Work/Employment,Consumer/Money/Debt,Torts/Individuals,Courts/Legal-System,Consumer/Money/Debt,0.85,False,True,True,"The situation describes a person being harmed or having property damaged by another person's actions, which is a classic tort. The unknown language does not change the fundamental nature of the problem, which is about personal injury or property damage caused by a third party."
sarvam,I,36,என்ன நெரெகரெத³குலு அக்லென பே³லின் என்ன ஜாக³த³ உல்லயி முட்ட கட்டாதெ³ர்.,My neighbor built a wall that crosses onto my land,Land/Property,,Consumer/Money/Debt,Housing,Work/Employment,0.90,False,False,False,"The situation describes a person not paying for something, which is a clear example of a debt or financial obligation not being fulfilled. This aligns with the Consumer/Money/Debt category."
sarvam,I,37,என்ட³ கேணந்தே³ யேரா என்ன குடும்ப³த³ ஜாக³ட்³ பெ³ன்னி த³ட்டொந்து³ல்லெர்.,Someone is tilling on land that belongs to my family without asking,Land/Property,,Land/Property,Torts/Individuals,Courts/Legal-System,0.90,True,True,False,"The situation describes someone occupying the person's land without permission and refusing to leave, which is a direct match for the Land/Property category."
sarvam,I,38,என்ன ஜாக³த³ பே³லின் யேரா தெ³த்த் பு³ட்³தெர்.,The boundary markers on my property were moved without my knowledge,Land/Property,,Torts/Individuals,Land/Property,Courts/Legal-System,0.75,False,True,True,"The situation describes a personal conflict or dispute, likely involving harm or taking of property by another person, which aligns with the Torts/Individuals category."
sarvam,I,39,என்ன பலயெ என்ன குடும்ப³த³ ஜாக³த³ ஒஞ்ஜி பா⁴க³ன் ஆயேன மாத்ர பண்ட்³ட்³ பணொந்து³ல்லெ.,My brother is claiming a part of our family's land is his alone,Land/Property,Estates/Wills,Land/Property,Estates/Wills,Courts/Legal-System,0.90,True,True,False,"The situation describes someone taking the person's family land or property, which directly falls under the Land/Property category. The focus is on the unlawful occupation or taking of land, not a financial or employment dispute."
sarvam,I,40,என்ட³ கேணந்தே³ யேரா என்ன ஜாக³த³ மரன் கட்³தெர்.,Someone cut down trees on my property without permission,Land/Property,Torts/Individuals,Land/Property,Torts/Individuals,Courts/Legal-System,0.85,True,True,False,"The situation describes a dispute over land, specifically a tree on the person's property being cut down, which falls under land and property issues."
sarvam,J,21,എങ്ക്ലേന തിർപു മൽതിന സമയദ ദുംബു എന്ന ധനി ബാഡിഗെ ജാസ്തി മല്പെരെ പ്രയത്ന മൽതോന്ദുല്ലേർ.,My landlord is trying to raise my rent before our agreement ends,Housing,Consumer/Money/Debt,Housing,Courts/Legal-System,Land/Property,0.90,True,True,False,"The situation describes a dispute over the right to occupy a dwelling, which is the core of the Housing category. The person is facing eviction or being forced out of their home, a classic landlord-tenant or possession-related issue."
sarvam,J,22,ബരീതകുലു ഏത് ബൊബ്ബെ പാഡോന്ദുല്ലേർ പൻഡ എങ്ക് രാത്രെഡ് ജെപ്പെരേ ആവൊന്ദിജി.,The people next door make so much noise I cannot sleep at night,Housing,Torts/Individuals,Torts/Individuals,Land/Property,Courts/Legal-System,0.75,False,True,True,"The situation describes harm or damage caused by another person, which aligns with the definition of a tort. The text, though in an unknown language, suggests a complaint about an individual's actions."
sarvam,J,23,എന്ന അഡിപിൽദാ ഹാൾ ആയിന നള്ളിൻ എന്ന ധനി സരി മല്പെരെ തയാർ ഇജ്ജെർ.,My landlord will not fix the broken pipe in my kitchen,Housing,,Land/Property,Courts/Legal-System,Torts/Individuals,0.90,False,False,False,"The situation describes someone occupying the person's land without permission and refusing to leave, which is a classic land/property dispute."
sarvam,J,24,എങ്ക് ബാഡിഗെദ ഇല്ലൻ ബുഡിയെരെ ഖാലി രഡ്ഡ് ദിനത വയിദേ കൊര്യേർ.,I was told to leave my rented house with only two days notice,Housing,,Land/Property,Torts/Individuals,Courts/Legal-System,0.85,False,False,False,"Someone is occupying the person's land or property without permission and refusing to leave, which directly matches the Land/Property category."
sarvam,J,25,എന്ന സഹവാസി ഇല്ല് ബുഡ്ദു ബാദഡിഗെൻ പുരാ എന്ന മിത്തെ പാഡ്ദ് പോയേർ.,My roommate moved out and left me to pay all the rent,Housing,Consumer/Money/Debt,Torts/Individuals,Land/Property,Housing,0.90,False,True,True,The situation describes damage to the person's property caused by another individual (a neighbor). This is a classic tort situation involving property damage caused by someone else's actions.
sarvam,J,26,എങ്ക് ഒഞ്ജി ഹാൾ ആയ്ന ഫോൻ-ന് മാർദ് ദഅംഗഡിദ ധനി കാസ്ന് പിരാ കൊരെരെ തയാർ ഇജ്ജെർ.,The shop owner sold me a broken phone and won't give my money back,Consumer/Money/Debt,,Land/Property,Courts/Legal-System,Torts/Individuals,0.90,False,False,False,"Someone is occupying the person's land without permission and refusing to leave, which is a classic land/property dispute."
sarvam,J,27,യാൻ പൂരാ കാസ് കൊരി ബൊക്കലാ ബേലെൻ പൂർതി മൽതിജെർ.,I paid for a service that was never completed,Consumer/Money/Debt,,Consumer/Money/Debt,Housing,Torts/Individuals,0.85,True,True,False,The situation describes a transaction where the person believes they are owed money but the other party has not paid the full amount. This is a classic consumer/money/debt issue involving non-payment or underpayment.
sarvam,J,28,"എന്ന മെഗ്ഗെ രഡ്ഡ് വർഷദ ദുംബു എന്നഡ്ദ സാര ദെത്തൊണ്ഡെ, അവെൻ നൻലാ പിരാ കൊർതിജെ.",My brother borrowed money from me two years ago and still has not paid,Consumer/Money/Debt,,Torts/Individuals,Land/Property,Courts/Legal-System,0.85,False,False,False,"The situation describes a direct action by another person that has caused harm or conflict, which aligns with the definition of property damage or personal injury caused by another person. The person is expressing distress over this action, indicating a tortious situation."
sarvam,J,29,എന്ന ഒപ്പന്ദിന ശുൽകഗ് ബ്യാങ്ക് എന്ന മിത്ത് കാസ് പാഡൊന്ദുണ്ഡു.,The bank is charging me fees I never agreed to,Consumer/Money/Debt,,Courts/Legal-System,Consumer/Money/Debt,IP/Identity,0.85,False,True,True,"The situation describes signing a document without understanding its contents, which is a common issue in legal and financial contexts. This falls under the category of confusion about legal documents or procedures."
sarvam,J,30,ഏരൊ എനൻ ഒഞ്ജി ഡോംഗി ആസ്തിദ മിത്ത് കാസ് പാഡെരെ ഒപ്പായെർ.,Someone convinced me to invest in something that turned out to be fake,Consumer/Money/Debt,,Land/Property,Housing,Torts/Individuals,0.85,False,False,False,"The situation describes a dispute over ownership of an asset, which is a core issue within the Land/Property category. The person feels their property has been taken or claimed by someone else, similar to examples like 'My neighbor took my land'."
sarvam,J,31,യാൻ മൽതിന ജാസ്തി കെൽസഗ് എങ്ക് ബേലെദ ജാഗഡ്ഡ് കാസ് തിക്കിജി.,My workplace has not paid me for the extra hours I worked,Work/Employment,,Housing,Torts/Individuals,Courts/Legal-System,0.85,False,False,False,"The situation describes someone being forced out of a home or dwelling, which is a classic housing issue involving eviction or trespass."
sarvam,J,32,യാൻ ധനിട യാൻ ഹുഷാർ ഇജ്ജി പണ്ഡ്ഡ് പണ്ഡിന വാരഡെ ആർ എനൻ ബേലെഡ്ഡ് ദെത്തെർ.,I was fired the same week I told my boss I was sick,Work/Employment,,Land/Property,Torts/Individuals,Courts/Legal-System,0.90,False,False,False,"The situation describes someone occupying the person's land without permission and refusing to leave, which directly matches the Land/Property category definition."
sarvam,J,33,എന്ന ധനി എനൻ സുരക്ഷ ദീപിന സാമാൻ കൊർപെർ പന്ദ് പണ്ഡി ബൊക്ക അവെൻ കൊരന്ദേ എനഡ ബേലെ മല്പാവൊന്ദുല്ലെർ.,My employer is making me work without the safety equipment I was promised,Work/Employment,,Land/Property,Housing,Torts/Individuals,0.90,False,False,False,"The situation describes someone occupying the person's land without permission, which is a classic boundary or land occupation dispute. This directly maps to the Land/Property category."
sarvam,J,34,"എങ്ക് ഒഞ്ജി പ്രൊമോഷൻ കൊർപെർ പണ്ഡ്ഡ് പാതേര കൊര്യെർ, മാത്ര ദാല കാരണ കൊരന്ദേ ബേതെ ജനക് കൊര്യെർ.",I was promised a promotion but someone else got it without explanation,Work/Employment,,Work/Employment,Courts/Legal-System,Torts/Individuals,0.90,True,True,False,"The situation describes a dispute related to a job promotion and subsequent termination, which are core issues within the employment relationship."
sarvam,J,35,യാൻ ബേലെൻ ബുഡി ബൊക്ക എന്ന ധനി എന്ന അഖേരിദ സംബളൻ കൊരോന്ദിജ്ജെർ.,My employer refuses to give me my final paycheck after I quit,Work/Employment,Consumer/Money/Debt,Land/Property,Estates/Wills,Courts/Legal-System,0.75,False,False,False,"The situation involves possession or control over land, as indicated by the phrase 'കൊരോന്ദിജ്ജെർ' (related to taking or possessing). This aligns with Land/Property disputes."
sarvam,J,36,എന്ന നെരെകരെദകുലു അക്ലെന ബേലിൻ എന്ന ജാഗദ ഉല്ലയി മുട്ട കട്ടാദെർ.,My neighbor built a wall that crosses onto my land,Land/Property,,Housing,Torts/Individuals,Courts/Legal-System,0.90,False,False,False,"The situation describes someone entering the person's home without permission, which is a classic housing issue involving trespass into a dwelling."
sarvam,J,37,എൻഡ കേണന്ദേ യേരാ എന്ന കുടുംബദ ജാഗഡ് ബെന്നി ദട്ടൊന്ദുല്ലെർ.,Someone is tilling on land that belongs to my family without asking,Land/Property,,Estates/Wills,Land/Property,Torts/Individuals,0.85,False,True,True,"The situation describes a dispute over land after a family member's death, which aligns with inheritance disputes and assets being taken by family members."
sarvam,J,38,എന്ന ജാഗദ ബേലിൻ യേരാ ദെത്ത് ബുഡ്തെർ.,The boundary markers on my property were moved without my knowledge,Land/Property,,Housing,Torts/Individuals,Land/Property,0.90,False,True,True,"Forced eviction or being made to leave one's home is a core housing issue, involving a dispute over the right to occupy a dwelling."
sarvam,J,39,എന്ന പലയെ എന്ന കുടുംബദ ജാഗദ ഒഞ്ജി ഭാഗൻ ആയേന മാത്ര പണ്ഡ്ഡ് പണൊന്ദുല്ലെ.,My brother is claiming a part of our family's land is his alone,Land/Property,Estates/Wills,Consumer/Money/Debt,Work/Employment,Courts/Legal-System,0.90,False,False,False,"The situation describes a failure to receive payment for work or services, which is a direct debt or money owed issue. The person is seeking payment for something they have provided, which is the core of a consumer/money/debt dispute."
sarvam,J,40,എൻഡ കേണന്ദേ യേരാ എന്ന ജാഗദ മരൻ കഡ്തെർ.,Someone cut down trees on my property without permission,Land/Property,Torts/Individuals,Land/Property,Housing,Torts/Individuals,0.90,True,True,False,"The situation describes someone occupying land without permission, which directly relates to disputes over land ownership and use."
sarvam,K_sparse,21,எங்க்லேன திர்பு மல்தின ஸமயத³ து³ம்பு³ என்ன த⁴னி பா³டி³கெ³ ஜாஸ்தி மல்பெரெ ப்ரயத்ன மல்தோந்து³ல்லேர்.,My landlord is trying to raise my rent before our agreement ends,Housing,Consumer/Money/Debt,Housing,Torts/Individuals,Courts/Legal-System,0.90,True,True,False,"The situation describes a person being forced to leave their home, which is a core housing issue. The concern about personal belongings being taken or not returned is directly related to the security deposit and personal property within a housing context."
sarvam,K_sparse,22,ப³ரீதகுலு ஏத் பொ³ப்³பெ³ பாடோ³ந்து³ல்லேர் பன்ட³ எங்க் ராத்ரெட்³ ஜெப்பெரே ஆவொந்தி³ஜி.,The people next door make so much noise I cannot sleep at night,Housing,Torts/Individuals,Land/Property,Torts/Individuals,Housing,0.90,False,True,True,"The situation describes someone occupying the person's land without permission, which is a direct property dispute. This is different from a housing issue (no tenancy), a tort (no physical harm), or a debt (no financial agreement)."
sarvam,K_sparse,23,என்ன அடி³பில்தா³ ஹாள் ஆயின நள்ளின் என்ன த⁴னி ஸரி மல்பெரெ தயார் இஜ்ஜெர்.,My landlord will not fix the broken pipe in my kitchen,Housing,,Courts/Legal-System,Land/Property,Torts/Individuals,0.85,False,False,False,"The person is confused about which court to go to, which is a common issue in legal matters."
sarvam,K_sparse,24,எங்க் பா³டி³கெ³த³ இல்லன் பு³டி³யெரெ கா²லி ரட்³ட்³ தி³னத வயிதே³ கொர்யேர்.,I was told to leave my rented house with only two days notice,Housing,,Land/Property,Torts/Individuals,Courts/Legal-System,0.95,False,False,False,"The situation describes someone occupying the person's land without permission and refusing to leave, which is a direct land/property dispute."
sarvam,K_sparse,25,என்ன ஸஹவாஸி இல்ல் பு³ட்³து³ பா³த³டி³கெ³ன் புரா என்ன மித்தெ பாட்³த்³ போயேர்.,My roommate moved out and left me to pay all the rent,Housing,Consumer/Money/Debt,Courts/Legal-System,Land/Property,Housing,0.90,False,True,True,"The person is confused about which court to go to, which is a direct example of a legal-system issue. This is about the process of filing a complaint, not the substance of the dispute."
sarvam,K_sparse,26,எங்க் ஒஞ்ஜி ஹாள் ஆய்ன போ²ன்-ந் மார்த்³ த³அங்க³டி³த³ த⁴னி காஸ்ன் பிரா கொரெரெ தயார் இஜ்ஜெர்.,The shop owner sold me a broken phone and won't give my money back,Consumer/Money/Debt,,Courts/Legal-System,Land/Property,Housing,0.90,False,False,False,"The person is explicitly confused about which court to go to, which is a direct match for the 'Courts/Legal-System' category."
sarvam,K_sparse,27,யான் பூரா காஸ் கொரி பொ³க்கலா பே³லென் பூர்தி மல்திஜெர்.,I paid for a service that was never completed,Consumer/Money/Debt,,Housing,Torts/Individuals,Courts/Legal-System,0.75,False,False,False,"The situation describes a person being forced to leave a home or dwelling, which is a core issue in housing disputes. The person's concern is about their rights and property within the home."
sarvam,K_sparse,28,"என்ன மெக்³கெ³ ரட்³ட்³ வர்ஷத³ து³ம்பு³ என்னட்³த³ ஸார தெ³த்தொண்டெ³, அவென் நன்லா பிரா கொர்திஜெ.",My brother borrowed money from me two years ago and still has not paid,Consumer/Money/Debt,,Work/Employment,Courts/Legal-System,Torts/Individuals,0.90,False,False,False,"The situation describes a conflict with an employer or former employer regarding the person's ability to start their own business, which is a classic work/employment issue."
sarvam,K_sparse,29,என்ன ஒப்பந்தி³ன ஶுல்கக்³ ப்³யாங்க் என்ன மித்த் காஸ் பாடொ³ந்து³ண்டு³.,The bank is charging me fees I never agreed to,Consumer/Money/Debt,,Consumer/Money/Debt,Courts/Legal-System,Housing,0.85,True,True,False,"The situation describes a dispute over a financial charge or fee ('ஸுல்கக்'). The person is questioning why they are being charged and who is responsible, which is a classic consumer/money/debt issue involving a payment disagreement."
sarvam,K_sparse,30,ஏரொ எனன் ஒஞ்ஜி டோ³ங்கி³ ஆஸ்தித³ மித்த் காஸ் பாடெ³ரெ ஒப்பாயெர்.,Someone convinced me to invest in something that turned out to be fake,Consumer/Money/Debt,,Courts/Legal-System,Housing,Work/Employment,0.85,False,False,False,"The person is confused about which court to go to and where to file a complaint, which directly relates to the legal system and jurisdiction."
sarvam,K_sparse,31,யான் மல்தின ஜாஸ்தி கெல்ஸக்³ எங்க் பே³லெத³ ஜாக³ட்³ட்³ காஸ் திக்கிஜி.,My workplace has not paid me for the extra hours I worked,Work/Employment,,Torts/Individuals,Land/Property,Housing,0.90,False,False,False,"The situation describes property damage caused by another person (someone broke my fence) and the refusal to fix it, which is a classic tort/individual issue."
sarvam,K_sparse,32,யான் த⁴னிட யான் ஹுஷார் இஜ்ஜி பண்ட்³ட்³ பண்டி³ன வாரடெ³ ஆர் எனன் பே³லெட்³ட்³ தெ³த்தெர்.,I was fired the same week I told my boss I was sick,Work/Employment,,Consumer/Money/Debt,Torts/Individuals,Courts/Legal-System,0.75,False,False,False,"The person is questioning a transaction or agreement, which is a consumer issue. They are not happy with the terms or the person they are dealing with, which is a common consumer problem."
sarvam,K_sparse,33,என்ன த⁴னி எனன் ஸுரக்ஷ தீ³பின ஸாமான் கொர்பெர் பந்த்³ பண்டி³ பொ³க்க அவென் கொரந்தே³ எனட³ பே³லெ மல்பாவொந்து³ல்லெர்.,My employer is making me work without the safety equipment I was promised,Work/Employment,,IP/Identity,Torts/Individuals,Consumer/Money/Debt,0.90,False,False,False,"The situation describes someone using the person's name without permission, which is a direct misuse of personal identity."
sarvam,K_sparse,34,"எங்க் ஒஞ்ஜி ப்ரொமோஷன் கொர்பெர் பண்ட்³ட்³ பாதேர கொர்யெர், மாத்ர தா³ல காரண கொரந்தே³ பே³தெ ஜனக் கொர்யெர்.",I was promised a promotion but someone else got it without explanation,Work/Employment,,Work/Employment,Housing,Consumer/Money/Debt,0.90,True,True,False,"The situation describes a dispute with an employer regarding a denied promotion, which is a clear work-related issue. The person feels the reason for the denial is unfair, which is a common concern in employment contexts."
sarvam,K_sparse,35,யான் பே³லென் பு³டி³ பொ³க்க என்ன த⁴னி என்ன அகே²ரித³ ஸம்ப³ளன் கொரோந்தி³ஜ்ஜெர்.,My employer refuses to give me my final paycheck after I quit,Work/Employment,Consumer/Money/Debt,Torts/Individuals,Land/Property,Consumer/Money/Debt,0.85,False,True,True,"The situation describes personal injury or property damage caused by another person's negligence, and the responsible party is not fixing the issue. This aligns with the Torts/Individuals category, which covers personal injury and property damage caused by another person's action."
sarvam,K_sparse,36,என்ன நெரெகரெத³குலு அக்லென பே³லின் என்ன ஜாக³த³ உல்லயி முட்ட கட்டாதெ³ர்.,My neighbor built a wall that crosses onto my land,Land/Property,,Work/Employment,Torts/Individuals,Courts/Legal-System,0.75,False,False,False,"The situation describes being forced to leave a position or agreement without a clear reason, which aligns with issues like wrongful dismissal or being told to leave a job."
sarvam,K_sparse,37,என்ட³ கேணந்தே³ யேரா என்ன குடும்ப³த³ ஜாக³ட்³ பெ³ன்னி த³ட்டொந்து³ல்லெர்.,Someone is tilling on land that belongs to my family without asking,Land/Property,,Land/Property,Housing,Estates/Wills,0.90,True,True,False,"The situation describes a dispute over land or property, where someone has taken or claimed the person's land. This directly aligns with the Land/Property category, which covers issues like someone occupying land without permission or taking land."
sarvam,K_sparse,38,என்ன ஜாக³த³ பே³லின் யேரா தெ³த்த் பு³ட்³தெர்.,The boundary markers on my property were moved without my knowledge,Land/Property,,Consumer/Money/Debt,Courts/Legal-System,Torts/Individuals,0.75,False,False,False,"The situation appears to involve financial obligations or debt, which aligns with the Consumer/Money/Debt category. The person is likely facing legal action related to money owed."
sarvam,K_sparse,39,என்ன பலயெ என்ன குடும்ப³த³ ஜாக³த³ ஒஞ்ஜி பா⁴க³ன் ஆயேன மாத்ர பண்ட்³ட்³ பணொந்து³ல்லெ.,My brother is claiming a part of our family's land is his alone,Land/Property,Estates/Wills,Consumer/Money/Debt,Housing,Torts/Individuals,0.90,False,False,False,"The situation describes a dispute over money that was given to someone and that person refusing to return it. This is a classic example of a debt or a breach of a financial agreement, which falls under the Consumer/Money/Debt category."
sarvam,K_sparse,40,என்ட³ கேணந்தே³ யேரா என்ன ஜாக³த³ மரன் கட்³தெர்.,Someone cut down trees on my property without permission,Land/Property,Torts/Individuals,Land/Property,Torts/Individuals,Housing,0.90,True,True,False,"The situation describes someone taking or occupying land without permission, which is a direct property dispute. This aligns with the Land/Property category, which covers issues like someone occupying land without permission and refusing to leave."
sarvam,K_full,21,எங்க்லேன திர்பு மல்தின ஸமயத³ து³ம்பு³ என்ன த⁴னி பா³டி³கெ³ ஜாஸ்தி மல்பெரெ ப்ரயத்ன மல்தோந்து³ல்லேர்.,My landlord is trying to raise my rent before our agreement ends,Housing,Consumer/Money/Debt,Land/Property,Courts/Legal-System,Torts/Individuals,0.90,False,False,False,"The situation describes someone occupying land without permission and refusing to leave, which is a direct land/property dispute. The person is trying to recover their property, not seeking damages or compensation for a personal injury."
sarvam,K_full,22,ப³ரீதகுலு ஏத் பொ³ப்³பெ³ பாடோ³ந்து³ல்லேர் பன்ட³ எங்க் ராத்ரெட்³ ஜெப்பெரே ஆவொந்தி³ஜி.,The people next door make so much noise I cannot sleep at night,Housing,Torts/Individuals,Land/Property,Torts/Individuals,Courts/Legal-System,0.90,False,True,True,"The situation describes someone occupying or taking land without permission, which is a classic land/property dispute. The focus is on the control and ownership of land, not a rental agreement, financial debt, or personal injury."
sarvam,K_full,23,என்ன அடி³பில்தா³ ஹாள் ஆயின நள்ளின் என்ன த⁴னி ஸரி மல்பெரெ தயார் இஜ்ஜெர்.,My landlord will not fix the broken pipe in my kitchen,Housing,,Courts/Legal-System,Housing,Consumer/Money/Debt,0.85,False,True,True,"The person has prepared a document but is confused about the legal process and doesn't know what to do with it, which directly relates to confusion about legal procedures and court processes."
sarvam,K_full,24,எங்க் பா³டி³கெ³த³ இல்லன் பு³டி³யெரெ கா²லி ரட்³ட்³ தி³னத வயிதே³ கொர்யேர்.,I was told to leave my rented house with only two days notice,Housing,,Torts/Individuals,Land/Property,Courts/Legal-System,0.85,False,False,False,"The situation describes personal injury and property damage caused by another person, which is a classic tort. The person is seeking to fix the damage, indicating a claim for compensation or repair."
sarvam,K_full,25,என்ன ஸஹவாஸி இல்ல் பு³ட்³து³ பா³த³டி³கெ³ன் புரா என்ன மித்தெ பாட்³த்³ போயேர்.,My roommate moved out and left me to pay all the rent,Housing,Consumer/Money/Debt,Land/Property,Housing,Torts/Individuals,0.90,False,True,True,"The situation describes someone occupying the person's house without permission and refusing to leave, which is a direct violation of property rights and a boundary/occupancy dispute."
sarvam,K_full,26,எங்க் ஒஞ்ஜி ஹாள் ஆய்ன போ²ன்-ந் மார்த்³ த³அங்க³டி³த³ த⁴னி காஸ்ன் பிரா கொரெரெ தயார் இஜ்ஜெர்.,The shop owner sold me a broken phone and won't give my money back,Consumer/Money/Debt,,Courts/Legal-System,Consumer/Money/Debt,Land/Property,0.90,False,True,True,"The person explicitly states they don't know which court to go to, which is a direct match for the 'Courts/Legal-System' category. The problem is about navigating the legal system, not the underlying dispute's subject matter."
sarvam,K_full,27,யான் பூரா காஸ் கொரி பொ³க்கலா பே³லென் பூர்தி மல்திஜெர்.,I paid for a service that was never completed,Consumer/Money/Debt,,Consumer/Money/Debt,Housing,Torts/Individuals,0.90,True,True,False,"The situation describes a financial dispute where money was given and not returned, which is a clear case of a debt or loan repayment issue. The person is seeking the return of money, which falls under the Consumer/Money/Debt category."
sarvam,K_full,28,"என்ன மெக்³கெ³ ரட்³ட்³ வர்ஷத³ து³ம்பு³ என்னட்³த³ ஸார தெ³த்தொண்டெ³, அவென் நன்லா பிரா கொர்திஜெ.",My brother borrowed money from me two years ago and still has not paid,Consumer/Money/Debt,,Work/Employment,Torts/Individuals,Courts/Legal-System,0.90,False,False,False,"The person is being prevented from starting their own business by an employer, which is a classic case of non-compete or wrongful dismissal in an employment context."
sarvam,K_full,29,என்ன ஒப்பந்தி³ன ஶுல்கக்³ ப்³யாங்க் என்ன மித்த் காஸ் பாடொ³ந்து³ண்டு³.,The bank is charging me fees I never agreed to,Consumer/Money/Debt,,Consumer/Money/Debt,Housing,Torts/Individuals,0.95,True,True,False,"The situation describes a person giving money to someone who did not return it, which is a clear case of a debt or loan issue. This is a common consumer/money/debt problem."
sarvam,K_full,30,ஏரொ எனன் ஒஞ்ஜி டோ³ங்கி³ ஆஸ்தித³ மித்த் காஸ் பாடெ³ரெ ஒப்பாயெர்.,Someone convinced me to invest in something that turned out to be fake,Consumer/Money/Debt,,Consumer/Money/Debt,Housing,Courts/Legal-System,0.90,True,True,False,"The situation describes a dispute over money that was given to someone and not returned, which is a classic example of a debt or financial obligation issue."
sarvam,K_full,31,யான் மல்தின ஜாஸ்தி கெல்ஸக்³ எங்க் பே³லெத³ ஜாக³ட்³ட்³ காஸ் திக்கிஜி.,My workplace has not paid me for the extra hours I worked,Work/Employment,,Torts/Individuals,Consumer/Money/Debt,Land/Property,0.85,False,False,False,"The person is experiencing financial harm (being charged) caused by another person's action, which aligns with the definition of a tort. The issue is not about a tenancy, a debt agreement, or a direct property dispute, but about an incorrect charge."
sarvam,K_full,32,யான் த⁴னிட யான் ஹுஷார் இஜ்ஜி பண்ட்³ட்³ பண்டி³ன வாரடெ³ ஆர் எனன் பே³லெட்³ட்³ தெ³த்தெர்.,I was fired the same week I told my boss I was sick,Work/Employment,,Courts/Legal-System,Torts/Individuals,Consumer/Money/Debt,0.75,False,False,False,"The person is asking if they should take some action, which could involve the legal system. This is a common question for people who are unsure about their legal options."
sarvam,K_full,33,என்ன த⁴னி எனன் ஸுரக்ஷ தீ³பின ஸாமான் கொர்பெர் பந்த்³ பண்டி³ பொ³க்க அவென் கொரந்தே³ எனட³ பே³லெ மல்பாவொந்து³ல்லெர்.,My employer is making me work without the safety equipment I was promised,Work/Employment,,Land/Property,Housing,Courts/Legal-System,0.85,False,False,False,"The situation involves someone taking or occupying property without permission, which is a clear land/property dispute. This is distinct from housing (which involves rental agreements), consumer/money (which involves financial obligations), or torts (which involves harm or damage)."
sarvam,K_full,34,"எங்க் ஒஞ்ஜி ப்ரொமோஷன் கொர்பெர் பண்ட்³ட்³ பாதேர கொர்யெர், மாத்ர தா³ல காரண கொரந்தே³ பே³தெ ஜனக் கொர்யெர்.",I was promised a promotion but someone else got it without explanation,Work/Employment,,Work/Employment,Courts/Legal-System,Consumer/Money/Debt,0.95,True,True,False,"The situation describes a dispute with an employer regarding a denied promotion and termination without a valid reason, which falls directly under work/employment issues."
sarvam,K_full,35,யான் பே³லென் பு³டி³ பொ³க்க என்ன த⁴னி என்ன அகே²ரித³ ஸம்ப³ளன் கொரோந்தி³ஜ்ஜெர்.,My employer refuses to give me my final paycheck after I quit,Work/Employment,Consumer/Money/Debt,Torts/Individuals,Housing,Consumer/Money/Debt,0.95,False,True,True,"The situation describes a personal injury (hand hurts) caused by another person (hit with a stick). This is a classic tort case involving physical harm inflicted by an individual, which is the primary focus of the Torts/Individuals category."
sarvam,K_full,36,என்ன நெரெகரெத³குலு அக்லென பே³லின் என்ன ஜாக³த³ உல்லயி முட்ட கட்டாதெ³ர்.,My neighbor built a wall that crosses onto my land,Land/Property,,Land/Property,Courts/Legal-System,Torts/Individuals,0.95,True,True,False,"The situation describes a neighbor occupying the person's land without permission and refusing to leave, which is a direct match for the Land/Property category."
sarvam,K_full,37,என்ட³ கேணந்தே³ யேரா என்ன குடும்ப³த³ ஜாக³ட்³ பெ³ன்னி த³ட்டொந்து³ல்லெர்.,Someone is tilling on land that belongs to my family without asking,Land/Property,,Land/Property,Torts/Individuals,Courts/Legal-System,0.90,True,True,False,"Someone is occupying the person's land without permission and not leaving, which is a classic land/property dispute."
sarvam,K_full,38,என்ன ஜாக³த³ பே³லின் யேரா தெ³த்த் பு³ட்³தெர்.,The boundary markers on my property were moved without my knowledge,Land/Property,,Land/Property,Housing,Torts/Individuals,0.95,True,True,False,"The situation describes someone occupying land without permission, which is a direct land/property dispute. The vocabulary 'ஜாக' (land) and 'தெ³த்த்' (took) clearly point to this category."
sarvam,K_full,39,என்ன பலயெ என்ன குடும்ப³த³ ஜாக³த³ ஒஞ்ஜி பா⁴க³ன் ஆயேன மாத்ர பண்ட்³ட்³ பணொந்து³ல்லெ.,My brother is claiming a part of our family's land is his alone,Land/Property,Estates/Wills,Estates/Wills,Land/Property,Courts/Legal-System,0.85,False,True,True,"The situation describes a dispute over inheritance of land after a family member's death, which is the core focus of the Estates/Wills category."
sarvam,K_full,40,என்ட³ கேணந்தே³ யேரா என்ன ஜாக³த³ மரன் கட்³தெர்.,Someone cut down trees on my property without permission,Land/Property,Torts/Individuals,Land/Property,Torts/Individuals,Courts/Legal-System,0.85,True,True,False,"The situation involves a dispute over land ('ஜாக') and damage to it ('மரன் கட்³தெர்'). This directly relates to property ownership and boundary issues, which are central to the Land/Property category."
sarvam,L_sparse,21,എങ്ക്ലേന തിർപു മൽതിന സമയദ ദുംബു എന്ന ധനി ബാഡിഗെ ജാസ്തി മല്പെരെ പ്രയത്ന മൽതോന്ദുല്ലേർ.,My landlord is trying to raise my rent before our agreement ends,Housing,Consumer/Money/Debt,Land/Property,Torts/Individuals,Consumer/Money/Debt,0.75,False,True,True,"The situation describes a dispute over the return of an item or property, which falls under Land/Property. The person is trying to return something, but the other party is not allowing it, indicating a conflict related to property or possession."
sarvam,L_sparse,22,ബരീതകുലു ഏത് ബൊബ്ബെ പാഡോന്ദുല്ലേർ പൻഡ എങ്ക് രാത്രെഡ് ജെപ്പെരേ ആവൊന്ദിജി.,The people next door make so much noise I cannot sleep at night,Housing,Torts/Individuals,Torts/Individuals,Housing,Work/Employment,0.85,False,True,True,"The situation describes a person being followed or watched by another individual, which is a form of personal harm or injury caused by another person's actions. This aligns with the Torts/Individuals category, which covers personal injury and harm caused by others."
sarvam,L_sparse,23,എന്ന അഡിപിൽദാ ഹാൾ ആയിന നള്ളിൻ എന്ന ധനി സരി മല്പെരെ തയാർ ഇജ്ജെർ.,My landlord will not fix the broken pipe in my kitchen,Housing,,Land/Property,Courts/Legal-System,Torts/Individuals,0.90,False,False,False,"The situation describes a dispute over the occupation of a hall, which is a property. The person is trying to regain control of their property from someone else who is occupying it without permission."
sarvam,L_sparse,24,എങ്ക് ബാഡിഗെദ ഇല്ലൻ ബുഡിയെരെ ഖാലി രഡ്ഡ് ദിനത വയിദേ കൊര്യേർ.,I was told to leave my rented house with only two days notice,Housing,,Land/Property,Housing,Torts/Individuals,0.90,False,True,True,"Someone is occupying the person's land without permission and refusing to leave, which is a direct match for the Land/Property category."
sarvam,L_sparse,25,എന്ന സഹവാസി ഇല്ല് ബുഡ്ദു ബാദഡിഗെൻ പുരാ എന്ന മിത്തെ പാഡ്ദ് പോയേർ.,My roommate moved out and left me to pay all the rent,Housing,Consumer/Money/Debt,Land/Property,Torts/Individuals,Housing,0.90,False,True,True,"The situation describes a neighbor taking land, which is a direct dispute over property ownership and occupation, fitting the Land/Property category."
sarvam,L_sparse,26,എങ്ക് ഒഞ്ജി ഹാൾ ആയ്ന ഫോൻ-ന് മാർദ് ദഅംഗഡിദ ധനി കാസ്ന് പിരാ കൊരെരെ തയാർ ഇജ്ജെർ.,The shop owner sold me a broken phone and won't give my money back,Consumer/Money/Debt,,Land/Property,Torts/Individuals,Housing,0.75,False,False,False,"The situation describes a dispute over a hall, where someone is being forced to leave. This involves unauthorized occupation or trespass into a property, which falls under the Land/Property category. The person is trying to reclaim their right to be in the hall, which is a property-related issue."
sarvam,L_sparse,27,യാൻ പൂരാ കാസ് കൊരി ബൊക്കലാ ബേലെൻ പൂർതി മൽതിജെർ.,I paid for a service that was never completed,Consumer/Money/Debt,,Consumer/Money/Debt,Housing,Torts/Individuals,0.85,True,True,False,"The situation describes a financial discrepancy where the person is not receiving the full amount they are owed, which is a classic example of a consumer/money/debt issue."
sarvam,L_sparse,28,"എന്ന മെഗ്ഗെ രഡ്ഡ് വർഷദ ദുംബു എന്നഡ്ദ സാര ദെത്തൊണ്ഡെ, അവെൻ നൻലാ പിരാ കൊർതിജെ.",My brother borrowed money from me two years ago and still has not paid,Consumer/Money/Debt,,Land/Property,Housing,Torts/Individuals,0.90,False,False,False,"The situation describes someone occupying land or a dwelling without permission and refusing to leave, which is a classic property possession dispute. This aligns directly with the Land/Property category, which covers unauthorized occupation and boundary issues."
sarvam,L_sparse,29,എന്ന ഒപ്പന്ദിന ശുൽകഗ് ബ്യാങ്ക് എന്ന മിത്ത് കാസ് പാഡൊന്ദുണ്ഡു.,The bank is charging me fees I never agreed to,Consumer/Money/Debt,,Consumer/Money/Debt,Housing,Work/Employment,0.90,True,True,False,"The situation describes a financial transaction at a bank, which is a consumer/money/debt issue. The person received money from a bank, indicating a financial interaction."
sarvam,L_sparse,30,ഏരൊ എനൻ ഒഞ്ജി ഡോംഗി ആസ്തിദ മിത്ത് കാസ് പാഡെരെ ഒപ്പായെർ.,Someone convinced me to invest in something that turned out to be fake,Consumer/Money/Debt,,Land/Property,Housing,Torts/Individuals,0.85,False,False,False,"The situation describes someone taking or occupying the person's property or asset ('asthi'), which is a core issue of property rights and possession."
sarvam,L_sparse,31,യാൻ മൽതിന ജാസ്തി കെൽസഗ് എങ്ക് ബേലെദ ജാഗഡ്ഡ് കാസ് തിക്കിജി.,My workplace has not paid me for the extra hours I worked,Work/Employment,,Work/Employment,Land/Property,Courts/Legal-System,0.75,True,True,False,"The situation describes being told to leave a place of work without a valid reason, which aligns with the 'wrongful dismissal' example in the Work/Employment category."
sarvam,L_sparse,32,യാൻ ധനിട യാൻ ഹുഷാർ ഇജ്ജി പണ്ഡ്ഡ് പണ്ഡിന വാരഡെ ആർ എനൻ ബേലെഡ്ഡ് ദെത്തെർ.,I was fired the same week I told my boss I was sick,Work/Employment,,Torts/Individuals,Housing,Courts/Legal-System,0.85,False,False,False,The person was harmed or put in a difficult position by another person's action (preventing them from going somewhere). This is a personal injury or harm caused by another individual.
sarvam,L_sparse,33,എന്ന ധനി എനൻ സുരക്ഷ ദീപിന സാമാൻ കൊർപെർ പന്ദ് പണ്ഡി ബൊക്ക അവെൻ കൊരന്ദേ എനഡ ബേലെ മല്പാവൊന്ദുല്ലെർ.,My employer is making me work without the safety equipment I was promised,Work/Employment,,Torts/Individuals,Housing,Work/Employment,0.85,False,True,True,"The situation describes someone taking the person's child, which is a form of personal injury and harm caused by another individual's action. This falls under the Torts/Individuals category as it involves direct harm to a person and their property (the child)."
sarvam,L_sparse,34,"എങ്ക് ഒഞ്ജി പ്രൊമോഷൻ കൊർപെർ പണ്ഡ്ഡ് പാതേര കൊര്യെർ, മാത്ര ദാല കാരണ കൊരന്ദേ ബേതെ ജനക് കൊര്യെർ.",I was promised a promotion but someone else got it without explanation,Work/Employment,,Work/Employment,Consumer/Money/Debt,Torts/Individuals,0.90,True,True,False,"The situation describes a dispute related to employment, specifically a denial of a promotion and what the person perceives as an unfair termination. This falls directly under the Work/Employment category, which covers issues like wrongful dismissal and disputes with an employer."
sarvam,L_sparse,35,യാൻ ബേലെൻ ബുഡി ബൊക്ക എന്ന ധനി എന്ന അഖേരിദ സംബളൻ കൊരോന്ദിജ്ജെർ.,My employer refuses to give me my final paycheck after I quit,Work/Employment,Consumer/Money/Debt,Consumer/Money/Debt,Housing,Torts/Individuals,0.90,False,True,True,"The situation describes a child who was given money and has not returned it, which is a classic example of a debt or money owed that has not been repaid. This directly aligns with the 'Consumer/Money/Debt' category."
sarvam,L_sparse,36,എന്ന നെരെകരെദകുലു അക്ലെന ബേലിൻ എന്ന ജാഗദ ഉല്ലയി മുട്ട കട്ടാദെർ.,My neighbor built a wall that crosses onto my land,Land/Property,,Land/Property,Courts/Legal-System,Torts/Individuals,0.90,True,True,False,"The situation describes someone occupying land without permission and refusing to leave, which is a classic land/property dispute."
sarvam,L_sparse,37,എൻഡ കേണന്ദേ യേരാ എന്ന കുടുംബദ ജാഗഡ് ബെന്നി ദട്ടൊന്ദുല്ലെർ.,Someone is tilling on land that belongs to my family without asking,Land/Property,,Land/Property,Estates/Wills,Courts/Legal-System,0.85,True,True,False,"The situation describes a dispute over land or property, where someone else is claiming or has taken the person's land. This directly aligns with the Land/Property category, which covers neighbor disputes, occupation of land, and inheritance issues."
sarvam,L_sparse,38,എന്ന ജാഗദ ബേലിൻ യേരാ ദെത്ത് ബുഡ്തെർ.,The boundary markers on my property were moved without my knowledge,Land/Property,,Land/Property,Housing,Torts/Individuals,0.85,True,True,False,"The situation involves taking or occupying land, which aligns with the Land/Property category."
sarvam,L_sparse,39,എന്ന പലയെ എന്ന കുടുംബദ ജാഗദ ഒഞ്ജി ഭാഗൻ ആയേന മാത്ര പണ്ഡ്ഡ് പണൊന്ദുല്ലെ.,My brother is claiming a part of our family's land is his alone,Land/Property,Estates/Wills,Land/Property,Estates/Wills,Consumer/Money/Debt,0.85,True,True,False,"The situation describes a dispute over the division or share of land/property ('jagada', 'pundd') from a family. This is a classic land/property issue, not a housing or debt matter."
sarvam,L_sparse,40,എൻഡ കേണന്ദേ യേരാ എന്ന ജാഗദ മരൻ കഡ്തെർ.,Someone cut down trees on my property without permission,Land/Property,Torts/Individuals,Land/Property,Housing,Torts/Individuals,0.90,True,True,False,"The situation describes someone occupying the person's land, which is a direct match for the Land/Property category, specifically involving someone occupying land without permission and refusing to leave."
sarvam,L_full,21,എങ്ക്ലേന തിർപു മൽതിന സമയദ ദുംബു എന്ന ധനി ബാഡിഗെ ജാസ്തി മല്പെരെ പ്രയത്ന മൽതോന്ദുല്ലേർ.,My landlord is trying to raise my rent before our agreement ends,Housing,Consumer/Money/Debt,Housing,Consumer/Money/Debt,Courts/Legal-System,0.85,True,True,False,"The situation involves a dispute with a landlord over property or compensation, which is a core housing issue. The focus is on the landlord's actions and the person's effort to resolve the matter."
sarvam,L_full,22,ബരീതകുലു ഏത് ബൊബ്ബെ പാഡോന്ദുല്ലേർ പൻഡ എങ്ക് രാത്രെഡ് ജെപ്പെരേ ആവൊന്ദിജി.,The people next door make so much noise I cannot sleep at night,Housing,Torts/Individuals,Torts/Individuals,IP/Identity,Land/Property,0.75,False,True,True,"The situation describes a personal wrong or harm caused by another individual, which is the core of a tort. The person feels disturbed or threatened, indicating a personal injury or property damage caused by someone else's actions."
sarvam,L_full,23,എന്ന അഡിപിൽദാ ഹാൾ ആയിന നള്ളിൻ എന്ന ധനി സരി മല്പെരെ തയാർ ഇജ്ജെർ.,My landlord will not fix the broken pipe in my kitchen,Housing,,Land/Property,Housing,Courts/Legal-System,0.85,False,True,True,"The situation describes a dispute or action involving a property (a hall) and a person in authority (a landlord), which falls under the Land/Property category. The focus is on the property and the landlord's decision, not a tenancy or employment issue."
sarvam,L_full,24,എങ്ക് ബാഡിഗെദ ഇല്ലൻ ബുഡിയെരെ ഖാലി രഡ്ഡ് ദിനത വയിദേ കൊര്യേർ.,I was told to leave my rented house with only two days notice,Housing,,Housing,Torts/Individuals,Land/Property,0.90,True,True,False,"Someone entered and is occupying the person's house without permission, which is a clear trespass/unauthorized occupation of a dwelling."
sarvam,L_full,25,എന്ന സഹവാസി ഇല്ല് ബുഡ്ദു ബാദഡിഗെൻ പുരാ എന്ന മിത്തെ പാഡ്ദ് പോയേർ.,My roommate moved out and left me to pay all the rent,Housing,Consumer/Money/Debt,Housing,Torts/Individuals,Courts/Legal-System,0.85,True,True,False,"Unauthorized entry and occupation of a home by a neighbor, which is a landlord-tenant or dwelling-related issue."
sarvam,L_full,26,എങ്ക് ഒഞ്ജി ഹാൾ ആയ്ന ഫോൻ-ന് മാർദ് ദഅംഗഡിദ ധനി കാസ്ന് പിരാ കൊരെരെ തയാർ ഇജ്ജെർ.,The shop owner sold me a broken phone and won't give my money back,Consumer/Money/Debt,,Consumer/Money/Debt,Housing,Courts/Legal-System,0.90,True,True,False,"The situation describes a financial dispute where the landlord owes the person a large sum of money, which is a clear debt issue. The core problem is the non-payment of money, not a housing or employment matter."
sarvam,L_full,27,യാൻ പൂരാ കാസ് കൊരി ബൊക്കലാ ബേലെൻ പൂർതി മൽതിജെർ.,I paid for a service that was never completed,Consumer/Money/Debt,,Consumer/Money/Debt,Housing,Torts/Individuals,0.90,True,True,False,"The situation describes a financial transaction where money was given and not returned, which directly aligns with the definition of a debt or loan repayment issue."
sarvam,L_full,28,"എന്ന മെഗ്ഗെ രഡ്ഡ് വർഷദ ദുംബു എന്നഡ്ദ സാര ദെത്തൊണ്ഡെ, അവെൻ നൻലാ പിരാ കൊർതിജെ.",My brother borrowed money from me two years ago and still has not paid,Consumer/Money/Debt,,Land/Property,Torts/Individuals,Housing,0.90,False,False,False,"The situation describes someone occupying the person's land without permission and refusing to leave, which is a clear land/property dispute involving unauthorized occupation and boundary issues."
sarvam,L_full,29,എന്ന ഒപ്പന്ദിന ശുൽകഗ് ബ്യാങ്ക് എന്ന മിത്ത് കാസ് പാഡൊന്ദുണ്ഡു.,The bank is charging me fees I never agreed to,Consumer/Money/Debt,,Courts/Legal-System,Consumer/Money/Debt,IP/Identity,0.85,False,True,True,"The person signed a bank document but did not understand what it said, indicating confusion about a legal document and its implications, which falls under the Courts/Legal-System category."
sarvam,L_full,30,ഏരൊ എനൻ ഒഞ്ജി ഡോംഗി ആസ്തിദ മിത്ത് കാസ് പാഡെരെ ഒപ്പായെർ.,Someone convinced me to invest in something that turned out to be fake,Consumer/Money/Debt,,Land/Property,Torts/Individuals,Courts/Legal-System,0.85,False,False,False,"The situation describes someone taking or occupying land or property without permission, which aligns with the Land/Property category. The person is seeking a legal solution for this issue."
sarvam,L_full,31,യാൻ മൽതിന ജാസ്തി കെൽസഗ് എങ്ക് ബേലെദ ജാഗഡ്ഡ് കാസ് തിക്കിജി.,My workplace has not paid me for the extra hours I worked,Work/Employment,,Torts/Individuals,Land/Property,Housing,0.85,False,False,False,"The situation describes property damage (a broken fence) caused by a child, which is a tort/individual wrong. The focus is on the act of damage, not the relationship with the child's parents or any other category."
sarvam,L_full,32,യാൻ ധനിട യാൻ ഹുഷാർ ഇജ്ജി പണ്ഡ്ഡ് പണ്ഡിന വാരഡെ ആർ എനൻ ബേലെഡ്ഡ് ദെത്തെർ.,I was fired the same week I told my boss I was sick,Work/Employment,,Land/Property,Torts/Individuals,Courts/Legal-System,0.90,False,False,False,"The situation describes someone occupying the person's land without permission and refusing to leave, which is a classic land/property dispute. The person is seeking to reclaim their property, not a rental issue or a debt."
sarvam,L_full,33,എന്ന ധനി എനൻ സുരക്ഷ ദീപിന സാമാൻ കൊർപെർ പന്ദ് പണ്ഡി ബൊക്ക അവെൻ കൊരന്ദേ എനഡ ബേലെ മല്പാവൊന്ദുല്ലെർ.,My employer is making me work without the safety equipment I was promised,Work/Employment,,Housing,Consumer/Money/Debt,Courts/Legal-System,0.90,False,False,False,"The situation involves a dispute with an employer (ധനി) over a security deposit, which is a common issue in landlord-tenant relationships. The core problem is the failure to return money related to the dwelling, making Housing the most fitting category."
sarvam,L_full,34,"എങ്ക് ഒഞ്ജി പ്രൊമോഷൻ കൊർപെർ പണ്ഡ്ഡ് പാതേര കൊര്യെർ, മാത്ര ദാല കാരണ കൊരന്ദേ ബേതെ ജനക് കൊര്യെർ.",I was promised a promotion but someone else got it without explanation,Work/Employment,,Work/Employment,Courts/Legal-System,Torts/Individuals,0.90,True,True,False,"The situation describes a dispute related to employment, specifically a denied promotion and subsequent termination. This falls directly under the Work/Employment category, which covers issues like wrongful dismissal and non-payment of wages."
sarvam,L_full,35,യാൻ ബേലെൻ ബുഡി ബൊക്ക എന്ന ധനി എന്ന അഖേരിദ സംബളൻ കൊരോന്ദിജ്ജെർ.,My employer refuses to give me my final paycheck after I quit,Work/Employment,Consumer/Money/Debt,Consumer/Money/Debt,Housing,Work/Employment,0.90,False,True,True,"The situation describes a person giving money to another who has not returned it, which is a clear debt or loan dispute. The vocabulary guide includes 'സാല' (loan/debt) and 'കൊരോന്ദിജ്ജെർ' (gave), supporting this classification."
sarvam,L_full,36,എന്ന നെരെകരെദകുലു അക്ലെന ബേലിൻ എന്ന ജാഗദ ഉല്ലയി മുട്ട കട്ടാദെർ.,My neighbor built a wall that crosses onto my land,Land/Property,,Land/Property,Torts/Individuals,Courts/Legal-System,0.95,True,True,False,"The situation describes a neighbor occupying the person's land without permission and refusing to leave, which is a classic land/property dispute involving trespass and boundary issues."
sarvam,L_full,37,എൻഡ കേണന്ദേ യേരാ എന്ന കുടുംബദ ജാഗഡ് ബെന്നി ദട്ടൊന്ദുല്ലെർ.,Someone is tilling on land that belongs to my family without asking,Land/Property,,Land/Property,Torts/Individuals,Housing,0.85,True,True,False,"The situation describes a dispute over land or property, where someone has taken or occupied the person's land without permission. This aligns with the Land/Property category, which covers issues like someone occupying your land without permission and refusing to leave."
sarvam,L_full,38,എന്ന ജാഗദ ബേലിൻ യേരാ ദെത്ത് ബുഡ്തെർ.,The boundary markers on my property were moved without my knowledge,Land/Property,,Land/Property,Housing,Torts/Individuals,0.90,True,True,False,"The situation describes someone taking land and refusing to return it, which is a direct dispute over property ownership and possession, fitting the Land/Property category."
sarvam,L_full,39,എന്ന പലയെ എന്ന കുടുംബദ ജാഗദ ഒഞ്ജി ഭാഗൻ ആയേന മാത്ര പണ്ഡ്ഡ് പണൊന്ദുല്ലെ.,My brother is claiming a part of our family's land is his alone,Land/Property,Estates/Wills,Land/Property,Housing,Torts/Individuals,0.90,True,True,False,"The situation describes a family dispute over land, specifically a fear that the other party will occupy the land without permission. This directly relates to boundary disputes and unauthorized occupation of land, which are core issues within the Land/Property category."
sarvam,L_full,40,എൻഡ കേണന്ദേ യേരാ എന്ന ജാഗദ മരൻ കഡ്തെർ.,Someone cut down trees on my property without permission,Land/Property,Torts/Individuals,Torts/Individuals,Land/Property,Housing,0.90,False,True,True,Property damage caused by another person's action (neighbor's tree falling on the house). This is a classic tort situation involving negligence and property damage.
sarvam,M_sparse,21,enklena tirpu maltina samayada dunbu enna dhani badige jasti malpere prayatna maltonduller.,My landlord is trying to raise my rent before our agreement ends,Housing,Consumer/Money/Debt,Consumer/Money/Debt,Courts/Legal-System,Torts/Individuals,0.85,False,True,True,"The situation describes a dispute over a returned item, which is a common consumer/money/debt problem. The person is trying to get their money back for an item they returned, which falls under the category of money owed or a contract breach involving payment."
sarvam,M_sparse,22,baritakulu et bobbe padonduller panda enk ratred jeppere avondiji.,The people next door make so much noise I cannot sleep at night,Housing,Torts/Individuals,Torts/Individuals,Courts/Legal-System,Consumer/Money/Debt,0.65,False,True,True,"The situation describes a personal dispute or disagreement over a past statement, which is a form of conflict between individuals. This aligns with the Torts/Individuals category, which covers personal conflicts and disagreements."
sarvam,M_sparse,23,enna adipilda hal ayina nallin enna dhani sari malpere tayar ijjer.,My landlord will not fix the broken pipe in my kitchen,Housing,,Courts/Legal-System,Land/Property,Consumer/Money/Debt,0.85,False,False,False,"The person is confused about which court to go to and mentions the other party being in a different location, which directly relates to confusion about the legal system and jurisdiction."
sarvam,M_sparse,24,enk badigeda illan budiyere khali radd dinata vayide koryer.,I was told to leave my rented house with only two days notice,Housing,,Land/Property,Housing,Courts/Legal-System,0.85,False,True,True,"The situation describes a dispute over land, which is a core issue within the Land/Property category. The person is concerned about someone's claim or actions related to the land, not a rental agreement, personal injury, or a debt."
sarvam,M_sparse,25,enna sahavasi ill buddu badadigen pura enna mitte padd poyer.,My roommate moved out and left me to pay all the rent,Housing,Consumer/Money/Debt,Courts/Legal-System,Land/Property,Housing,0.75,False,True,True,"The situation involves being forced out of a place and wanting to return, which suggests a legal dispute over rights and remedies. The person is likely seeking a legal solution, fitting the Courts/Legal-System category."
sarvam,M_sparse,26,enk onji hal ayna phon-n mard daangadida dhani kasn pira korere tayar ijjer.,The shop owner sold me a broken phone and won't give my money back,Consumer/Money/Debt,,Land/Property,Housing,Torts/Individuals,0.90,False,False,False,"The situation describes someone occupying the person's land without permission and refusing to leave, which is a classic boundary or property occupation dispute."
sarvam,M_sparse,27,yan pura kas kori bokkala belen purti maltijer.,I paid for a service that was never completed,Consumer/Money/Debt,,Land/Property,Torts/Individuals,Housing,0.95,False,False,False,"The situation describes someone occupying the person's land without permission and refusing to leave, which is a classic land/property dispute."
sarvam,M_sparse,28,"enna megge radd varshada dunbu ennadda sara dettonde, aven nanla pira kortije.",My brother borrowed money from me two years ago and still has not paid,Consumer/Money/Debt,,Land/Property,Torts/Individuals,Courts/Legal-System,0.90,False,False,False,"The person is being occupied by someone on their land without permission and the occupier is refusing to leave, which is a classic land/property dispute."
sarvam,M_sparse,29,enna oppandina shulkag byank enna mitt kas padondundu.,The bank is charging me fees I never agreed to,Consumer/Money/Debt,,Consumer/Money/Debt,Housing,Torts/Individuals,0.90,True,True,False,"The situation describes a financial agreement (oppandina) where a payment (shulkag) was made, but the expected service or product (mitt) was not received. This is a clear case of a consumer transaction where money was exchanged for something of value that was not delivered, fitting the Consumer/Money/Debt category."
sarvam,M_sparse,30,ero enan onji dongi astida mitt kas padere oppayer.,Someone convinced me to invest in something that turned out to be fake,Consumer/Money/Debt,,Housing,Consumer/Money/Debt,Torts/Individuals,0.75,False,True,True,"The situation involves a return of something given, which is similar to returning a deposit or item in a housing context. The person is concerned about the item not being returned, which is a common issue in landlord-tenant relationships."
sarvam,M_sparse,31,yan maltina jasti kelsag enk beleda jagadd kas tikkiji.,My workplace has not paid me for the extra hours I worked,Work/Employment,,Land/Property,Courts/Legal-System,Torts/Individuals,0.90,False,False,False,"The situation describes someone occupying the person's land without permission and refusing to leave, which is a classic example of a land/property dispute."
sarvam,M_sparse,32,yan dhanita yan hushar ijji pandd pandina varade ar enan beledd detter.,I was fired the same week I told my boss I was sick,Work/Employment,,Land/Property,Torts/Individuals,Courts/Legal-System,0.90,False,False,False,"The situation describes someone occupying land without permission and refusing to leave, which is a classic Land/Property issue."
sarvam,M_sparse,33,enna dhani enan suraksha dipina saman korper pand pandi bokka aven korande enada bele malpavonduller.,My employer is making me work without the safety equipment I was promised,Work/Employment,,Estates/Wills,Land/Property,Courts/Legal-System,0.90,False,False,False,"The situation describes a dispute over inheritance after a family member's death, which is a classic example of an estates/wills issue."
sarvam,M_sparse,34,"enk onji promoshan korper pandd patera koryer, matra dala karana korande bete janak koryer.",I was promised a promotion but someone else got it without explanation,Work/Employment,,Work/Employment,Courts/Legal-System,Torts/Individuals,0.90,True,True,False,"The situation describes a dispute related to a promotion at work, which is a core employment issue. The person is facing a negative employment decision (denial of promotion) and believes it is due to having a child, which falls under employment-related concerns."
sarvam,M_sparse,35,yan belen budi bokka enna dhani enna akherida sanbalan korondijjer.,My employer refuses to give me my final paycheck after I quit,Work/Employment,Consumer/Money/Debt,Land/Property,Torts/Individuals,Housing,0.85,False,False,False,"The situation describes someone taking or occupying land without permission, which is a direct property dispute. The vocabulary 'budi' (land/place) and 'bokka' (to take/get) support this classification."
sarvam,M_sparse,36,enna nerekaredakulu aklena belin enna jagada ullayi mutta kattader.,My neighbor built a wall that crosses onto my land,Land/Property,,Land/Property,Courts/Legal-System,Torts/Individuals,0.95,True,True,False,"The situation describes someone occupying the person's land without permission and refusing to leave, which is a direct match for the Land/Property category."
sarvam,M_sparse,37,enda kenande yera enna kutunbada jagad benni dattonduller.,Someone is tilling on land that belongs to my family without asking,Land/Property,,Housing,Torts/Individuals,Consumer/Money/Debt,0.75,False,False,False,"The situation involves someone taking or claiming something from a house ('yera' means house), which points to a dispute over property or possession within a dwelling, fitting the Housing category."
sarvam,M_sparse,38,enna jagada belin yera dett budter.,The boundary markers on my property were moved without my knowledge,Land/Property,,Consumer/Money/Debt,Housing,Work/Employment,0.85,False,False,False,"The situation describes a failure to receive a payment or benefit, which is a common issue in consumer or debt-related matters. It is not about housing, employment, or property."
sarvam,M_sparse,39,enna palaye enna kutunbada jagada onji bhagan ayena matra pandd panondulle.,My brother is claiming a part of our family's land is his alone,Land/Property,Estates/Wills,Land/Property,Courts/Legal-System,Torts/Individuals,0.85,True,True,False,"The situation describes someone being forced off their land or property, which is a classic land/property dispute involving occupation and possession."
sarvam,M_sparse,40,enda kenande yera enna jagada maran kadter.,Someone cut down trees on my property without permission,Land/Property,Torts/Individuals,Estates/Wills,Land/Property,Housing,0.90,False,True,True,"The situation describes a dispute over land or property after a family member's death, which is a classic example of an inheritance dispute."
sarvam,M_full,21,enklena tirpu maltina samayada dunbu enna dhani badige jasti malpere prayatna maltonduller.,My landlord is trying to raise my rent before our agreement ends,Housing,Consumer/Money/Debt,Housing,Consumer/Money/Debt,Courts/Legal-System,0.90,True,True,False,"The situation describes a dispute with a landlord over the return of a deposit, which is a classic landlord-tenant issue. The core problem is the landlord's refusal to return the money, not a simple debt or contract breach."
sarvam,M_full,22,baritakulu et bobbe padonduller panda enk ratred jeppere avondiji.,The people next door make so much noise I cannot sleep at night,Housing,Torts/Individuals,Land/Property,Torts/Individuals,Courts/Legal-System,0.85,False,True,True,"The situation describes someone taking land, which is a direct match for the Land/Property category. The person is seeking a resolution for the unlawful occupation or taking of their land."
sarvam,M_full,23,enna adipilda hal ayina nallin enna dhani sari malpere tayar ijjer.,My landlord will not fix the broken pipe in my kitchen,Housing,,Work/Employment,Land/Property,Housing,0.75,False,True,True,"The situation describes being ordered to leave by an authority figure (dhani), which aligns with 'wrongful dismissal without reason' or 'employer stopping you from starting your own business'."
sarvam,M_full,24,enk badigeda illan budiyere khali radd dinata vayide koryer.,I was told to leave my rented house with only two days notice,Housing,,Housing,Work/Employment,Courts/Legal-System,0.90,True,True,False,"The situation describes being forced out of a house or dwelling, which is a core landlord-tenant issue related to possession and eviction."
sarvam,M_full,25,enna sahavasi ill buddu badadigen pura enna mitte padd poyer.,My roommate moved out and left me to pay all the rent,Housing,Consumer/Money/Debt,Housing,Torts/Individuals,Courts/Legal-System,0.85,True,True,False,"The situation describes being denied entry into a house, which is a landlord-tenant or occupancy dispute related to a dwelling."
sarvam,M_full,26,enk onji hal ayna phon-n mard daangadida dhani kasn pira korere tayar ijjer.,The shop owner sold me a broken phone and won't give my money back,Consumer/Money/Debt,,Land/Property,Torts/Individuals,Courts/Legal-System,0.85,False,False,False,"Someone is occupying the person's land without permission and refusing to leave, which is a classic property dispute."
sarvam,M_full,27,yan pura kas kori bokkala belen purti maltijer.,I paid for a service that was never completed,Consumer/Money/Debt,,Consumer/Money/Debt,Courts/Legal-System,Torts/Individuals,0.90,True,True,False,"The situation describes money being taken and not returned, which is a core issue of debt or financial obligation. The person is owed money (kas) and the other party is refusing to return it (wapas)."
sarvam,M_full,28,"enna megge radd varshada dunbu ennadda sara dettonde, aven nanla pira kortije.",My brother borrowed money from me two years ago and still has not paid,Consumer/Money/Debt,,Land/Property,Housing,Torts/Individuals,0.90,False,False,False,"The situation describes someone occupying land without permission and refusing to leave, which directly matches the Land/Property category definition of 'someone occupying your land without permission and refusing to leave'."
sarvam,M_full,29,enna oppandina shulkag byank enna mitt kas padondundu.,The bank is charging me fees I never agreed to,Consumer/Money/Debt,,Consumer/Money/Debt,Courts/Legal-System,Housing,0.85,True,True,False,"The situation involves a signed document (oppandina) and a charge for money (shulkag), indicating a financial agreement and a dispute over the amount of money being charged. This is a classic consumer/money/debt issue."
sarvam,M_full,30,ero enan onji dongi astida mitt kas padere oppayer.,Someone convinced me to invest in something that turned out to be fake,Consumer/Money/Debt,,Consumer/Money/Debt,Courts/Legal-System,Housing,0.90,True,True,False,"The situation describes money being given to someone with the expectation of its return, but the money was not returned. This is a direct debt or financial obligation that has not been fulfilled, which is the primary focus of the Consumer/Money/Debt category."
sarvam,M_full,31,yan maltina jasti kelsag enk beleda jagadd kas tikkiji.,My workplace has not paid me for the extra hours I worked,Work/Employment,,Land/Property,Housing,Courts/Legal-System,0.90,False,False,False,"The situation describes someone occupying the person's land without permission and refusing to leave, which is a classic land/property dispute."
sarvam,M_full,32,yan dhanita yan hushar ijji pandd pandina varade ar enan beledd detter.,I was fired the same week I told my boss I was sick,Work/Employment,,Land/Property,Courts/Legal-System,Housing,0.90,False,False,False,"The situation describes a dispute over land or property, which is the core of the Land/Property category. The person is seeking to understand the legal process for their land, not a debt, employment, or tort."
sarvam,M_full,33,enna dhani enan suraksha dipina saman korper pand pandi bokka aven korande enada bele malpavonduller.,My employer is making me work without the safety equipment I was promised,Work/Employment,,Land/Property,Torts/Individuals,Courts/Legal-System,0.85,False,False,False,"The situation describes someone entering the person's house without permission and not leaving, which is a clear case of trespass and unauthorized occupation of property."
sarvam,M_full,34,"enk onji promoshan korper pandd patera koryer, matra dala karana korande bete janak koryer.",I was promised a promotion but someone else got it without explanation,Work/Employment,,Work/Employment,Consumer/Money/Debt,Torts/Individuals,0.90,True,True,False,"The situation describes a dispute related to employment, specifically a promotion that was not granted. This falls directly under the Work/Employment category, which covers issues like wages, dismissal, and employment agreements."
sarvam,M_full,35,yan belen budi bokka enna dhani enna akherida sanbalan korondijjer.,My employer refuses to give me my final paycheck after I quit,Work/Employment,Consumer/Money/Debt,IP/Identity,Torts/Individuals,Consumer/Money/Debt,0.90,False,True,True,"The situation describes someone using the person's name without permission, which directly matches the IP/Identity category of 'someone using your name without permission' or 'misuse of personal or business identity'."
sarvam,M_full,36,enna nerekaredakulu aklena belin enna jagada ullayi mutta kattader.,My neighbor built a wall that crosses onto my land,Land/Property,,Land/Property,Housing,Torts/Individuals,0.90,True,True,False,"The situation describes someone occupying the person's land without permission and refusing to leave, which is a classic boundary/property occupation dispute."
sarvam,M_full,37,enda kenande yera enna kutunbada jagad benni dattonduller.,Someone is tilling on land that belongs to my family without asking,Land/Property,,Land/Property,Housing,Courts/Legal-System,0.90,True,True,False,"The situation describes someone taking land, which directly matches the Land/Property category. The issue is about ownership and possession of land, not a rental agreement (Housing) or personal injury (Torts/Individuals)."
sarvam,M_full,38,enna jagada belin yera dett budter.,The boundary markers on my property were moved without my knowledge,Land/Property,,Land/Property,Housing,Courts/Legal-System,0.90,True,True,False,"The person has given their land to someone else and is concerned about its return, which is a direct property dispute."
sarvam,M_full,39,enna palaye enna kutunbada jagada onji bhagan ayena matra pandd panondulle.,My brother is claiming a part of our family's land is his alone,Land/Property,Estates/Wills,Land/Property,Torts/Individuals,Housing,0.90,True,True,False,"The situation describes someone living in the person's house without permission and refusing to leave. This is a clear case of unlawful occupation of property, which falls under the Land/Property category. It is not a landlord-tenant issue as there is no mention of a formal rental agreement."
sarvam,M_full,40,enda kenande yera enna jagada maran kadter.,Someone cut down trees on my property without permission,Land/Property,Torts/Individuals,Estates/Wills,Land/Property,Courts/Legal-System,0.90,False,True,True,"The situation describes a dispute over land or assets after a family member's death, which is a classic estate/will issue."
