model,condition,id,display_text,english_gloss,list_primary,list_secondary,pred_top1,pred_top2,pred_top3,top1_confidence,hits1,hits3,partial_credit,top1_reasoning
hex1,A,41,My neighbor's dog bit my child while we were walking,My neighbor's dog bit my child while we were walking,Torts/Individuals,,Torts/Individuals,Courts/Legal-System,Land/Property,0.95,True,True,False,This involves physical harm caused by another party's negligence.
hex1,A,42,Someone crashed into my parked vehicle and drove away,Someone crashed into my parked vehicle and drove away,Torts/Individuals,,Torts/Individuals,Land/Property,Courts/Legal-System,0.95,True,True,False,The situation involves harm caused by another person's negligence (the crashing into their parked vehicle).
hex1,A,43,A worker dropped something that injured me,A worker dropped something that injured me,Torts/Individuals,,Torts/Individuals,Work/Employment,IP/Identity,0.90,True,True,False,This situation involves physical harm caused by another individual's negligence.
hex1,A,44,Someone spread lies about me that damaged my reputation in the village,Someone spread lies about me that damaged my reputation in the village,Torts/Individuals,,Torts/Individuals,Courts/Legal-System,IP/Identity,0.90,True,True,False,This involves harm caused to an individual's reputation by another person's actions.
hex1,A,45,My neighbor's cattle keep destroying my crops,My neighbor's cattle keep destroying my crops,Torts/Individuals,Land/Property,Land/Property,Torts/Individuals,Estates/Wills,0.90,False,True,True,This situation involves property damage caused by another party's actions.
hex1,A,46,I received a court notice but I don't understand what it is asking me to do,I received a court notice but I don't understand what it is asking me to do,Courts/Legal-System,,Courts/Legal-System,Consumer/Money/Debt,IP/Identity,0.90,True,True,False,The situation involves receiving a court notice and not understanding its requirements.
hex1,A,47,I missed a court date because no one explained when I needed to appear,I missed a court date because no one explained when I needed to appear,Courts/Legal-System,,Courts/Legal-System,Work/Employment,Torts/Individuals,0.95,True,True,False,The situation involves missing a court date due to lack of information about when one is supposed to appear.
hex1,A,48,I don't know how to file a complaint against my employer,I don't know how to file a complaint against my employer,Courts/Legal-System,Work/Employment,Courts/Legal-System,Work/Employment,Consumer/Money/Debt,0.90,True,True,False,"The situation involves not knowing how to file a complaint against an employer, which is related to understanding and navigating the legal system."
hex1,A,49,The police would not register my complaint,The police would not register my complaint,Courts/Legal-System,,Courts/Legal-System,Torts/Individuals,Consumer/Money/Debt,0.90,True,True,False,"The issue involves a problem with the police not registering a complaint, which falls under legal system issues."
hex1,A,50,I was told I need a lawyer but I don't know how to find one,I was told I need a lawyer but I don't know how to find one,Courts/Legal-System,,Courts/Legal-System,Consumer/Money/Debt,Work/Employment,0.90,True,True,False,"The person needs a lawyer and does not know how to find one, which is related to the court system or legal process."
hex1,A,51,Someone opened a loan in my name without my knowledge,Someone opened a loan in my name without my knowledge,IP/Identity,Consumer/Money/Debt,IP/Identity,Consumer/Money/Debt,Torts/Individuals,0.90,True,True,False,This situation involves someone using another person's identity without permission to open a loan.
hex1,A,52,My photo is being used in an advertisement without my permission,My photo is being used in an advertisement without my permission,IP/Identity,,IP/Identity,Torts/Individuals,Courts/Legal-System,0.90,True,True,False,The situation involves the unauthorized use of personal identity without permission.
hex1,A,53,Someone is pretending to be me online to trick my relatives,Someone is pretending to be me online to trick my relatives,IP/Identity,,IP/Identity,Torts/Individuals,Courts/Legal-System,0.90,True,True,False,This situation involves someone using another person's identity without permission to deceive their family members.
hex1,A,54,A shop is using my family's business name without asking,A shop is using my family's business name without asking,IP/Identity,,IP/Identity,Courts/Legal-System,Estates/Wills,0.90,True,True,False,The situation involves someone else using the family's business name without permission.
hex1,A,55,Someone stole the design of the products my family makes and sells,Someone stole the design of the products my family makes and sells,IP/Identity,,IP/Identity,Courts/Legal-System,Land/Property,0.95,True,True,False,The issue involves someone else using the designs made by the family without permission.
hex1,A,56,My father died without a will and my siblings are dividing everything without me,My father died without a will and my siblings are dividing everything without me,Estates/Wills,,Estates/Wills,Land/Property,Courts/Legal-System,0.90,True,True,False,This situation involves inheritance disputes after someone's death.
hex1,A,57,My mother's jewelry was promised to me but my brother took it after she died,My mother's jewelry was promised to me but my brother took it after she died,Estates/Wills,,Estates/Wills,Land/Property,Courts/Legal-System,0.90,True,True,False,This involves an issue related to property or assets being passed down after someone's death.
hex1,A,58,I found out my parents' house was sold after my father's death without our agreement,I found out my parents' house was sold after my father's death without our agreement,Estates/Wills,Land/Property,Land/Property,Courts/Legal-System,Estates/Wills,0.90,False,True,True,This situation involves an issue with real estate and property rights.
hex1,A,59,My uncle is refusing to share the property left by my grandfather,My uncle is refusing to share the property left by my grandfather,Estates/Wills,Land/Property,Estates/Wills,Land/Property,Courts/Legal-System,0.90,True,True,False,The situation involves disputes over property after someone's death.
hex1,A,60,After my husband passed away his family is not letting me stay in our house,After my husband passed away his family is not letting me stay in our house,Estates/Wills,Housing,Estates/Wills,Land/Property,Courts/Legal-System,0.90,True,True,False,This situation involves inheritance and property rights following a family member's death.
hex1,B,41,enkulu nadetonduittinapaga enna baritaklena nayi enna balen cuccind.,My neighbor's dog bit my child while we were walking,Torts/Individuals,,Consumer/Money/Debt,Courts/Legal-System,Land/Property,0.95,False,False,False,The issue involves payment for a utility service (electricity) that was not provided or received.
hex1,B,42,ero enklena untondu ittina karg akd poyer.,Someone crashed into my parked vehicle and drove away,Torts/Individuals,,Consumer/Money/Debt,Courts/Legal-System,Land/Property,0.90,False,False,False,This involves overcharging beyond what was agreed and contract breaches involving payment.
hex1,B,43,onji beledaye enna mitt saman budpad enk tagnd.,A worker dropped something that injured me,Torts/Individuals,,Consumer/Money/Debt,Courts/Legal-System,Estates/Wills,0.90,False,False,False,The situation involves overcharging beyond what was agreed upon for a purchase or service.
hex1,B,44,hallid yera enna bagge sullu pandd enna pudarn hal malter.,Someone spread lies about me that damaged my reputation in the village,Torts/Individuals,,Consumer/Money/Debt,Courts/Legal-System,Estates/Wills,0.90,False,False,False,The situation involves an issue with payment or money owed from an agreement.
hex1,B,45,enna nerekareda aklena pettalu enna pura bulen tindd hal maltnd.,My neighbor's cattle keep destroying my crops,Torts/Individuals,Land/Property,Consumer/Money/Debt,Land/Property,Courts/Legal-System,0.90,False,True,True,"The situation involves overcharging beyond what was agreed upon, which falls under consumer and money-related issues."
hex1,B,46,"enk nyayalayada onji kakaji baidnd, matra ait dada panonduller pandd gottiji.",I received a court notice but I don't understand what it is asking me to do,Courts/Legal-System,,Consumer/Money/Debt,Land/Property,Courts/Legal-System,0.90,False,True,True,"The person is being asked to pay for something that was not agreed upon, likely due to overcharging."
hex1,B,47,"enk nyayalayag popina tarikh tatnd, dayeg panda enk erela epa e podu pandd pandijer.",I missed a court date because no one explained when I needed to appear,Courts/Legal-System,,Consumer/Money/Debt,Courts/Legal-System,Estates/Wills,0.90,False,True,True,The situation involves an issue with payment or money owed from an agreement.
hex1,B,48,enk enna kelsada dhanina mitt enca duru korodu pandd gottiji.,I don't know how to file a complaint against my employer,Courts/Legal-System,Work/Employment,Consumer/Money/Debt,Courts/Legal-System,Estates/Wills,0.90,False,True,True,"The person is facing a problem where they are being charged more than what was agreed upon, likely in a consumer transaction."
hex1,B,49,polis-da akulu enna durun dettonere tayar ijjer.,The police would not register my complaint,Courts/Legal-System,,Housing,Courts/Legal-System,Torts/Individuals,0.90,False,True,True,The situation involves unauthorized entry into a home or dwelling.
hex1,B,50,"enk onji vakil bodu pandd pander, matra enk vakiln enca nadodu pandd gottiji.",I was told I need a lawyer but I don't know how to find one,Courts/Legal-System,,Consumer/Money/Debt,Courts/Legal-System,Estates/Wills,0.90,False,True,True,The person is being charged more than what was agreed upon in a transaction or purchase.
hex1,B,51,enk gottijande yera enna pudard sala dettonyer.,Someone opened a loan in my name without my knowledge,IP/Identity,Consumer/Money/Debt,Consumer/Money/Debt,Courts/Legal-System,Estates/Wills,0.90,False,True,True,"The person is facing a problem where they are being charged more than what was agreed upon, likely in a consumer transaction."
hex1,B,52,enada kenande yera enna photon jahiratud upayoga maltonduller.,My photo is being used in an advertisement without my permission,IP/Identity,,Consumer/Money/Debt,Courts/Legal-System,Estates/Wills,0.90,False,False,False,The situation involves an overcharge beyond what was agreed upon and likely includes issues related to payment or contract breaches involving money.
hex1,B,53,yera ennaleka anlain-d natane maltd enna kutunbadaklen dongi maltonduller.,Someone is pretending to be me online to trick my relatives,IP/Identity,,Consumer/Money/Debt,Land/Property,Work/Employment,0.90,False,False,False,The situation involves a contract breach involving payment and overcharging beyond what was agreed.
hex1,B,54,vova onji angadi enna kutunbada angadida pudaran upayoga maltondundu,A shop is using my family's business name without asking,IP/Identity,,Torts/Individuals,Courts/Legal-System,Work/Employment,0.90,False,False,False,The situation involves someone else's actions causing harm or damage to one's property.
hex1,B,55,enklena kutunba maltd maruna samanda disain-n yera kandder.,Someone stole the design of the products my family makes and sells,IP/Identity,,Consumer/Money/Debt,Land/Property,Work/Employment,0.90,False,False,False,"The person is facing a problem with overcharging beyond what was agreed upon, likely related to a purchase or service."
hex1,B,56,enna popa onji vil budande tir poyi bokka enna megge-palayenakulu enan buddu astin pura pattonduller.,My father died without a will and my siblings are dividing everything without me,Estates/Wills,,Consumer/Money/Debt,Land/Property,Courts/Legal-System,0.95,False,False,False,"The situation involves an overcharge beyond what was agreed upon, which falls under consumer or money-related issues."
hex1,B,57,enna ammana bangar enk korper pand pandi bokka amma tir poyi bokka enna palaye aven pura dettonye.,My mother's jewelry was promised to me but my brother took it after she died,Estates/Wills,,Consumer/Money/Debt,Torts/Individuals,Courts/Legal-System,0.90,False,False,False,The person is facing a problem with overcharging for something they purchased.
hex1,B,58,enna popa tir poyi bokka enna oppige ijjande enna popa-ammana illan maryer pandd gottand.,I found out my parents' house was sold after my father's death without our agreement,Estates/Wills,Land/Property,Consumer/Money/Debt,Courts/Legal-System,Estates/Wills,0.90,False,True,True,The situation involves an issue with payment or money owed from an agreement.
hex1,B,59,"enna mamu, ajjer-na jagan pattere kenondijjer.",My uncle is refusing to share the property left by my grandfather,Estates/Wills,Land/Property,Consumer/Money/Debt,Courts/Legal-System,Estates/Wills,0.90,False,True,True,The situation involves money owed without proper documentation or communication.
hex1,B,60,enna kandani tir poyi bokka enna kandanina kutunbadakulu enan enklena illad kulyere budondijjer.,After my husband passed away his family is not letting me stay in our house,Estates/Wills,Housing,Consumer/Money/Debt,Housing,Work/Employment,0.90,False,True,True,The situation involves an issue with payment or overcharging.
hex1,C_sparse,41,enkulu nadetonduittinapaga enna baritaklena nayi enna balen cuccind.,My neighbor's dog bit my child while we were walking,Torts/Individuals,,Land/Property,Torts/Individuals,Courts/Legal-System,0.90,False,True,True,The person is being asked to pay for something that was taken without permission and refuses to leave.
hex1,C_sparse,42,ero enklena untondu ittina karg akd poyer.,Someone crashed into my parked vehicle and drove away,Torts/Individuals,,Consumer/Money/Debt,Land/Property,Courts/Legal-System,0.90,False,False,False,The situation involves an issue with payment or money owed from an agreement.
hex1,C_sparse,43,onji beledaye enna mitt saman budpad enk tagnd.,A worker dropped something that injured me,Torts/Individuals,,Courts/Legal-System,Consumer/Money/Debt,Land/Property,0.85,False,False,False,The person is asking for help understanding their legal situation which may involve confusion about the court system or where to file a complaint.
hex1,C_sparse,44,hallid yera enna bagge sullu pandd enna pudarn hal malter.,Someone spread lies about me that damaged my reputation in the village,Torts/Individuals,,Torts/Individuals,Land/Property,Housing,0.90,True,True,False,This involves physical harm/damage caused by another person's negligence.
hex1,C_sparse,45,enna nerekareda aklena pettalu enna pura bulen tindd hal maltnd.,My neighbor's cattle keep destroying my crops,Torts/Individuals,Land/Property,PARSE_FAILURE_NO_ANSWER,PARSE_FAILURE_NO_ANSWER,PARSE_FAILURE_NO_ANSWER,0.00,False,False,False,parse error
hex1,C_sparse,46,"enk nyayalayada onji kakaji baidnd, matra ait dada panonduller pandd gottiji.",I received a court notice but I don't understand what it is asking me to do,Courts/Legal-System,,Consumer/Money/Debt,Land/Property,Torts/Individuals,0.90,False,False,False,The person is being charged more than what was agreed upon likely related to a purchase or service.
hex1,C_sparse,47,"enk nyayalayag popina tarikh tatnd, dayeg panda enk erela epa e podu pandd pandijer.",I missed a court date because no one explained when I needed to appear,Courts/Legal-System,,Torts/Individuals,Land/Property,Housing,0.90,False,False,False,This situation involves property damage caused by another person's negligence.
hex1,C_sparse,48,enk enna kelsada dhanina mitt enca duru korodu pandd gottiji.,I don't know how to file a complaint against my employer,Courts/Legal-System,Work/Employment,Consumer/Money/Debt,Land/Property,Courts/Legal-System,0.95,False,True,True,The person is facing a problem with overcharging by a vendor or business.
hex1,C_sparse,49,polis-da akulu enna durun dettonere tayar ijjer.,The police would not register my complaint,Courts/Legal-System,,Housing,Courts/Legal-System,Torts/Individuals,0.95,False,True,True,The situation involves trespassing into a home or dwelling which falls under the Housing category.
hex1,C_sparse,50,"enk onji vakil bodu pandd pander, matra enk vakiln enca nadodu pandd gottiji.",I was told I need a lawyer but I don't know how to find one,Courts/Legal-System,,Courts/Legal-System,Estates/Wills,Land/Property,0.80,True,True,False,The person is asking for help understanding their legal situation and may be confused about which court to go to or where to file a complaint.
hex1,C_sparse,51,enk gottijande yera enna pudard sala dettonyer.,Someone opened a loan in my name without my knowledge,IP/Identity,Consumer/Money/Debt,Consumer/Money/Debt,Courts/Legal-System,Land/Property,0.95,False,True,True,The issue involves payment and agreement between a consumer (the person) and a business or service provider.
hex1,C_sparse,52,enada kenande yera enna photon jahiratud upayoga maltonduller.,My photo is being used in an advertisement without my permission,IP/Identity,,Courts/Legal-System,Torts/Individuals,Estates/Wills,0.90,False,False,False,The person is facing a problem with understanding which court to go to for legal action.
hex1,C_sparse,53,yera ennaleka anlain-d natane maltd enna kutunbadaklen dongi maltonduller.,Someone is pretending to be me online to trick my relatives,IP/Identity,,Consumer/Money/Debt,Torts/Individuals,Courts/Legal-System,0.90,False,False,False,The person is facing a problem with an agreement involving payment and overcharging.
hex1,C_sparse,54,vova onji angadi enna kutunbada angadida pudaran upayoga maltondundu,A shop is using my family's business name without asking,IP/Identity,,Consumer/Money/Debt,Courts/Legal-System,Estates/Wills,0.90,False,False,False,The person is being asked to pay for something that was not agreed upon and feels cheated by this action.
hex1,C_sparse,55,enklena kutunba maltd maruna samanda disain-n yera kandder.,Someone stole the design of the products my family makes and sells,IP/Identity,,Courts/Legal-System,Estates/Wills,Land/Property,0.95,False,False,False,The person is facing a problem with understanding which court to go to for their legal issue.
hex1,C_sparse,56,enna popa onji vil budande tir poyi bokka enna megge-palayenakulu enan buddu astin pura pattonduller.,My father died without a will and my siblings are dividing everything without me,Estates/Wills,,Land/Property,Torts/Individuals,Courts/Legal-System,0.95,False,False,False,The situation involves damage to property (fence) caused by another individual without permission.
hex1,C_sparse,57,enna ammana bangar enk korper pand pandi bokka amma tir poyi bokka enna palaye aven pura dettonye.,My mother's jewelry was promised to me but my brother took it after she died,Estates/Wills,,Torts/Individuals,Land/Property,Courts/Legal-System,0.90,False,False,False,The person is asking for their mother's property to be fixed after it has been damaged by someone else.
hex1,C_sparse,58,enna popa tir poyi bokka enna oppige ijjande enna popa-ammana illan maryer pandd gottand.,I found out my parents' house was sold after my father's death without our agreement,Estates/Wills,Land/Property,Land/Property,Torts/Individuals,Courts/Legal-System,0.90,False,True,True,The situation involves property damage caused by another individual.
hex1,C_sparse,59,"enna mamu, ajjer-na jagan pattere kenondijjer.",My uncle is refusing to share the property left by my grandfather,Estates/Wills,Land/Property,Courts/Legal-System,Estates/Wills,Land/Property,0.85,False,True,True,The individual seems to be confused about their legal situation and which court or where to file a complaint.
hex1,C_sparse,60,enna kandani tir poyi bokka enna kandanina kutunbadakulu enan enklena illad kulyere budondijjer.,After my husband passed away his family is not letting me stay in our house,Estates/Wills,Housing,Consumer/Money/Debt,Housing,Torts/Individuals,0.90,False,True,True,"The situation involves being charged more than what was agreed upon, likely related to a purchase or service."
hex1,C_full,41,enkulu nadetonduittinapaga enna baritaklena nayi enna balen cuccind.,My neighbor's dog bit my child while we were walking,Torts/Individuals,,Land/Property,Torts/Individuals,Courts/Legal-System,0.95,False,True,True,The situation involves an unauthorized entry onto someone's land which is a property rights issue.
hex1,C_full,42,ero enklena untondu ittina karg akd poyer.,Someone crashed into my parked vehicle and drove away,Torts/Individuals,,Consumer/Money/Debt,Housing,Work/Employment,0.90,False,False,False,The situation involves an issue with payment or debt related to a consumer transaction.
hex1,C_full,43,onji beledaye enna mitt saman budpad enk tagnd.,A worker dropped something that injured me,Torts/Individuals,,Land/Property,Torts/Individuals,Courts/Legal-System,0.90,False,True,True,The situation involves someone occupying or taking control of another's property (land) without permission.
hex1,C_full,44,hallid yera enna bagge sullu pandd enna pudarn hal malter.,Someone spread lies about me that damaged my reputation in the village,Torts/Individuals,,Land/Property,Torts/Individuals,Housing,0.95,False,True,True,The situation involves someone entering and damaging the property without permission.
hex1,C_full,45,enna nerekareda aklena pettalu enna pura bulen tindd hal maltnd.,My neighbor's cattle keep destroying my crops,Torts/Individuals,Land/Property,Torts/Individuals,Land/Property,Courts/Legal-System,0.90,True,True,False,This involves physical harm/damage caused by another person's action (trespassing)
hex1,C_full,46,"enk nyayalayada onji kakaji baidnd, matra ait dada panonduller pandd gottiji.",I received a court notice but I don't understand what it is asking me to do,Courts/Legal-System,,Consumer/Money/Debt,Housing,Courts/Legal-System,0.95,False,True,True,The person is facing a problem with overcharging for something they purchased or received.
hex1,C_full,47,"enk nyayalayag popina tarikh tatnd, dayeg panda enk erela epa e podu pandd pandijer.",I missed a court date because no one explained when I needed to appear,Courts/Legal-System,,Land/Property,Courts/Legal-System,Torts/Individuals,0.90,False,True,True,"The issue involves something being taken or missing, which suggests a problem with land or property."
hex1,C_full,48,enk enna kelsada dhanina mitt enca duru korodu pandd gottiji.,I don't know how to file a complaint against my employer,Courts/Legal-System,Work/Employment,Land/Property,Courts/Legal-System,Torts/Individuals,0.90,False,True,True,The person is describing a situation where someone else's property (land) has been taken without permission.
hex1,C_full,49,polis-da akulu enna durun dettonere tayar ijjer.,The police would not register my complaint,Courts/Legal-System,,Housing,Torts/Individuals,Courts/Legal-System,0.90,False,True,True,"The situation involves unauthorized entry into a home, which is related to landlord-tenant disputes or trespassing issues under the Housing category."
hex1,C_full,50,"enk onji vakil bodu pandd pander, matra enk vakiln enca nadodu pandd gottiji.",I was told I need a lawyer but I don't know how to find one,Courts/Legal-System,,Consumer/Money/Debt,Courts/Legal-System,Land/Property,0.90,False,True,True,"The situation involves a dispute over payment or something owed, which falls under the category of Consumer/Money/Debt."
hex1,C_full,51,enk gottijande yera enna pudard sala dettonyer.,Someone opened a loan in my name without my knowledge,IP/Identity,Consumer/Money/Debt,Consumer/Money/Debt,Land/Property,Work/Employment,0.90,False,True,True,The person is facing a problem where they are not receiving payment for something likely a loan or debt.
hex1,C_full,52,enada kenande yera enna photon jahiratud upayoga maltonduller.,My photo is being used in an advertisement without my permission,IP/Identity,,Land/Property,Courts/Legal-System,Torts/Individuals,0.90,False,False,False,The issue involves problems related to land or property rights.
hex1,C_full,53,yera ennaleka anlain-d natane maltd enna kutunbadaklen dongi maltonduller.,Someone is pretending to be me online to trick my relatives,IP/Identity,,Consumer/Money/Debt,Land/Property,Work/Employment,0.90,False,False,False,"The situation involves overcharging beyond what was agreed upon, which falls under consumer and money-related issues."
hex1,C_full,54,vova onji angadi enna kutunbada angadida pudaran upayoga maltondundu,A shop is using my family's business name without asking,IP/Identity,,Housing,Courts/Legal-System,Torts/Individuals,0.90,False,False,False,This involves an unauthorized entry into a dwelling.
hex1,C_full,55,enklena kutunba maltd maruna samanda disain-n yera kandder.,Someone stole the design of the products my family makes and sells,IP/Identity,,Consumer/Money/Debt,Courts/Legal-System,Estates/Wills,0.90,False,False,False,The situation involves a dispute over payment for something that was not agreed upon.
hex1,C_full,56,enna popa onji vil budande tir poyi bokka enna megge-palayenakulu enan buddu astin pura pattonduller.,My father died without a will and my siblings are dividing everything without me,Estates/Wills,,Land/Property,Torts/Individuals,Courts/Legal-System,0.90,False,False,False,The situation involves unauthorized entry into someone's property.
hex1,C_full,57,enna ammana bangar enk korper pand pandi bokka amma tir poyi bokka enna palaye aven pura dettonye.,My mother's jewelry was promised to me but my brother took it after she died,Estates/Wills,,Torts/Individuals,Land/Property,Courts/Legal-System,0.90,False,False,False,The person is asking for their mother's property to be repaired after it has been damaged by someone else.
hex1,C_full,58,enna popa tir poyi bokka enna oppige ijjande enna popa-ammana illan maryer pandd gottand.,I found out my parents' house was sold after my father's death without our agreement,Estates/Wills,Land/Property,Land/Property,Torts/Individuals,Courts/Legal-System,0.90,False,True,True,The person is describing an issue with property being taken without permission and refusing to leave.
hex1,C_full,59,"enna mamu, ajjer-na jagan pattere kenondijjer.",My uncle is refusing to share the property left by my grandfather,Estates/Wills,Land/Property,Land/Property,Courts/Legal-System,Torts/Individuals,0.90,False,True,True,The situation involves someone occupying land without permission and refusing to leave.
hex1,C_full,60,enna kandani tir poyi bokka enna kandanina kutunbadakulu enan enklena illad kulyere budondijjer.,After my husband passed away his family is not letting me stay in our house,Estates/Wills,Housing,Consumer/Money/Debt,Courts/Legal-System,Torts/Individuals,0.90,False,False,False,The situation involves an issue with payment or debt related to a consumer transaction.
hex1,D_sparse,41,ಎಂಕುಲು ನಡೆತೊಂದುಿತ್ತಿನಪಗ ಎನ್ನ ಬರಿತ್ಅಕ್ಲೆನ ನಾಯಿ ಎನ್ನ ಬಾಲೆನ್ ಚೂಚ್ಚಿಂಡ್.,My neighbor's dog bit my child while we were walking,Torts/Individuals,,Torts/Individuals,Land/Property,Courts/Legal-System,0.90,True,True,False,This involves harm caused to an individual by another person's negligence.
hex1,D_sparse,42,ಏರೊ ಎಂಕ್ಲೆನ ಉಂತೋಂದು ಇತ್ತಿನ ಕಾರ್ಗ್ ಆಕ್ದ್ ಪೋಯೆರ್.,Someone crashed into my parked vehicle and drove away,Torts/Individuals,,Land/Property,Courts/Legal-System,Torts/Individuals,0.90,False,True,True,The situation involves trespassing into a home or dwelling.
hex1,D_sparse,43,ಒಂಜಿ ಬೇಲೆದಾಯೆ ಎನ್ನ ಮಿತ್ತ್ ಸಾಮಾನ್ ಬೂಡ್ಪಾದ್ ಎಂಕ್ ತಾಗ್ಂಡ್.,A worker dropped something that injured me,Torts/Individuals,,Land/Property,Torts/Individuals,Courts/Legal-System,0.90,False,True,True,The situation involves property being taken without permission.
hex1,D_sparse,44,ಹಳ್ಳಿಡ್ ಯೇರಾ ಎನ್ನ ಬಾಗ್ಗೆ ಸುಳ್ಳು ಪಂಡ್ಡ್ ಎನ್ನ ಪುದರ್ನ್ ಹಾಳ್ ಮಲ್ತೆರ್.,Someone spread lies about me that damaged my reputation in the village,Torts/Individuals,,Torts/Individuals,Housing,Courts/Legal-System,0.90,True,True,False,This involves personal injury or property damage caused by another individual's negligence.
hex1,D_sparse,45,ಎನ್ನ ನೆರೆಕರೆದ ಅಕ್ಲೆನ ಪೆತ್ತಲು ಎನ್ನ ಪೂರಾ ಬುಳೆನ್ ತಿಂದ್ಡ್ ಹಾಳ್ ಮಲ್ತ್ಂಡ್.,My neighbor's cattle keep destroying my crops,Torts/Individuals,Land/Property,Land/Property,Torts/Individuals,Courts/Legal-System,0.90,False,True,True,The situation involves someone occupying and damaging land without permission.
hex1,D_sparse,46,"ಎಂಕ್ ನ್ಯಾಯಾಲಯದ ಒಂಜಿ ಕಾಕಜಿ ಬೈದ್ಂಡ್, ಮಾತ್ರ ಐಟ್ ದಾದ ಪಣೊಂದುಲ್ಲೆರ್ ಪಂಡ್ಡ್ ಗೊತ್ತಿಜಿ.",I received a court notice but I don't understand what it is asking me to do,Courts/Legal-System,,Courts/Legal-System,Land/Property,Torts/Individuals,0.95,True,True,False,The person is confused about which court to go to and has a complaint that needs to be filed.
hex1,D_sparse,47,"ಎಂಕ್ ನ್ಯಾಯಾಲಯಗ್ ಪೋಪಿನ ತಾರೀಖ್ ತತ್ಂಡ್, ದಾಯೆಗ್ ಪಂಡ ಎಂಕ್ ಏರೇಲಾ ಏಪ ಏ ಪೋಡು ಪಂಡ್ಡ್ ಪಂಡಿಜೆರ್.",I missed a court date because no one explained when I needed to appear,Courts/Legal-System,,Courts/Legal-System,Estates/Wills,Torts/Individuals,0.95,True,True,False,The person is confused about which court to go to and what complaint to file due to their opponent being located in a different place or jurisdiction.
hex1,D_sparse,48,ಎಂಕ್ ಎನ್ನ ಕೆಲ್ಸದ ಧನಿನ ಮಿತ್ತ್ ಎಂಚ ದೂರು ಕೊರೋಡು ಪಂಡ್ಡ್ ಗೊತ್ತಿಜಿ.,I don't know how to file a complaint against my employer,Courts/Legal-System,Work/Employment,Housing,Consumer/Money/Debt,Work/Employment,0.90,False,True,True,The issue involves a dispute with the landlord regarding the return of the security deposit.
hex1,D_sparse,49,ಪೊಲೀಸ್-ದ ಅಕುಲು ಎನ್ನ ದೂರುನ್ ದೆತ್ತೊನೆರೆ ತಯಾರ್ ಇಜ್ಜೆರ್.,The police would not register my complaint,Courts/Legal-System,,Courts/Legal-System,Torts/Individuals,Housing,0.90,True,True,False,The person has reported an incident to the police but there is no response or action taken by the police department.
hex1,D_sparse,50,"ಎಂಕ್ ಒಂಜಿ ವಕೀಲ್ ಬೋಡು ಪಂಡ್ಡ್ ಪಂಡೆರ್, ಮಾತ್ರ ಎಂಕ್ ವಕೀಲ್ನ್ ಎಂಚ ನಾಡೋಡು ಪಂಡ್ಡ್ ಗೊತ್ತಿಜಿ.",I was told I need a lawyer but I don't know how to find one,Courts/Legal-System,,Work/Employment,Consumer/Money/Debt,Torts/Individuals,0.95,False,False,False,The dispute involves a lawyer-client relationship and the termination of an agreement without cause.
hex1,D_sparse,51,ಎಂಕ್ ಗೊತ್ತಿಜಂದೇ ಯೇರಾ ಎನ್ನ ಪುದರ್ಡ್ ಸಾಲ ದೆತ್ತೊನ್ಯೆರ್.,Someone opened a loan in my name without my knowledge,IP/Identity,Consumer/Money/Debt,Land/Property,Estates/Wills,Courts/Legal-System,0.95,False,False,False,The situation involves someone taking property without permission.
hex1,D_sparse,52,ಎನಡ ಕೇನಂದೇ ಯೇರಾ ಎನ್ನ ಫೋಟೋನ್ ಜಾಹೀರಾತುಡ್ ಉಪಯೋಗ ಮಲ್ತೊಂದುಲ್ಲೆರ್.,My photo is being used in an advertisement without my permission,IP/Identity,,IP/Identity,Courts/Legal-System,Torts/Individuals,0.95,True,True,False,The situation involves someone using the person's name without permission for commercial purposes.
hex1,D_sparse,53,ಯೇರಾ ಎನ್ನಲೆಕ ಆನ್‌ಲೈನ್-ಡ್ ನಟನೆ ಮಲ್ತ್ಡ್ ಎನ್ನ ಕುಟುಂಬದಕ್ಲೆನ್ ಡೋಂಗಿ ಮಲ್ತೊಂದುಲ್ಲೆರ್.,Someone is pretending to be me online to trick my relatives,IP/Identity,,Land/Property,Courts/Legal-System,Estates/Wills,0.90,False,False,False,The situation involves someone taking land or property without permission.
hex1,D_sparse,54,ವೊವಾ ಒಂಜಿ ಅಂಗಡಿ ಎನ್ನ ಕುಟುಂಬದ ಅಂಗಡಿದ ಪುದರನ್ ಉಪಯೋಗ ಮಲ್ತೊಂದುಂಡು,A shop is using my family's business name without asking,IP/Identity,,Land/Property,Torts/Individuals,Work/Employment,0.90,False,False,False,The situation involves someone using property (the family's store) without permission.
hex1,D_sparse,55,ಎಂಕ್ಲೆನ ಕುಟುಂಬ ಮಲ್ತ್ಡ್ ಮಾರುನ ಸಾಮಾಂದ ಡಿಸೈನ್-ನ್ ಯೇರಾ ಕಂಡ್ದೆರ್.,Someone stole the design of the products my family makes and sells,IP/Identity,,Land/Property,Courts/Legal-System,Torts/Individuals,0.95,False,False,False,This situation involves someone taking land or property without permission.
hex1,D_sparse,56,ಎನ್ನ ಪೋಪ ಒಂಜಿ ವಿಲ್ ಬುಡಂದೇ ತೀರ್ ಪೋಯಿ ಬೊಕ್ಕ ಎನ್ನ ಮೆಗ್ಗೆ-ಪಲಯೆನಕುಲು ಎನನ್ ಬುಡ್ಡು ಆಸ್ತಿನ್ ಪೂರಾ ಪಟ್ಟೋಂದುಲ್ಲೆರ್.,My father died without a will and my siblings are dividing everything without me,Estates/Wills,,Torts/Individuals,Land/Property,Courts/Legal-System,0.90,False,False,False,This involves harm/damage caused by another person's action.
hex1,D_sparse,57,ಎನ್ನ ಅಮ್ಮನ ಬಂಗಾರ್ ಎಂಕ್ ಕೊರ್ಪೆರ್ ಪಂಡ್ ಪಂಡಿ ಬೊಕ್ಕ ಅಮ್ಮ ತೀರ್ ಪೋಯಿ ಬೊಕ್ಕ ಎನ್ನ ಪಲಯೆ ಅವೆನ್ ಪೂರಾ ದೆತ್ತೊನ್ಯೆ.,My mother's jewelry was promised to me but my brother took it after she died,Estates/Wills,,IP/Identity,Torts/Individuals,Land/Property,0.95,False,False,False,The situation involves a mother's gold ring being taken without permission likely using the identity of the person who took it.
hex1,D_sparse,58,ಎನ್ನ ಪೋಪ ತೀರ್ ಪೋಯಿ ಬೊಕ್ಕ ಎನ್ನ ಒಪ್ಪಿಗೆ ಇಜ್ಜಂದೆ ಎನ್ನ ಪೋಪ-ಅಮ್ಮನ ಇಲ್ಲನ್ ಮಾರ್ಯೆರ್ ಪಂಡ್ಡ್ ಗೊತ್ತಾಂಡ್.,I found out my parents' house was sold after my father's death without our agreement,Estates/Wills,Land/Property,Courts/Legal-System,Land/Property,Torts/Individuals,0.80,False,True,True,The situation involves uncertainty about which court to go to or where to file a complaint.
hex1,D_sparse,59,"ಎನ್ನ ಮಾಮು, ಅಜ್ಜೆರ್-ನ ಜಾಗನ್ ಪಟ್ಟೆರೆ ಕೇನೋಂದಿಜ್ಜೆರ್.",My uncle is refusing to share the property left by my grandfather,Estates/Wills,Land/Property,Land/Property,Torts/Individuals,Courts/Legal-System,0.90,False,True,True,The situation involves someone occupying land without permission.
hex1,D_sparse,60,ಎನ್ನ ಕಂಡನಿ ತೀರ್ ಪೋಯಿ ಬೊಕ್ಕ ಎನ್ನ ಕಂಡನಿನ ಕುಟುಂಬದಕುಲು ಎನನ್ ಎಂಕ್ಲೆನ ಇಲ್ಲಡ್ ಕುಲ್ಯೆರೆ ಬುಡೋಂದಿಜ್ಜೆರ್.,After my husband passed away his family is not letting me stay in our house,Estates/Wills,Housing,Estates/Wills,Land/Property,Courts/Legal-System,0.90,True,True,False,"The issue involves property that was meant for the person after someone's death, which is related to inheritance disputes."
hex1,D_full,41,ಎಂಕುಲು ನಡೆತೊಂದುಿತ್ತಿನಪಗ ಎನ್ನ ಬರಿತ್ಅಕ್ಲೆನ ನಾಯಿ ಎನ್ನ ಬಾಲೆನ್ ಚೂಚ್ಚಿಂಡ್.,My neighbor's dog bit my child while we were walking,Torts/Individuals,,Courts/Legal-System,Torts/Individuals,Land/Property,0.90,False,True,True,The situation involves legal action taken by the owner to recover their lost pet.
hex1,D_full,42,ಏರೊ ಎಂಕ್ಲೆನ ಉಂತೋಂದು ಇತ್ತಿನ ಕಾರ್ಗ್ ಆಕ್ದ್ ಪೋಯೆರ್.,Someone crashed into my parked vehicle and drove away,Torts/Individuals,,Land/Property,Torts/Individuals,Courts/Legal-System,0.90,False,True,True,This involves someone entering your property or dwelling without permission.
hex1,D_full,43,ಒಂಜಿ ಬೇಲೆದಾಯೆ ಎನ್ನ ಮಿತ್ತ್ ಸಾಮಾನ್ ಬೂಡ್ಪಾದ್ ಎಂಕ್ ತಾಗ್ಂಡ್.,A worker dropped something that injured me,Torts/Individuals,,Torts/Individuals,Land/Property,Housing,0.90,True,True,False,This involves harm caused by another individual's negligence.
hex1,D_full,44,ಹಳ್ಳಿಡ್ ಯೇರಾ ಎನ್ನ ಬಾಗ್ಗೆ ಸುಳ್ಳು ಪಂಡ್ಡ್ ಎನ್ನ ಪುದರ್ನ್ ಹಾಳ್ ಮಲ್ತೆರ್.,Someone spread lies about me that damaged my reputation in the village,Torts/Individuals,,IP/Identity,Torts/Individuals,Courts/Legal-System,0.95,False,True,True,The situation involves misuse of personal or business identity.
hex1,D_full,45,ಎನ್ನ ನೆರೆಕರೆದ ಅಕ್ಲೆನ ಪೆತ್ತಲು ಎನ್ನ ಪೂರಾ ಬುಳೆನ್ ತಿಂದ್ಡ್ ಹಾಳ್ ಮಲ್ತ್ಂಡ್.,My neighbor's cattle keep destroying my crops,Torts/Individuals,Land/Property,Torts/Individuals,Land/Property,Work/Employment,0.95,True,True,False,This involves harm caused by another individual to the person's property.
hex1,D_full,46,"ಎಂಕ್ ನ್ಯಾಯಾಲಯದ ಒಂಜಿ ಕಾಕಜಿ ಬೈದ್ಂಡ್, ಮಾತ್ರ ಐಟ್ ದಾದ ಪಣೊಂದುಲ್ಲೆರ್ ಪಂಡ್ಡ್ ಗೊತ್ತಿಜಿ.",I received a court notice but I don't understand what it is asking me to do,Courts/Legal-System,,Courts/Legal-System,Estates/Wills,IP/Identity,0.95,True,True,False,The person is confused about which court to go to and where to file their complaint.
hex1,D_full,47,"ಎಂಕ್ ನ್ಯಾಯಾಲಯಗ್ ಪೋಪಿನ ತಾರೀಖ್ ತತ್ಂಡ್, ದಾಯೆಗ್ ಪಂಡ ಎಂಕ್ ಏರೇಲಾ ಏಪ ಏ ಪೋಡು ಪಂಡ್ಡ್ ಪಂಡಿಜೆರ್.",I missed a court date because no one explained when I needed to appear,Courts/Legal-System,,Courts/Legal-System,Estates/Wills,Torts/Individuals,0.95,True,True,False,The person is confused about which court to go to and not knowing where to file a complaint.
hex1,D_full,48,ಎಂಕ್ ಎನ್ನ ಕೆಲ್ಸದ ಧನಿನ ಮಿತ್ತ್ ಎಂಚ ದೂರು ಕೊರೋಡು ಪಂಡ್ಡ್ ಗೊತ್ತಿಜಿ.,I don't know how to file a complaint against my employer,Courts/Legal-System,Work/Employment,Estates/Wills,Courts/Legal-System,Consumer/Money/Debt,0.80,False,True,True,The situation involves not receiving property or assets as intended after a family member's death.
hex1,D_full,49,ಪೊಲೀಸ್-ದ ಅಕುಲು ಎನ್ನ ದೂರುನ್ ದೆತ್ತೊನೆರೆ ತಯಾರ್ ಇಜ್ಜೆರ್.,The police would not register my complaint,Courts/Legal-System,,Courts/Legal-System,Torts/Individuals,Housing,0.90,True,True,False,"The situation involves reporting an incident to the police and not receiving any response or action from them, which is related to confusion about which court to go to and where to file a complaint."
hex1,D_full,50,"ಎಂಕ್ ಒಂಜಿ ವಕೀಲ್ ಬೋಡು ಪಂಡ್ಡ್ ಪಂಡೆರ್, ಮಾತ್ರ ಎಂಕ್ ವಕೀಲ್ನ್ ಎಂಚ ನಾಡೋಡು ಪಂಡ್ಡ್ ಗೊತ್ತಿಜಿ.",I was told I need a lawyer but I don't know how to find one,Courts/Legal-System,,Courts/Legal-System,Consumer/Money/Debt,IP/Identity,0.90,True,True,False,The situation involves a lawyer and something going wrong with their actions which may require legal understanding or action.
hex1,D_full,51,ಎಂಕ್ ಗೊತ್ತಿಜಂದೇ ಯೇರಾ ಎನ್ನ ಪುದರ್ಡ್ ಸಾಲ ದೆತ್ತೊನ್ಯೆರ್.,Someone opened a loan in my name without my knowledge,IP/Identity,Consumer/Money/Debt,Consumer/Money/Debt,Estates/Wills,Courts/Legal-System,0.95,False,True,True,The situation involves a dispute over money owed but not paid.
hex1,D_full,52,ಎನಡ ಕೇನಂದೇ ಯೇರಾ ಎನ್ನ ಫೋಟೋನ್ ಜಾಹೀರಾತುಡ್ ಉಪಯೋಗ ಮಲ್ತೊಂದುಲ್ಲೆರ್.,My photo is being used in an advertisement without my permission,IP/Identity,,IP/Identity,Courts/Legal-System,Torts/Individuals,0.90,True,True,False,The situation involves someone using the person's name without permission and selling things under it.
hex1,D_full,53,ಯೇರಾ ಎನ್ನಲೆಕ ಆನ್‌ಲೈನ್-ಡ್ ನಟನೆ ಮಲ್ತ್ಡ್ ಎನ್ನ ಕುಟುಂಬದಕ್ಲೆನ್ ಡೋಂಗಿ ಮಲ್ತೊಂದುಲ್ಲೆರ್.,Someone is pretending to be me online to trick my relatives,IP/Identity,,Estates/Wills,Land/Property,Courts/Legal-System,0.90,False,False,False,The situation involves an issue related to inheritance or property distribution after someone's death.
hex1,D_full,54,ವೊವಾ ಒಂಜಿ ಅಂಗಡಿ ಎನ್ನ ಕುಟುಂಬದ ಅಂಗಡಿದ ಪುದರನ್ ಉಪಯೋಗ ಮಲ್ತೊಂದುಂಡು,A shop is using my family's business name without asking,IP/Identity,,IP/Identity,Land/Property,Torts/Individuals,0.90,True,True,False,It involves someone using the person's name without permission.
hex1,D_full,55,ಎಂಕ್ಲೆನ ಕುಟುಂಬ ಮಲ್ತ್ಡ್ ಮಾರುನ ಸಾಮಾಂದ ಡಿಸೈನ್-ನ್ ಯೇರಾ ಕಂಡ್ದೆರ್.,Someone stole the design of the products my family makes and sells,IP/Identity,,Estates/Wills,Land/Property,Torts/Individuals,0.90,False,False,False,This involves an inheritance dispute after a family member's death.
hex1,D_full,56,ಎನ್ನ ಪೋಪ ಒಂಜಿ ವಿಲ್ ಬುಡಂದೇ ತೀರ್ ಪೋಯಿ ಬೊಕ್ಕ ಎನ್ನ ಮೆಗ್ಗೆ-ಪಲಯೆನಕುಲು ಎನನ್ ಬುಡ್ಡು ಆಸ್ತಿನ್ ಪೂರಾ ಪಟ್ಟೋಂದುಲ್ಲೆರ್.,My father died without a will and my siblings are dividing everything without me,Estates/Wills,,Torts/Individuals,Land/Property,Courts/Legal-System,0.90,False,False,False,This involves harm/damage caused by another individual's action.
hex1,D_full,57,ಎನ್ನ ಅಮ್ಮನ ಬಂಗಾರ್ ಎಂಕ್ ಕೊರ್ಪೆರ್ ಪಂಡ್ ಪಂಡಿ ಬೊಕ್ಕ ಅಮ್ಮ ತೀರ್ ಪೋಯಿ ಬೊಕ್ಕ ಎನ್ನ ಪಲಯೆ ಅವೆನ್ ಪೂರಾ ದೆತ್ತೊನ್ಯೆ.,My mother's jewelry was promised to me but my brother took it after she died,Estates/Wills,,IP/Identity,Torts/Individuals,Land/Property,0.90,False,False,False,"The situation involves an item being taken without permission, which could relate to identity theft or misuse of personal property."
hex1,D_full,58,ಎನ್ನ ಪೋಪ ತೀರ್ ಪೋಯಿ ಬೊಕ್ಕ ಎನ್ನ ಒಪ್ಪಿಗೆ ಇಜ್ಜಂದೆ ಎನ್ನ ಪೋಪ-ಅಮ್ಮನ ಇಲ್ಲನ್ ಮಾರ್ಯೆರ್ ಪಂಡ್ಡ್ ಗೊತ್ತಾಂಡ್.,I found out my parents' house was sold after my father's death without our agreement,Estates/Wills,Land/Property,Torts/Individuals,Housing,Land/Property,0.90,False,True,True,This involves physical harm/damage caused by another person's action (entry into the house without permission)
hex1,D_full,59,"ಎನ್ನ ಮಾಮು, ಅಜ್ಜೆರ್-ನ ಜಾಗನ್ ಪಟ್ಟೆರೆ ಕೇನೋಂದಿಜ್ಜೆರ್.",My uncle is refusing to share the property left by my grandfather,Estates/Wills,Land/Property,Land/Property,Courts/Legal-System,Estates/Wills,0.90,False,True,True,The situation involves someone occupying land without permission.
hex1,D_full,60,ಎನ್ನ ಕಂಡನಿ ತೀರ್ ಪೋಯಿ ಬೊಕ್ಕ ಎನ್ನ ಕಂಡನಿನ ಕುಟುಂಬದಕುಲು ಎನನ್ ಎಂಕ್ಲೆನ ಇಲ್ಲಡ್ ಕುಲ್ಯೆರೆ ಬುಡೋಂದಿಜ್ಜೆರ್.,After my husband passed away his family is not letting me stay in our house,Estates/Wills,Housing,Estates/Wills,Land/Property,Courts/Legal-System,0.90,True,True,False,The situation involves an inheritance dispute after someone's death.
hex1,E_sparse,41,ಎಂಕುಲು ನಡೆತೊಂದುಿತ್ತಿನಪಗ ಎನ್ನ ಬರಿತ್ಅಕ್ಲೆನ ನಾಯಿ ಎನ್ನ ಬಾಲೆನ್ ಚೂಚ್ಚಿಂಡ್.,My neighbor's dog bit my child while we were walking,Torts/Individuals,,Torts/Individuals,Land/Property,Courts/Legal-System,0.90,True,True,False,This involves personal injury caused by another person's animal.
hex1,E_sparse,42,ಏರೊ ಎಂಕ್ಲೆನ ಉಂತೋಂದು ಇತ್ತಿನ ಕಾರ್ಗ್ ಆಕ್ದ್ ಪೋಯೆರ್.,Someone crashed into my parked vehicle and drove away,Torts/Individuals,,Consumer/Money/Debt,Torts/Individuals,Courts/Legal-System,0.90,False,True,True,This involves a dispute over payment for something that was agreed upon.
hex1,E_sparse,43,ಒಂಜಿ ಬೇಲೆದಾಯೆ ಎನ್ನ ಮಿತ್ತ್ ಸಾಮಾನ್ ಬೂಡ್ಪಾದ್ ಎಂಕ್ ತಾಗ್ಂಡ್.,A worker dropped something that injured me,Torts/Individuals,,Housing,Consumer/Money/Debt,Land/Property,0.90,False,False,False,The situation involves a dispute between the tenant and the landlord regarding security money.
hex1,E_sparse,44,ಹಳ್ಳಿಡ್ ಯೇರಾ ಎನ್ನ ಬಾಗ್ಗೆ ಸುಳ್ಳು ಪಂಡ್ಡ್ ಎನ್ನ ಪುದರ್ನ್ ಹಾಳ್ ಮಲ್ತೆರ್.,Someone spread lies about me that damaged my reputation in the village,Torts/Individuals,,Courts/Legal-System,Torts/Individuals,IP/Identity,0.90,False,True,True,This situation involves legal issues related to false statements or misrepresentation.
hex1,E_sparse,45,ಎನ್ನ ನೆರೆಕರೆದ ಅಕ್ಲೆನ ಪೆತ್ತಲು ಎನ್ನ ಪೂರಾ ಬುಳೆನ್ ತಿಂದ್ಡ್ ಹಾಳ್ ಮಲ್ತ್ಂಡ್.,My neighbor's cattle keep destroying my crops,Torts/Individuals,Land/Property,Torts/Individuals,Land/Property,Housing,0.90,True,True,False,This involves physical harm/damage caused by another person's action.
hex1,E_sparse,46,"ಎಂಕ್ ನ್ಯಾಯಾಲಯದ ಒಂಜಿ ಕಾಕಜಿ ಬೈದ್ಂಡ್, ಮಾತ್ರ ಐಟ್ ದಾದ ಪಣೊಂದುಲ್ಲೆರ್ ಪಂಡ್ಡ್ ಗೊತ್ತಿಜಿ.",I received a court notice but I don't understand what it is asking me to do,Courts/Legal-System,,Courts/Legal-System,Work/Employment,Land/Property,0.90,True,True,False,The person is confused about which court to go to and what to do next.
hex1,E_sparse,47,"ಎಂಕ್ ನ್ಯಾಯಾಲಯಗ್ ಪೋಪಿನ ತಾರೀಖ್ ತತ್ಂಡ್, ದಾಯೆಗ್ ಪಂಡ ಎಂಕ್ ಏರೇಲಾ ಏಪ ಏ ಪೋಡು ಪಂಡ್ಡ್ ಪಂಡಿಜೆರ್.",I missed a court date because no one explained when I needed to appear,Courts/Legal-System,,Courts/Legal-System,Land/Property,Torts/Individuals,0.90,True,True,False,The issue involves a court hearing and the inability to attend due to illness.
hex1,E_sparse,48,ಎಂಕ್ ಎನ್ನ ಕೆಲ್ಸದ ಧನಿನ ಮಿತ್ತ್ ಎಂಚ ದೂರು ಕೊರೋಡು ಪಂಡ್ಡ್ ಗೊತ್ತಿಜಿ.,I don't know how to file a complaint against my employer,Courts/Legal-System,Work/Employment,Housing,Consumer/Money/Debt,Work/Employment,0.90,False,True,True,The issue seems to be related to a landlord-tenant dispute.
hex1,E_sparse,49,ಪೊಲೀಸ್-ದ ಅಕುಲು ಎನ್ನ ದೂರುನ್ ದೆತ್ತೊನೆರೆ ತಯಾರ್ ಇಜ್ಜೆರ್.,The police would not register my complaint,Courts/Legal-System,,Torts/Individuals,Land/Property,Courts/Legal-System,0.95,False,True,True,This involves physical harm/damage caused by another person's action.
hex1,E_sparse,50,"ಎಂಕ್ ಒಂಜಿ ವಕೀಲ್ ಬೋಡು ಪಂಡ್ಡ್ ಪಂಡೆರ್, ಮಾತ್ರ ಎಂಕ್ ವಕೀಲ್ನ್ ಎಂಚ ನಾಡೋಡು ಪಂಡ್ಡ್ ಗೊತ್ತಿಜಿ.",I was told I need a lawyer but I don't know how to find one,Courts/Legal-System,,Land/Property,Courts/Legal-System,Work/Employment,0.90,False,True,True,The situation involves returning something to someone else's property.
hex1,E_sparse,51,ಎಂಕ್ ಗೊತ್ತಿಜಂದೇ ಯೇರಾ ಎನ್ನ ಪುದರ್ಡ್ ಸಾಲ ದೆತ್ತೊನ್ಯೆರ್.,Someone opened a loan in my name without my knowledge,IP/Identity,Consumer/Money/Debt,Land/Property,Torts/Individuals,Courts/Legal-System,0.90,False,False,False,"This category directly addresses issues related to property and land rights, which fits the situation of someone taking your land without permission."
hex1,E_sparse,52,ಎನಡ ಕೇನಂದೇ ಯೇರಾ ಎನ್ನ ಫೋಟೋನ್ ಜಾಹೀರಾತುಡ್ ಉಪಯೋಗ ಮಲ್ತೊಂದುಲ್ಲೆರ್.,My photo is being used in an advertisement without my permission,IP/Identity,,IP/Identity,Torts/Individuals,Courts/Legal-System,0.90,True,True,False,This situation involves the unauthorized use of a person's photo for advertising purposes.
hex1,E_sparse,53,ಯೇರಾ ಎನ್ನಲೆಕ ಆನ್‌ಲೈನ್-ಡ್ ನಟನೆ ಮಲ್ತ್ಡ್ ಎನ್ನ ಕುಟುಂಬದಕ್ಲೆನ್ ಡೋಂಗಿ ಮಲ್ತೊಂದುಲ್ಲೆರ್.,Someone is pretending to be me online to trick my relatives,IP/Identity,,Estates/Wills,Land/Property,Courts/Legal-System,0.95,False,False,False,This involves inheritance disputes and land or assets disputed after someone passes away.
hex1,E_sparse,54,ವೊವಾ ಒಂಜಿ ಅಂಗಡಿ ಎನ್ನ ಕುಟುಂಬದ ಅಂಗಡಿದ ಪುದರನ್ ಉಪಯೋಗ ಮಲ್ತೊಂದುಂಡು,A shop is using my family's business name without asking,IP/Identity,,Land/Property,IP/Identity,Courts/Legal-System,0.90,False,True,True,It involves someone using another party's property (the store) without permission and possibly causing an issue with land use or occupation.
hex1,E_sparse,55,ಎಂಕ್ಲೆನ ಕುಟುಂಬ ಮಲ್ತ್ಡ್ ಮಾರುನ ಸಾಮಾಂದ ಡಿಸೈನ್-ನ್ ಯೇರಾ ಕಂಡ್ದೆರ್.,Someone stole the design of the products my family makes and sells,IP/Identity,,Land/Property,Torts/Individuals,Estates/Wills,0.80,False,False,False,This category involves someone occupying or altering land without permission.
hex1,E_sparse,56,ಎನ್ನ ಪೋಪ ಒಂಜಿ ವಿಲ್ ಬುಡಂದೇ ತೀರ್ ಪೋಯಿ ಬೊಕ್ಕ ಎನ್ನ ಮೆಗ್ಗೆ-ಪಲಯೆನಕುಲು ಎನನ್ ಬುಡ್ಡು ಆಸ್ತಿನ್ ಪೂರಾ ಪಟ್ಟೋಂದುಲ್ಲೆರ್.,My father died without a will and my siblings are dividing everything without me,Estates/Wills,,Land/Property,Estates/Wills,Courts/Legal-System,0.90,False,True,True,The issue involves someone occupying or taking control of another person's land without permission.
hex1,E_sparse,57,ಎನ್ನ ಅಮ್ಮನ ಬಂಗಾರ್ ಎಂಕ್ ಕೊರ್ಪೆರ್ ಪಂಡ್ ಪಂಡಿ ಬೊಕ್ಕ ಅಮ್ಮ ತೀರ್ ಪೋಯಿ ಬೊಕ್ಕ ಎನ್ನ ಪಲಯೆ ಅವೆನ್ ಪೂರಾ ದೆತ್ತೊನ್ಯೆ.,My mother's jewelry was promised to me but my brother took it after she died,Estates/Wills,,Estates/Wills,Courts/Legal-System,IP/Identity,0.90,True,True,False,This involves property (jewelry) being taken without permission.
hex1,E_sparse,58,ಎನ್ನ ಪೋಪ ತೀರ್ ಪೋಯಿ ಬೊಕ್ಕ ಎನ್ನ ಒಪ್ಪಿಗೆ ಇಜ್ಜಂದೆ ಎನ್ನ ಪೋಪ-ಅಮ್ಮನ ಇಲ್ಲನ್ ಮಾರ್ಯೆರ್ ಪಂಡ್ಡ್ ಗೊತ್ತಾಂಡ್.,I found out my parents' house was sold after my father's death without our agreement,Estates/Wills,Land/Property,Estates/Wills,Land/Property,Courts/Legal-System,0.90,True,True,False,The situation involves inheritance disputes after someone's death.
hex1,E_sparse,59,"ಎನ್ನ ಮಾಮು, ಅಜ್ಜೆರ್-ನ ಜಾಗನ್ ಪಟ್ಟೆರೆ ಕೇನೋಂದಿಜ್ಜೆರ್.",My uncle is refusing to share the property left by my grandfather,Estates/Wills,Land/Property,Land/Property,Estates/Wills,Courts/Legal-System,0.90,False,True,True,This category fits because it involves someone occupying land without permission and refusing to leave.
hex1,E_sparse,60,ಎನ್ನ ಕಂಡನಿ ತೀರ್ ಪೋಯಿ ಬೊಕ್ಕ ಎನ್ನ ಕಂಡನಿನ ಕುಟುಂಬದಕುಲು ಎನನ್ ಎಂಕ್ಲೆನ ಇಲ್ಲಡ್ ಕುಲ್ಯೆರೆ ಬುಡೋಂದಿಜ್ಜೆರ್.,After my husband passed away his family is not letting me stay in our house,Estates/Wills,Housing,Estates/Wills,Land/Property,Courts/Legal-System,0.90,True,True,False,Inheritance disputes after a family member's death
hex1,E_full,41,ಎಂಕುಲು ನಡೆತೊಂದುಿತ್ತಿನಪಗ ಎನ್ನ ಬರಿತ್ಅಕ್ಲೆನ ನಾಯಿ ಎನ್ನ ಬಾಲೆನ್ ಚೂಚ್ಚಿಂಡ್.,My neighbor's dog bit my child while we were walking,Torts/Individuals,,Torts/Individuals,Land/Property,Courts/Legal-System,0.90,True,True,False,Physical harm/damage caused by another individual - the dog
hex1,E_full,42,ಏರೊ ಎಂಕ್ಲೆನ ಉಂತೋಂದು ಇತ್ತಿನ ಕಾರ್ಗ್ ಆಕ್ದ್ ಪೋಯೆರ್.,Someone crashed into my parked vehicle and drove away,Torts/Individuals,,Torts/Individuals,Land/Property,Housing,0.90,True,True,False,This involves physical harm/damage caused by another person's action.
hex1,E_full,43,ಒಂಜಿ ಬೇಲೆದಾಯೆ ಎನ್ನ ಮಿತ್ತ್ ಸಾಮಾನ್ ಬೂಡ್ಪಾದ್ ಎಂಕ್ ತಾಗ್ಂಡ್.,A worker dropped something that injured me,Torts/Individuals,,Torts/Individuals,Land/Property,Work/Employment,0.90,True,True,False,This involves property damage caused by another individual.
hex1,E_full,44,ಹಳ್ಳಿಡ್ ಯೇರಾ ಎನ್ನ ಬಾಗ್ಗೆ ಸುಳ್ಳು ಪಂಡ್ಡ್ ಎನ್ನ ಪುದರ್ನ್ ಹಾಳ್ ಮಲ್ತೆರ್.,Someone spread lies about me that damaged my reputation in the village,Torts/Individuals,,IP/Identity,Torts/Individuals,Courts/Legal-System,0.90,False,True,True,The use of someone's name without permission suggests an identity-related issue.
hex1,E_full,45,ಎನ್ನ ನೆರೆಕರೆದ ಅಕ್ಲೆನ ಪೆತ್ತಲು ಎನ್ನ ಪೂರಾ ಬುಳೆನ್ ತಿಂದ್ಡ್ ಹಾಳ್ ಮಲ್ತ್ಂಡ್.,My neighbor's cattle keep destroying my crops,Torts/Individuals,Land/Property,Torts/Individuals,Land/Property,IP/Identity,0.90,True,True,False,"Physical harm/damage caused by another person - specifically, the neighbor cutting down a tree and damaging the house."
hex1,E_full,46,"ಎಂಕ್ ನ್ಯಾಯಾಲಯದ ಒಂಜಿ ಕಾಕಜಿ ಬೈದ್ಂಡ್, ಮಾತ್ರ ಐಟ್ ದಾದ ಪಣೊಂದುಲ್ಲೆರ್ ಪಂಡ್ಡ್ ಗೊತ್ತಿಜಿ.",I received a court notice but I don't understand what it is asking me to do,Courts/Legal-System,,Courts/Legal-System,IP/Identity,Land/Property,0.90,True,True,False,The person is confused about which court to go to and cannot understand what a document said.
hex1,E_full,47,"ಎಂಕ್ ನ್ಯಾಯಾಲಯಗ್ ಪೋಪಿನ ತಾರೀಖ್ ತತ್ಂಡ್, ದಾಯೆಗ್ ಪಂಡ ಎಂಕ್ ಏರೇಲಾ ಏಪ ಏ ಪೋಡು ಪಂಡ್ಡ್ ಪಂಡಿಜೆರ್.",I missed a court date because no one explained when I needed to appear,Courts/Legal-System,,Courts/Legal-System,IP/Identity,Estates/Wills,0.90,True,True,False,The situation involves confusion about which court to go to and where to file a complaint.
hex1,E_full,48,ಎಂಕ್ ಎನ್ನ ಕೆಲ್ಸದ ಧನಿನ ಮಿತ್ತ್ ಎಂಚ ದೂರು ಕೊರೋಡು ಪಂಡ್ಡ್ ಗೊತ್ತಿಜಿ.,I don't know how to file a complaint against my employer,Courts/Legal-System,Work/Employment,Housing,Consumer/Money/Debt,Work/Employment,0.90,False,True,True,This situation involves a landlord-tenant relationship and an issue with the return of a deposit.
hex1,E_full,49,ಪೊಲೀಸ್-ದ ಅಕುಲು ಎನ್ನ ದೂರುನ್ ದೆತ್ತೊನೆರೆ ತಯಾರ್ ಇಜ್ಜೆರ್.,The police would not register my complaint,Courts/Legal-System,,Land/Property,Torts/Individuals,Courts/Legal-System,0.90,False,True,True,This situation involves someone reporting that their property has been taken without permission which is a land or property issue.
hex1,E_full,50,"ಎಂಕ್ ಒಂಜಿ ವಕೀಲ್ ಬೋಡು ಪಂಡ್ಡ್ ಪಂಡೆರ್, ಮಾತ್ರ ಎಂಕ್ ವಕೀಲ್ನ್ ಎಂಚ ನಾಡೋಡು ಪಂಡ್ಡ್ ಗೊತ್ತಿಜಿ.",I was told I need a lawyer but I don't know how to find one,Courts/Legal-System,,Courts/Legal-System,Work/Employment,Torts/Individuals,0.90,True,True,False,This situation involves conflicting parties' lawyers and legal proceedings.
hex1,E_full,51,ಎಂಕ್ ಗೊತ್ತಿಜಂದೇ ಯೇರಾ ಎನ್ನ ಪುದರ್ಡ್ ಸಾಲ ದೆತ್ತೊನ್ಯೆರ್.,Someone opened a loan in my name without my knowledge,IP/Identity,Consumer/Money/Debt,IP/Identity,Courts/Legal-System,Torts/Individuals,0.95,True,True,False,The situation involves issues related to personal or business identity being used without permission.
hex1,E_full,52,ಎನಡ ಕೇನಂದೇ ಯೇರಾ ಎನ್ನ ಫೋಟೋನ್ ಜಾಹೀರಾತುಡ್ ಉಪಯೋಗ ಮಲ್ತೊಂದುಲ್ಲೆರ್.,My photo is being used in an advertisement without my permission,IP/Identity,,IP/Identity,Torts/Individuals,Courts/Legal-System,0.90,True,True,False,Someone using your name or brand without permission
hex1,E_full,53,ಯೇರಾ ಎನ್ನಲೆಕ ಆನ್‌ಲೈನ್-ಡ್ ನಟನೆ ಮಲ್ತ್ಡ್ ಎನ್ನ ಕುಟುಂಬದಕ್ಲೆನ್ ಡೋಂಗಿ ಮಲ್ತೊಂದುಲ್ಲೆರ್.,Someone is pretending to be me online to trick my relatives,IP/Identity,,Estates/Wills,Land/Property,Courts/Legal-System,0.90,False,False,False,The issue involves a dispute over an inheritance or property that was meant for the person.
hex1,E_full,54,ವೊವಾ ಒಂಜಿ ಅಂಗಡಿ ಎನ್ನ ಕುಟುಂಬದ ಅಂಗಡಿದ ಪುದರನ್ ಉಪಯೋಗ ಮಲ್ತೊಂದುಂಡು,A shop is using my family's business name without asking,IP/Identity,,IP/Identity,Estates/Wills,Land/Property,0.90,True,True,False,The issue involves someone using another person's name without permission.
hex1,E_full,55,ಎಂಕ್ಲೆನ ಕುಟುಂಬ ಮಲ್ತ್ಡ್ ಮಾರುನ ಸಾಮಾಂದ ಡಿಸೈನ್-ನ್ ಯೇರಾ ಕಂಡ್ದೆರ್.,Someone stole the design of the products my family makes and sells,IP/Identity,,Estates/Wills,Land/Property,Courts/Legal-System,0.90,False,False,False,This involves a dispute over property after someone passed away.
hex1,E_full,56,ಎನ್ನ ಪೋಪ ಒಂಜಿ ವಿಲ್ ಬುಡಂದೇ ತೀರ್ ಪೋಯಿ ಬೊಕ್ಕ ಎನ್ನ ಮೆಗ್ಗೆ-ಪಲಯೆನಕುಲು ಎನನ್ ಬುಡ್ಡು ಆಸ್ತಿನ್ ಪೂರಾ ಪಟ್ಟೋಂದುಲ್ಲೆರ್.,My father died without a will and my siblings are dividing everything without me,Estates/Wills,,Torts/Individuals,Land/Property,Courts/Legal-System,0.90,False,False,False,This involves harm or damage caused by another person's negligence.
hex1,E_full,57,ಎನ್ನ ಅಮ್ಮನ ಬಂಗಾರ್ ಎಂಕ್ ಕೊರ್ಪೆರ್ ಪಂಡ್ ಪಂಡಿ ಬೊಕ್ಕ ಅಮ್ಮ ತೀರ್ ಪೋಯಿ ಬೊಕ್ಕ ಎನ್ನ ಪಲಯೆ ಅವೆನ್ ಪೂರಾ ದೆತ್ತೊನ್ಯೆ.,My mother's jewelry was promised to me but my brother took it after she died,Estates/Wills,,IP/Identity,Land/Property,Torts/Individuals,0.90,False,False,False,The issue involves personal property (jewelry) being taken without permission.
hex1,E_full,58,ಎನ್ನ ಪೋಪ ತೀರ್ ಪೋಯಿ ಬೊಕ್ಕ ಎನ್ನ ಒಪ್ಪಿಗೆ ಇಜ್ಜಂದೆ ಎನ್ನ ಪೋಪ-ಅಮ್ಮನ ಇಲ್ಲನ್ ಮಾರ್ಯೆರ್ ಪಂಡ್ಡ್ ಗೊತ್ತಾಂಡ್.,I found out my parents' house was sold after my father's death without our agreement,Estates/Wills,Land/Property,Land/Property,Housing,Torts/Individuals,0.90,False,True,True,This situation involves unauthorized entry onto someone's property without permission.
hex1,E_full,59,"ಎನ್ನ ಮಾಮು, ಅಜ್ಜೆರ್-ನ ಜಾಗನ್ ಪಟ್ಟೆರೆ ಕೇನೋಂದಿಜ್ಜೆರ್.",My uncle is refusing to share the property left by my grandfather,Estates/Wills,Land/Property,Land/Property,Estates/Wills,Courts/Legal-System,0.90,False,True,True,This category fits because it involves someone taking over another person's land without permission.
hex1,E_full,60,ಎನ್ನ ಕಂಡನಿ ತೀರ್ ಪೋಯಿ ಬೊಕ್ಕ ಎನ್ನ ಕಂಡನಿನ ಕುಟುಂಬದಕುಲು ಎನನ್ ಎಂಕ್ಲೆನ ಇಲ್ಲಡ್ ಕುಲ್ಯೆರೆ ಬುಡೋಂದಿಜ್ಜೆರ್.,After my husband passed away his family is not letting me stay in our house,Estates/Wills,Housing,Estates/Wills,Land/Property,Courts/Legal-System,0.90,True,True,False,This category directly addresses inheritance disputes and land or assets disputed after someone passes away.
hex1,F,41,ಎಂಕುಲು ನಡೆತೊಂದುಿತ್ತಿನಪಗ ಎನ್ನ ಬರಿತ್ಅಕ್ಲೆನ ನಾಯಿ ಎನ್ನ ಬಾಲೆನ್ ಚೂಚ್ಚಿಂಡ್.,My neighbor's dog bit my child while we were walking,Torts/Individuals,,Torts/Individuals,Land/Property,Consumer/Money/Debt,0.90,True,True,False,This situation involves harm caused by another individual (the person who ran over the dog)
hex1,F,42,ಏರೊ ಎಂಕ್ಲೆನ ಉಂತೋಂದು ಇತ್ತಿನ ಕಾರ್ಗ್ ಆಕ್ದ್ ಪೋಯೆರ್.,Someone crashed into my parked vehicle and drove away,Torts/Individuals,,Consumer/Money/Debt,Torts/Individuals,Courts/Legal-System,0.90,False,True,True,"The situation involves overcharging beyond what was agreed upon, which falls under consumer issues related to money and debt."
hex1,F,43,ಒಂಜಿ ಬೇಲೆದಾಯೆ ಎನ್ನ ಮಿತ್ತ್ ಸಾಮಾನ್ ಬೂಡ್ಪಾದ್ ಎಂಕ್ ತಾಗ್ಂಡ್.,A worker dropped something that injured me,Torts/Individuals,,Consumer/Money/Debt,Land/Property,Torts/Individuals,0.85,False,True,True,"This situation involves an item (items) not returned as expected, which is typically associated with consumer issues or debt."
hex1,F,44,ಹಳ್ಳಿಡ್ ಯೇರಾ ಎನ್ನ ಬಾಗ್ಗೆ ಸುಳ್ಳು ಪಂಡ್ಡ್ ಎನ್ನ ಪುದರ್ನ್ ಹಾಳ್ ಮಲ್ತೆರ್.,Someone spread lies about me that damaged my reputation in the village,Torts/Individuals,,Torts/Individuals,Land/Property,Housing,0.90,True,True,False,This involves physical harm/damage caused by another person's negligence.
hex1,F,45,ಎನ್ನ ನೆರೆಕರೆದ ಅಕ್ಲೆನ ಪೆತ್ತಲು ಎನ್ನ ಪೂರಾ ಬುಳೆನ್ ತಿಂದ್ಡ್ ಹಾಳ್ ಮಲ್ತ್ಂಡ್.,My neighbor's cattle keep destroying my crops,Torts/Individuals,Land/Property,Torts/Individuals,Land/Property,Courts/Legal-System,0.95,True,True,False,This involves harm caused by another individual's carelessness - the destruction of the entire fence.
hex1,F,46,"ಎಂಕ್ ನ್ಯಾಯಾಲಯದ ಒಂಜಿ ಕಾಕಜಿ ಬೈದ್ಂಡ್, ಮಾತ್ರ ಐಟ್ ದಾದ ಪಣೊಂದುಲ್ಲೆರ್ ಪಂಡ್ಡ್ ಗೊತ್ತಿಜಿ.",I received a court notice but I don't understand what it is asking me to do,Courts/Legal-System,,Courts/Legal-System,Land/Property,IP/Identity,0.95,True,True,False,The person is confused about which court to go to and may not know how to file a complaint due to the other party being in a different location or jurisdiction.
hex1,F,47,"ಎಂಕ್ ನ್ಯಾಯಾಲಯಗ್ ಪೋಪಿನ ತಾರೀಖ್ ತತ್ಂಡ್, ದಾಯೆಗ್ ಪಂಡ ಎಂಕ್ ಏರೇಲಾ ಏಪ ಏ ಪೋಡು ಪಂಡ್ಡ್ ಪಂಡಿಜೆರ್.",I missed a court date because no one explained when I needed to appear,Courts/Legal-System,,Courts/Legal-System,Estates/Wills,Torts/Individuals,0.90,True,True,False,The person is confused about which court to go to for their legal issue.
hex1,F,48,ಎಂಕ್ ಎನ್ನ ಕೆಲ್ಸದ ಧನಿನ ಮಿತ್ತ್ ಎಂಚ ದೂರು ಕೊರೋಡು ಪಂಡ್ಡ್ ಗೊತ್ತಿಜಿ.,I don't know how to file a complaint against my employer,Courts/Legal-System,Work/Employment,Consumer/Money/Debt,Courts/Legal-System,IP/Identity,0.95,False,True,True,The situation involves a financial transaction gone wrong and potential fraud.
hex1,F,49,ಪೊಲೀಸ್-ದ ಅಕುಲು ಎನ್ನ ದೂರುನ್ ದೆತ್ತೊನೆರೆ ತಯಾರ್ ಇಜ್ಜೆರ್.,The police would not register my complaint,Courts/Legal-System,,Torts/Individuals,Courts/Legal-System,Housing,0.90,False,True,True,This involves physical harm or damage caused by another individual to the complainant's home and property.
hex1,F,50,"ಎಂಕ್ ಒಂಜಿ ವಕೀಲ್ ಬೋಡು ಪಂಡ್ಡ್ ಪಂಡೆರ್, ಮಾತ್ರ ಎಂಕ್ ವಕೀಲ್ನ್ ಎಂಚ ನಾಡೋಡು ಪಂಡ್ಡ್ ಗೊತ್ತಿಜಿ.",I was told I need a lawyer but I don't know how to find one,Courts/Legal-System,,Courts/Legal-System,Land/Property,Estates/Wills,0.95,True,True,False,The person is confused about which court to go to for their legal issue.
hex1,F,51,ಎಂಕ್ ಗೊತ್ತಿಜಂದೇ ಯೇರಾ ಎನ್ನ ಪುದರ್ಡ್ ಸಾಲ ದೆತ್ತೊನ್ಯೆರ್.,Someone opened a loan in my name without my knowledge,IP/Identity,Consumer/Money/Debt,Consumer/Money/Debt,Land/Property,Torts/Individuals,0.90,False,True,True,"The person is being charged more than what was agreed upon, likely related to a purchase or service."
hex1,F,52,ಎನಡ ಕೇನಂದೇ ಯೇರಾ ಎನ್ನ ಫೋಟೋನ್ ಜಾಹೀರಾತುಡ್ ಉಪಯೋಗ ಮಲ್ತೊಂದುಲ್ಲೆರ್.,My photo is being used in an advertisement without my permission,IP/Identity,,IP/Identity,Courts/Legal-System,Estates/Wills,0.90,True,True,False,The situation involves someone using the person's name without permission and selling things under that identity.
hex1,F,53,ಯೇರಾ ಎನ್ನಲೆಕ ಆನ್‌ಲೈನ್-ಡ್ ನಟನೆ ಮಲ್ತ್ಡ್ ಎನ್ನ ಕುಟುಂಬದಕ್ಲೆನ್ ಡೋಂಗಿ ಮಲ್ತೊಂದುಲ್ಲೆರ್.,Someone is pretending to be me online to trick my relatives,IP/Identity,,Land/Property,Courts/Legal-System,IP/Identity,0.90,False,True,True,The situation involves someone demanding access to property without permission and the possibility of taking over land.
hex1,F,54,ವೊವಾ ಒಂಜಿ ಅಂಗಡಿ ಎನ್ನ ಕುಟುಂಬದ ಅಂಗಡಿದ ಪುದರನ್ ಉಪಯೋಗ ಮಲ್ತೊಂದುಂಡು,A shop is using my family's business name without asking,IP/Identity,,Land/Property,Courts/Legal-System,IP/Identity,0.90,False,True,True,"This situation involves someone using the family store without permission, which falls under property rights."
hex1,F,55,ಎಂಕ್ಲೆನ ಕುಟುಂಬ ಮಲ್ತ್ಡ್ ಮಾರುನ ಸಾಮಾಂದ ಡಿಸೈನ್-ನ್ ಯೇರಾ ಕಂಡ್ದೆರ್.,Someone stole the design of the products my family makes and sells,IP/Identity,,Land/Property,Courts/Legal-System,Estates/Wills,0.90,False,False,False,The situation involves someone else taking over a family's land without permission.
hex1,F,56,ಎನ್ನ ಪೋಪ ಒಂಜಿ ವಿಲ್ ಬುಡಂದೇ ತೀರ್ ಪೋಯಿ ಬೊಕ್ಕ ಎನ್ನ ಮೆಗ್ಗೆ-ಪಲಯೆನಕುಲು ಎನನ್ ಬುಡ್ಡು ಆಸ್ತಿನ್ ಪೂರಾ ಪಟ್ಟೋಂದುಲ್ಲೆರ್.,My father died without a will and my siblings are dividing everything without me,Estates/Wills,,Land/Property,Torts/Individuals,Courts/Legal-System,0.95,False,False,False,The situation involves someone occupying or taking control over another person's land without permission.
hex1,F,57,ಎನ್ನ ಅಮ್ಮನ ಬಂಗಾರ್ ಎಂಕ್ ಕೊರ್ಪೆರ್ ಪಂಡ್ ಪಂಡಿ ಬೊಕ್ಕ ಅಮ್ಮ ತೀರ್ ಪೋಯಿ ಬೊಕ್ಕ ಎನ್ನ ಪಲಯೆ ಅವೆನ್ ಪೂರಾ ದೆತ್ತೊನ್ಯೆ.,My mother's jewelry was promised to me but my brother took it after she died,Estates/Wills,,Torts/Individuals,Land/Property,Courts/Legal-System,0.90,False,False,False,The situation involves physical harm/damage caused by another person to personal property.
hex1,F,58,ಎನ್ನ ಪೋಪ ತೀರ್ ಪೋಯಿ ಬೊಕ್ಕ ಎನ್ನ ಒಪ್ಪಿಗೆ ಇಜ್ಜಂದೆ ಎನ್ನ ಪೋಪ-ಅಮ್ಮನ ಇಲ್ಲನ್ ಮಾರ್ಯೆರ್ ಪಂಡ್ಡ್ ಗೊತ್ತಾಂಡ್.,I found out my parents' house was sold after my father's death without our agreement,Estates/Wills,Land/Property,Torts/Individuals,Land/Property,Courts/Legal-System,0.90,False,True,True,This involves harm caused to the individual's property by another party.
hex1,F,59,"ಎನ್ನ ಮಾಮು, ಅಜ್ಜೆರ್-ನ ಜಾಗನ್ ಪಟ್ಟೆರೆ ಕೇನೋಂದಿಜ್ಜೆರ್.",My uncle is refusing to share the property left by my grandfather,Estates/Wills,Land/Property,Land/Property,Torts/Individuals,Courts/Legal-System,0.90,False,True,True,The situation involves someone occupying land without permission.
hex1,F,60,ಎನ್ನ ಕಂಡನಿ ತೀರ್ ಪೋಯಿ ಬೊಕ್ಕ ಎನ್ನ ಕಂಡನಿನ ಕುಟುಂಬದಕುಲು ಎನನ್ ಎಂಕ್ಲೆನ ಇಲ್ಲಡ್ ಕುಲ್ಯೆರೆ ಬುಡೋಂದಿಜ್ಜೆರ್.,After my husband passed away his family is not letting me stay in our house,Estates/Wills,Housing,Land/Property,Courts/Legal-System,Torts/Individuals,0.95,False,False,False,The situation involves someone taking the speaker's land without permission and refusing to leave.
hex1,G,41,enkulu nadetonduittinapaga enna baritaklena nayi enna balen cuccind.,My neighbor's dog bit my child while we were walking,Torts/Individuals,,Consumer/Money/Debt,Work/Employment,Land/Property,0.90,False,False,False,This involves an issue with payment and overcharging beyond what was agreed upon.
hex1,G,42,ero enklena untondu ittina karg akd poyer.,Someone crashed into my parked vehicle and drove away,Torts/Individuals,,Consumer/Money/Debt,Land/Property,Work/Employment,0.90,False,False,False,This situation involves overcharging beyond what was agreed upon in a contract.
hex1,G,43,onji beledaye enna mitt saman budpad enk tagnd.,A worker dropped something that injured me,Torts/Individuals,,Housing,Torts/Individuals,Land/Property,0.85,False,True,True,The unauthorized entry into a home and the damage caused to it suggests this falls under Housing.
hex1,G,44,hallid yera enna bagge sullu pandd enna pudarn hal malter.,Someone spread lies about me that damaged my reputation in the village,Torts/Individuals,,Housing,Torts/Individuals,Land/Property,0.85,False,True,True,The situation involves someone entering your house without permission and causing damage.
hex1,G,45,enna nerekareda aklena pettalu enna pura bulen tindd hal maltnd.,My neighbor's cattle keep destroying my crops,Torts/Individuals,Land/Property,Housing,Torts/Individuals,Land/Property,0.85,False,True,True,The unauthorized entry into a home or dwelling is the primary issue here.
hex1,G,46,"enk nyayalayada onji kakaji baidnd, matra ait dada panonduller pandd gottiji.",I received a court notice but I don't understand what it is asking me to do,Courts/Legal-System,,Consumer/Money/Debt,Torts/Individuals,Courts/Legal-System,0.90,False,True,True,"This category involves issues related to contracts and agreements, specifically where money is involved."
hex1,G,47,"enk nyayalayag popina tarikh tatnd, dayeg panda enk erela epa e podu pandd pandijer.",I missed a court date because no one explained when I needed to appear,Courts/Legal-System,,Housing,Land/Property,Torts/Individuals,0.90,False,False,False,Involves unauthorized entry into a dwelling
hex1,G,48,enk enna kelsada dhanina mitt enca duru korodu pandd gottiji.,I don't know how to file a complaint against my employer,Courts/Legal-System,Work/Employment,Consumer/Money/Debt,Courts/Legal-System,Estates/Wills,0.90,False,True,True,"This situation involves overcharging beyond what was agreed upon, which is a contract breach involving payment."
hex1,G,49,polis-da akulu enna durun dettonere tayar ijjer.,The police would not register my complaint,Courts/Legal-System,,Housing,Torts/Individuals,Courts/Legal-System,0.90,False,True,True,The situation involves an unauthorized entry into a dwelling which is related to landlord-tenant disputes or trespass issues under Housing.
hex1,G,50,"enk onji vakil bodu pandd pander, matra enk vakiln enca nadodu pandd gottiji.",I was told I need a lawyer but I don't know how to find one,Courts/Legal-System,,Consumer/Money/Debt,Work/Employment,Courts/Legal-System,0.90,False,True,True,This situation involves overcharging beyond what was agreed upon in a contract and the other party has disappeared.
hex1,G,51,enk gottijande yera enna pudard sala dettonyer.,Someone opened a loan in my name without my knowledge,IP/Identity,Consumer/Money/Debt,Consumer/Money/Debt,Land/Property,Torts/Individuals,0.90,False,True,True,This situation involves a financial issue and possibly an agreement or contract.
hex1,G,52,enada kenande yera enna photon jahiratud upayoga maltonduller.,My photo is being used in an advertisement without my permission,IP/Identity,,Consumer/Money/Debt,Housing,Land/Property,0.90,False,False,False,Overcharging beyond what was agreed upon for something
hex1,G,53,yera ennaleka anlain-d natane maltd enna kutunbadaklen dongi maltonduller.,Someone is pretending to be me online to trick my relatives,IP/Identity,,Land/Property,Courts/Legal-System,Torts/Individuals,0.90,False,False,False,Neighbor taking your land
hex1,G,54,vova onji angadi enna kutunbada angadida pudaran upayoga maltondundu,A shop is using my family's business name without asking,IP/Identity,,Consumer/Money/Debt,Work/Employment,Land/Property,0.90,False,False,False,This involves an issue with payment and overcharging beyond what was agreed upon.
hex1,G,55,enklena kutunba maltd maruna samanda disain-n yera kandder.,Someone stole the design of the products my family makes and sells,IP/Identity,,Housing,Torts/Individuals,Land/Property,0.85,False,False,False,Landlord-tenant deposit dispute
hex1,G,56,enna popa onji vil budande tir poyi bokka enna megge-palayenakulu enan buddu astin pura pattonduller.,My father died without a will and my siblings are dividing everything without me,Estates/Wills,,Housing,Torts/Individuals,Land/Property,0.85,False,False,False,The issue involves trespassing into a home or dwelling.
hex1,G,57,enna ammana bangar enk korper pand pandi bokka amma tir poyi bokka enna palaye aven pura dettonye.,My mother's jewelry was promised to me but my brother took it after she died,Estates/Wills,,Land/Property,Torts/Individuals,Courts/Legal-System,0.95,False,False,False,"This category directly addresses issues related to land or property disputes. In this case, the dispute involves someone taking the person's land without permission."
hex1,G,58,enna popa tir poyi bokka enna oppige ijjande enna popa-ammana illan maryer pandd gottand.,I found out my parents' house was sold after my father's death without our agreement,Estates/Wills,Land/Property,Housing,Torts/Individuals,Land/Property,0.90,False,True,True,Landlord-tenant deposit dispute
hex1,G,59,"enna mamu, ajjer-na jagan pattere kenondijjer.",My uncle is refusing to share the property left by my grandfather,Estates/Wills,Land/Property,Consumer/Money/Debt,Land/Property,Torts/Individuals,0.90,False,True,True,This situation involves overcharging beyond what was agreed upon which is a contract breach involving payment.
hex1,G,60,enna kandani tir poyi bokka enna kandanina kutunbadakulu enan enklena illad kulyere budondijjer.,After my husband passed away his family is not letting me stay in our house,Estates/Wills,Housing,Housing,Torts/Individuals,Courts/Legal-System,0.80,False,True,True,"The situation involves someone entering a home without permission and refusing to leave, which is related to living in or using property."
hex1,H,41,ಎಂಕುಲು ನಡೆತೊಂದುಿತ್ತಿನಪಗ ಎನ್ನ ಬರಿತ್ಅಕ್ಲೆನ ನಾಯಿ ಎನ್ನ ಬಾಲೆನ್ ಚೂಚ್ಚಿಂಡ್.,My neighbor's dog bit my child while we were walking,Torts/Individuals,,Torts/Individuals,Land/Property,Courts/Legal-System,0.90,True,True,False,The damaged property was likely caused by an individual (the dog) without permission.
hex1,H,42,ಏರೊ ಎಂಕ್ಲೆನ ಉಂತೋಂದು ಇತ್ತಿನ ಕಾರ್ಗ್ ಆಕ್ದ್ ಪೋಯೆರ್.,Someone crashed into my parked vehicle and drove away,Torts/Individuals,,Housing,Torts/Individuals,Land/Property,0.85,False,True,True,The issue involves someone entering the home without permission which is a housing-related problem.
hex1,H,43,ಒಂಜಿ ಬೇಲೆದಾಯೆ ಎನ್ನ ಮಿತ್ತ್ ಸಾಮಾನ್ ಬೂಡ್ಪಾದ್ ಎಂಕ್ ತಾಗ್ಂಡ್.,A worker dropped something that injured me,Torts/Individuals,,Courts/Legal-System,Land/Property,Torts/Individuals,0.90,False,True,True,Confusion about which court to go to
hex1,H,44,ಹಳ್ಳಿಡ್ ಯೇರಾ ಎನ್ನ ಬಾಗ್ಗೆ ಸುಳ್ಳು ಪಂಡ್ಡ್ ಎನ್ನ ಪುದರ್ನ್ ಹಾಳ್ ಮಲ್ತೆರ್.,Someone spread lies about me that damaged my reputation in the village,Torts/Individuals,,Torts/Individuals,Land/Property,Courts/Legal-System,0.80,True,True,False,There is physical harm/damage caused by another person's action - breaking the fence.
hex1,H,45,ಎನ್ನ ನೆರೆಕರೆದ ಅಕ್ಲೆನ ಪೆತ್ತಲು ಎನ್ನ ಪೂರಾ ಬುಳೆನ್ ತಿಂದ್ಡ್ ಹಾಳ್ ಮಲ್ತ್ಂಡ್.,My neighbor's cattle keep destroying my crops,Torts/Individuals,Land/Property,Torts/Individuals,Land/Property,IP/Identity,0.90,True,True,False,This involves physical harm/damage caused by another person's action.
hex1,H,46,"ಎಂಕ್ ನ್ಯಾಯಾಲಯದ ಒಂಜಿ ಕಾಕಜಿ ಬೈದ್ಂಡ್, ಮಾತ್ರ ಐಟ್ ದಾದ ಪಣೊಂದುಲ್ಲೆರ್ ಪಂಡ್ಡ್ ಗೊತ್ತಿಜಿ.",I received a court notice but I don't understand what it is asking me to do,Courts/Legal-System,,Courts/Legal-System,IP/Identity,Estates/Wills,0.90,True,True,False,The situation involves confusion about which court to go to for a case.
hex1,H,47,"ಎಂಕ್ ನ್ಯಾಯಾಲಯಗ್ ಪೋಪಿನ ತಾರೀಖ್ ತತ್ಂಡ್, ದಾಯೆಗ್ ಪಂಡ ಎಂಕ್ ಏರೇಲಾ ಏಪ ಏ ಪೋಡು ಪಂಡ್ಡ್ ಪಂಡಿಜೆರ್.",I missed a court date because no one explained when I needed to appear,Courts/Legal-System,,Courts/Legal-System,Land/Property,Torts/Individuals,0.90,True,True,False,The person is facing a problem with the court system regarding where to file a complaint and which court to go to.
hex1,H,48,ಎಂಕ್ ಎನ್ನ ಕೆಲ್ಸದ ಧನಿನ ಮಿತ್ತ್ ಎಂಚ ದೂರು ಕೊರೋಡು ಪಂಡ್ಡ್ ಗೊತ್ತಿಜಿ.,I don't know how to file a complaint against my employer,Courts/Legal-System,Work/Employment,Consumer/Money/Debt,Land/Property,Work/Employment,0.90,False,True,True,This involves an agreement and overcharging
hex1,H,49,ಪೊಲೀಸ್-ದ ಅಕುಲು ಎನ್ನ ದೂರುನ್ ದೆತ್ತೊನೆರೆ ತಯಾರ್ ಇಜ್ಜೆರ್.,The police would not register my complaint,Courts/Legal-System,,Land/Property,Courts/Legal-System,Torts/Individuals,0.90,False,True,True,Unauthorized entry into someone's land
hex1,H,50,"ಎಂಕ್ ಒಂಜಿ ವಕೀಲ್ ಬೋಡು ಪಂಡ್ಡ್ ಪಂಡೆರ್, ಮಾತ್ರ ಎಂಕ್ ವಕೀಲ್ನ್ ಎಂಚ ನಾಡೋಡು ಪಂಡ್ಡ್ ಗೊತ್ತಿಜಿ.",I was told I need a lawyer but I don't know how to find one,Courts/Legal-System,,Consumer/Money/Debt,Land/Property,Torts/Individuals,0.90,False,False,False,This situation involves a financial dispute related to payment terms and overcharging.
hex1,H,51,ಎಂಕ್ ಗೊತ್ತಿಜಂದೇ ಯೇರಾ ಎನ್ನ ಪುದರ್ಡ್ ಸಾಲ ದೆತ್ತೊನ್ಯೆರ್.,Someone opened a loan in my name without my knowledge,IP/Identity,Consumer/Money/Debt,Consumer/Money/Debt,Torts/Individuals,Courts/Legal-System,0.85,False,True,True,Overcharging beyond what was agreed upon for a purchase or service.
hex1,H,52,ಎನಡ ಕೇನಂದೇ ಯೇರಾ ಎನ್ನ ಫೋಟೋನ್ ಜಾಹೀರಾತುಡ್ ಉಪಯೋಗ ಮಲ್ತೊಂದುಲ್ಲೆರ್.,My photo is being used in an advertisement without my permission,IP/Identity,,IP/Identity,Torts/Individuals,Courts/Legal-System,0.85,True,True,False,This situation involves the unauthorized use of a personal photo.
hex1,H,53,ಯೇರಾ ಎನ್ನಲೆಕ ಆನ್‌ಲೈನ್-ಡ್ ನಟನೆ ಮಲ್ತ್ಡ್ ಎನ್ನ ಕುಟುಂಬದಕ್ಲೆನ್ ಡೋಂಗಿ ಮಲ್ತೊಂದುಲ್ಲೆರ್.,Someone is pretending to be me online to trick my relatives,IP/Identity,,Estates/Wills,Land/Property,Courts/Legal-System,0.85,False,False,False,"The situation involves property being held by someone else, which could relate to inheritance disputes after a family member's death."
hex1,H,54,ವೊವಾ ಒಂಜಿ ಅಂಗಡಿ ಎನ್ನ ಕುಟುಂಬದ ಅಂಗಡಿದ ಪುದರನ್ ಉಪಯೋಗ ಮಲ್ತೊಂದುಂಡು,A shop is using my family's business name without asking,IP/Identity,,IP/Identity,Land/Property,Courts/Legal-System,0.85,True,True,False,Unauthorized use of another party's identity or property
hex1,H,55,ಎಂಕ್ಲೆನ ಕುಟುಂಬ ಮಲ್ತ್ಡ್ ಮಾರುನ ಸಾಮಾಂದ ಡಿಸೈನ್-ನ್ ಯೇರಾ ಕಂಡ್ದೆರ್.,Someone stole the design of the products my family makes and sells,IP/Identity,,Land/Property,Estates/Wills,Courts/Legal-System,0.90,False,False,False,It involves someone taking over another person's land or property without permission.
hex1,H,56,ಎನ್ನ ಪೋಪ ಒಂಜಿ ವಿಲ್ ಬುಡಂದೇ ತೀರ್ ಪೋಯಿ ಬೊಕ್ಕ ಎನ್ನ ಮೆಗ್ಗೆ-ಪಲಯೆನಕುಲು ಎನನ್ ಬುಡ್ಡು ಆಸ್ತಿನ್ ಪೂರಾ ಪಟ್ಟೋಂದುಲ್ಲೆರ್.,My father died without a will and my siblings are dividing everything without me,Estates/Wills,,Torts/Individuals,Land/Property,Housing,0.90,False,False,False,This involves harm or damage caused by another individual's negligence.
hex1,H,57,ಎನ್ನ ಅಮ್ಮನ ಬಂಗಾರ್ ಎಂಕ್ ಕೊರ್ಪೆರ್ ಪಂಡ್ ಪಂಡಿ ಬೊಕ್ಕ ಅಮ್ಮ ತೀರ್ ಪೋಯಿ ಬೊಕ್ಕ ಎನ್ನ ಪಲಯೆ ಅವೆನ್ ಪೂರಾ ದೆತ್ತೊನ್ಯೆ.,My mother's jewelry was promised to me but my brother took it after she died,Estates/Wills,,IP/Identity,Courts/Legal-System,Estates/Wills,0.70,False,True,True,"Someone might have used or sold something under your name without permission (e.g., using your mother's name to sell a lost item)"
hex1,H,58,ಎನ್ನ ಪೋಪ ತೀರ್ ಪೋಯಿ ಬೊಕ್ಕ ಎನ್ನ ಒಪ್ಪಿಗೆ ಇಜ್ಜಂದೆ ಎನ್ನ ಪೋಪ-ಅಮ್ಮನ ಇಲ್ಲನ್ ಮಾರ್ಯೆರ್ ಪಂಡ್ಡ್ ಗೊತ್ತಾಂಡ್.,I found out my parents' house was sold after my father's death without our agreement,Estates/Wills,Land/Property,Land/Property,Courts/Legal-System,Torts/Individuals,0.95,False,True,True,The person is facing a problem where their property (land) has been taken by someone else without permission and they are unable to get it back.
hex1,H,59,"ಎನ್ನ ಮಾಮು, ಅಜ್ಜೆರ್-ನ ಜಾಗನ್ ಪಟ್ಟೆರೆ ಕೇನೋಂದಿಜ್ಜೆರ್.",My uncle is refusing to share the property left by my grandfather,Estates/Wills,Land/Property,Land/Property,Torts/Individuals,Courts/Legal-System,0.90,False,True,True,This situation directly involves a dispute over land ownership or encroachment.
hex1,H,60,ಎನ್ನ ಕಂಡನಿ ತೀರ್ ಪೋಯಿ ಬೊಕ್ಕ ಎನ್ನ ಕಂಡನಿನ ಕುಟುಂಬದಕುಲು ಎನನ್ ಎಂಕ್ಲೆನ ಇಲ್ಲಡ್ ಕುಲ್ಯೆರೆ ಬುಡೋಂದಿಜ್ಜೆರ್.,After my husband passed away his family is not letting me stay in our house,Estates/Wills,Housing,PARSE_FAILURE_NO_ANSWER,PARSE_FAILURE_NO_ANSWER,PARSE_FAILURE_NO_ANSWER,0.00,False,False,False,parse error
hex1,I,41,எங்குலு நடெ³தொந்து³ித்தினபக³ என்ன ப³ரித்அக்லென நாயி என்ன பா³லென் சூச்சிண்ட்³.,My neighbor's dog bit my child while we were walking,Torts/Individuals,,Torts/Individuals,Land/Property,Courts/Legal-System,0.95,True,True,False,This involves harm or damage caused to personal property due to another person's negligence or action.
hex1,I,42,ஏரொ எங்க்லென உந்தோந்து³ இத்தின கார்க்³ ஆக்த்³ போயெர்.,Someone crashed into my parked vehicle and drove away,Torts/Individuals,,Housing,Land/Property,Torts/Individuals,0.85,False,True,True,Landlord-tenant deposit dispute
hex1,I,43,ஒஞ்ஜி பே³லெதா³யெ என்ன மித்த் ஸாமான் பூ³ட்³பாத்³ எங்க் தாக்³ண்ட்³.,A worker dropped something that injured me,Torts/Individuals,,Torts/Individuals,Land/Property,Courts/Legal-System,0.90,True,True,False,The situation involves property damage caused by another person's action.
hex1,I,44,ஹள்ளிட்³ யேரா என்ன பா³க்³கெ³ ஸுள்ளு பண்ட்³ட்³ என்ன புத³ர்ன் ஹாள் மல்தெர்.,Someone spread lies about me that damaged my reputation in the village,Torts/Individuals,,Housing,Torts/Individuals,Land/Property,0.80,False,True,True,The unauthorized entry into the home and potential damage to property suggests a housing issue.
hex1,I,45,என்ன நெரெகரெத³ அக்லென பெத்தலு என்ன பூரா பு³ளென் திந்த்³ட்³ ஹாள் மல்த்ண்ட்³.,My neighbor's cattle keep destroying my crops,Torts/Individuals,Land/Property,Land/Property,Torts/Individuals,Courts/Legal-System,0.75,False,True,True,"This category involves someone occupying your land without permission or boundary disputes. However, there's no mention of neighbors taking over their land or any boundary issues in this case."
hex1,I,46,"எங்க் ந்யாயாலயத³ ஒஞ்ஜி காகஜி பை³த்³ண்ட்³, மாத்ர ஐட் தா³த³ பணொந்து³ல்லெர் பண்ட்³ட்³ கொ³த்திஜி.",I received a court notice but I don't understand what it is asking me to do,Courts/Legal-System,,Courts/Legal-System,IP/Identity,Estates/Wills,0.85,True,True,False,The situation directly addresses confusion about which court to go to and not knowing where to file a complaint.
hex1,I,47,"எங்க் ந்யாயாலயக்³ போபின தாரீக்² தத்ண்ட்³, தா³யெக்³ பண்ட³ எங்க் ஏரேலா ஏப ஏ போடு³ பண்ட்³ட்³ பண்டி³ஜெர்.",I missed a court date because no one explained when I needed to appear,Courts/Legal-System,,Courts/Legal-System,Land/Property,Torts/Individuals,0.90,True,True,False,"The person is facing a problem with the court system, specifically regarding where to file a complaint and possibly confusion about which court to go to."
hex1,I,48,எங்க் என்ன கெல்ஸத³ த⁴னின மித்த் எஞ்ச தூ³ரு கொரோடு³ பண்ட்³ட்³ கொ³த்திஜி.,I don't know how to file a complaint against my employer,Courts/Legal-System,Work/Employment,Housing,Land/Property,Torts/Individuals,0.85,False,False,False,Trespass into a home or dwelling
hex1,I,49,பொலீஸ்-த³ அகுலு என்ன தூ³ருன் தெ³த்தொனெரெ தயார் இஜ்ஜெர்.,The police would not register my complaint,Courts/Legal-System,,ERROR,ERROR,ERROR,0.00,False,False,False,generation failed
hex1,I,50,"எங்க் ஒஞ்ஜி வகீல் போ³டு³ பண்ட்³ட்³ பண்டெ³ர், மாத்ர எங்க் வகீல்ன் எஞ்ச நாடோ³டு³ பண்ட்³ட்³ கொ³த்திஜி.",I was told I need a lawyer but I don't know how to find one,Courts/Legal-System,,PARSE_FAILURE_NO_ANSWER,PARSE_FAILURE_NO_ANSWER,PARSE_FAILURE_NO_ANSWER,0.00,False,False,False,parse error
hex1,I,51,எங்க் கொ³த்திஜந்தே³ யேரா என்ன புத³ர்ட்³ ஸால தெ³த்தொன்யெர்.,Someone opened a loan in my name without my knowledge,IP/Identity,Consumer/Money/Debt,Housing,Torts/Individuals,Land/Property,0.90,False,False,False,The issue involves trespass into a home or dwelling - Housing
hex1,I,52,எனட³ கேனந்தே³ யேரா என்ன போ²டோன் ஜாஹீராதுட்³ உபயோக³ மல்தொந்து³ல்லெர்.,My photo is being used in an advertisement without my permission,IP/Identity,,Consumer/Money/Debt,Torts/Individuals,IP/Identity,0.90,False,True,True,The situation involves an agreement and overcharging.
hex1,I,53,யேரா என்னலெக ஆன்லைன்-ட்³ நடனெ மல்த்ட்³ என்ன குடும்ப³த³க்லென் டோ³ங்கி³ மல்தொந்து³ல்லெர்.,Someone is pretending to be me online to trick my relatives,IP/Identity,,Courts/Legal-System,Land/Property,Torts/Individuals,0.90,False,False,False,Involves confusion about accessing a service
hex1,I,54,வொவா ஒஞ்ஜி அங்க³டி³ என்ன குடும்ப³த³ அங்க³டி³த³ புத³ரன் உபயோக³ மல்தொந்து³ண்டு³,A shop is using my family's business name without asking,IP/Identity,,IP/Identity,Courts/Legal-System,Estates/Wills,0.95,True,True,False,Someone using your name without permission
hex1,I,55,எங்க்லென குடும்ப³ மல்த்ட்³ மாருன ஸாமாந்த³ டி³ஸைன்-ந் யேரா கண்ட்³தெ³ர்.,Someone stole the design of the products my family makes and sells,IP/Identity,,Land/Property,Estates/Wills,Courts/Legal-System,0.90,False,False,False,The situation involves someone taking land or property without permission.
hex1,I,56,என்ன போப ஒஞ்ஜி வில் பு³ட³ந்தே³ தீர் போயி பொ³க்க என்ன மெக்³கெ³-பலயெநகுலு எனன் பு³ட்³டு³ ஆஸ்தின் பூரா பட்டோந்து³ல்லெர்.,My father died without a will and my siblings are dividing everything without me,Estates/Wills,,Torts/Individuals,Land/Property,Work/Employment,0.90,False,False,False,This is harm or damage caused by another individual to property.
hex1,I,57,என்ன அம்மன ப³ங்கா³ர் எங்க் கொர்பெர் பண்ட்³ பண்டி³ பொ³க்க அம்ம தீர் போயி பொ³க்க என்ன பலயெ அவென் பூரா தெ³த்தொன்யெ.,My mother's jewelry was promised to me but my brother took it after she died,Estates/Wills,,Land/Property,Torts/Individuals,Courts/Legal-System,0.90,False,False,False,"This category involves issues related to land or property rights. In this case, it seems like the person's property (land) has been taken over without permission."
hex1,I,58,என்ன போப தீர் போயி பொ³க்க என்ன ஒப்பிகெ³ இஜ்ஜந்தெ³ என்ன போப-அம்மன இல்லன் மார்யெர் பண்ட்³ட்³ கொ³த்தாண்ட்³.,I found out my parents' house was sold after my father's death without our agreement,Estates/Wills,Land/Property,Torts/Individuals,Land/Property,Work/Employment,0.90,False,True,True,This category involves harm or damage caused by another individual's negligence.
hex1,I,59,"என்ன மாமு, அஜ்ஜெர்-ந ஜாக³ன் பட்டெரெ கேனோந்தி³ஜ்ஜெர்.",My uncle is refusing to share the property left by my grandfather,Estates/Wills,Land/Property,Housing,Land/Property,Torts/Individuals,0.90,False,True,True,Involves unauthorized entry into a dwelling
hex1,I,60,என்ன கண்ட³னி தீர் போயி பொ³க்க என்ன கண்ட³னின குடும்ப³த³குலு எனன் எங்க்லென இல்லட்³ குல்யெரெ பு³டோ³ந்தி³ஜ்ஜெர்.,After my husband passed away his family is not letting me stay in our house,Estates/Wills,Housing,Estates/Wills,Land/Property,Courts/Legal-System,0.90,True,True,False,Inheritance disputes after someone's death
hex1,J,41,എങ്കുലു നഡെതൊന്ദുിത്തിനപഗ എന്ന ബരിത്അക്ലെന നായി എന്ന ബാലെൻ ചൂച്ചിണ്ഡ്.,My neighbor's dog bit my child while we were walking,Torts/Individuals,,Torts/Individuals,Land/Property,IP/Identity,0.90,True,True,False,This is physical harm/damage caused by another person's action.
hex1,J,42,ഏരൊ എങ്ക്ലെന ഉന്തോന്ദു ഇത്തിന കാർഗ് ആക്ദ് പോയെർ.,Someone crashed into my parked vehicle and drove away,Torts/Individuals,,Housing,Torts/Individuals,Land/Property,0.90,False,True,True,The issue involves trespass into a home or dwelling - Housing.
hex1,J,43,ഒഞ്ജി ബേലെദായെ എന്ന മിത്ത് സാമാൻ ബൂഡ്പാദ് എങ്ക് താഗ്ണ്ഡ്.,A worker dropped something that injured me,Torts/Individuals,,Housing,Torts/Individuals,Courts/Legal-System,0.85,False,True,True,Trespass into a home
hex1,J,44,ഹള്ളിഡ് യേരാ എന്ന ബാഗ്ഗെ സുള്ളു പണ്ഡ്ഡ് എന്ന പുദർന് ഹാൾ മൽതെർ.,Someone spread lies about me that damaged my reputation in the village,Torts/Individuals,,Torts/Individuals,Land/Property,Courts/Legal-System,0.90,True,True,False,This is physical harm/damage caused by another person's action.
hex1,J,45,എന്ന നെരെകരെദ അക്ലെന പെത്തലു എന്ന പൂരാ ബുളെൻ തിന്ദ്ഡ് ഹാൾ മൽത്ണ്ഡ്.,My neighbor's cattle keep destroying my crops,Torts/Individuals,Land/Property,Land/Property,Torts/Individuals,Courts/Legal-System,0.90,False,True,True,The situation directly involves someone else taking possession of the property (land) without permission.
hex1,J,46,"എങ്ക് ന്യായാലയദ ഒഞ്ജി കാകജി ബൈദ്ണ്ഡ്, മാത്ര ഐട് ദാദ പണൊന്ദുല്ലെർ പണ്ഡ്ഡ് ഗൊത്തിജി.",I received a court notice but I don't understand what it is asking me to do,Courts/Legal-System,,Courts/Legal-System,Estates/Wills,IP/Identity,0.80,True,True,False,The situation involves confusion about which court to go to and what legal action to take.
hex1,J,47,"എങ്ക് ന്യായാലയഗ് പോപിന താരീഖ് തത്ണ്ഡ്, ദായെഗ് പണ്ഡ എങ്ക് ഏരേലാ ഏപ ഏ പോഡു പണ്ഡ്ഡ് പണ്ഡിജെർ.",I missed a court date because no one explained when I needed to appear,Courts/Legal-System,,Courts/Legal-System,Land/Property,Torts/Individuals,0.90,True,True,False,The person is having difficulty knowing which court to go to and possibly being in a different location or jurisdiction.
hex1,J,48,എങ്ക് എന്ന കെൽസദ ധനിന മിത്ത് എഞ്ച ദൂരു കൊരോഡു പണ്ഡ്ഡ് ഗൊത്തിജി.,I don't know how to file a complaint against my employer,Courts/Legal-System,Work/Employment,Consumer/Money/Debt,Work/Employment,Courts/Legal-System,0.85,False,True,True,The non-receipt of payment could be due to an agreement where money was owed but not paid.
hex1,J,49,പൊലീസ്-ദ അകുലു എന്ന ദൂരുൻ ദെത്തൊനെരെ തയാർ ഇജ്ജെർ.,The police would not register my complaint,Courts/Legal-System,,Consumer/Money/Debt,Torts/Individuals,Courts/Legal-System,0.90,False,True,True,The situation involves an issue with payment or agreement that has not been fulfilled.
hex1,J,50,"എങ്ക് ഒഞ്ജി വകീൽ ബോഡു പണ്ഡ്ഡ് പണ്ഡെർ, മാത്ര എങ്ക് വകീൽന് എഞ്ച നാഡോഡു പണ്ഡ്ഡ് ഗൊത്തിജി.",I was told I need a lawyer but I don't know how to find one,Courts/Legal-System,,Work/Employment,Consumer/Money/Debt,Courts/Legal-System,0.90,False,True,True,This situation involves an issue related to employment and unpaid wages.
hex1,J,51,എങ്ക് ഗൊത്തിജന്ദേ യേരാ എന്ന പുദർഡ് സാല ദെത്തൊന്യെർ.,Someone opened a loan in my name without my knowledge,IP/Identity,Consumer/Money/Debt,Consumer/Money/Debt,Torts/Individuals,Courts/Legal-System,0.80,False,True,True,This situation involves overcharging beyond what was agreed upon in a contract.
hex1,J,52,എനഡ കേനന്ദേ യേരാ എന്ന ഫോടോൻ ജാഹീരാതുഡ് ഉപയോഗ മൽതൊന്ദുല്ലെർ.,My photo is being used in an advertisement without my permission,IP/Identity,,IP/Identity,Estates/Wills,Courts/Legal-System,0.90,True,True,False,This involves someone using another's personal or business identity without permission.
hex1,J,53,യേരാ എന്നലെക ആൻലൈൻ-ഡ് നടനെ മൽത്ഡ് എന്ന കുടുംബദക്ലെൻ ഡോംഗി മൽതൊന്ദുല്ലെർ.,Someone is pretending to be me online to trick my relatives,IP/Identity,,Torts/Individuals,Land/Property,Courts/Legal-System,0.90,False,False,False,The issue involves harm caused by another individual to one's property.
hex1,J,54,വൊവാ ഒഞ്ജി അംഗഡി എന്ന കുടുംബദ അംഗഡിദ പുദരൻ ഉപയോഗ മൽതൊന്ദുണ്ഡു,A shop is using my family's business name without asking,IP/Identity,,Land/Property,Estates/Wills,Torts/Individuals,0.90,False,False,False,It involves unauthorized use of land
hex1,J,55,എങ്ക്ലെന കുടുംബ മൽത്ഡ് മാരുന സാമാന്ദ ഡിസൈൻ-ന് യേരാ കണ്ഡ്ദെർ.,Someone stole the design of the products my family makes and sells,IP/Identity,,Estates/Wills,Land/Property,Courts/Legal-System,0.90,False,False,False,Inheritance disputes after a family member's death and land or assets disputed after someone passes away.
hex1,J,56,എന്ന പോപ ഒഞ്ജി വിൽ ബുഡന്ദേ തീർ പോയി ബൊക്ക എന്ന മെഗ്ഗെ-പലയെനകുലു എനൻ ബുഡ്ഡു ആസ്തിൻ പൂരാ പട്ടോന്ദുല്ലെർ.,My father died without a will and my siblings are dividing everything without me,Estates/Wills,,Torts/Individuals,Land/Property,Courts/Legal-System,0.90,False,False,False,This situation involves property damage caused by another person's action.
hex1,J,57,എന്ന അമ്മന ബംഗാർ എങ്ക് കൊർപെർ പണ്ഡ് പണ്ഡി ബൊക്ക അമ്മ തീർ പോയി ബൊക്ക എന്ന പലയെ അവെൻ പൂരാ ദെത്തൊന്യെ.,My mother's jewelry was promised to me but my brother took it after she died,Estates/Wills,,Torts/Individuals,Land/Property,Work/Employment,0.90,False,False,False,This involves harm caused by another individual to the person's property.
hex1,J,58,എന്ന പോപ തീർ പോയി ബൊക്ക എന്ന ഒപ്പിഗെ ഇജ്ജന്ദെ എന്ന പോപ-അമ്മന ഇല്ലൻ മാര്യെർ പണ്ഡ്ഡ് ഗൊത്താണ്ഡ്.,I found out my parents' house was sold after my father's death without our agreement,Estates/Wills,Land/Property,Housing,Torts/Individuals,Land/Property,0.85,False,True,True,The situation involves a tenant and damage to rented property.
hex1,J,59,"എന്ന മാമു, അജ്ജെർ-ന ജാഗൻ പട്ടെരെ കേനോന്ദിജ്ജെർ.",My uncle is refusing to share the property left by my grandfather,Estates/Wills,Land/Property,Torts/Individuals,Land/Property,Work/Employment,0.90,False,True,True,Property damage caused by another person's action
hex1,J,60,എന്ന കണ്ഡനി തീർ പോയി ബൊക്ക എന്ന കണ്ഡനിന കുടുംബദകുലു എനൻ എങ്ക്ലെന ഇല്ലഡ് കുല്യെരെ ബുഡോന്ദിജ്ജെർ.,After my husband passed away his family is not letting me stay in our house,Estates/Wills,Housing,Land/Property,Torts/Individuals,Courts/Legal-System,0.85,False,False,False,The unauthorized entry and potential damage could be considered an invasion of property rights.
hex1,K_sparse,41,எங்குலு நடெ³தொந்து³ித்தினபக³ என்ன ப³ரித்அக்லென நாயி என்ன பா³லென் சூச்சிண்ட்³.,My neighbor's dog bit my child while we were walking,Torts/Individuals,,Torts/Individuals,Land/Property,Housing,0.90,True,True,False,This involves physical harm/damage caused by another person's action.
hex1,K_sparse,42,ஏரொ எங்க்லென உந்தோந்து³ இத்தின கார்க்³ ஆக்த்³ போயெர்.,Someone crashed into my parked vehicle and drove away,Torts/Individuals,,Consumer/Money/Debt,Torts/Individuals,Courts/Legal-System,0.90,False,True,True,This situation involves overcharging beyond what was agreed and possibly money owed from an agreement.
hex1,K_sparse,43,ஒஞ்ஜி பே³லெதா³யெ என்ன மித்த் ஸாமான் பூ³ட்³பாத்³ எங்க் தாக்³ண்ட்³.,A worker dropped something that injured me,Torts/Individuals,,Land/Property,Torts/Individuals,Housing,0.95,False,True,True,This involves unauthorized entry into one's home and damage to personal property.
hex1,K_sparse,44,ஹள்ளிட்³ யேரா என்ன பா³க்³கெ³ ஸுள்ளு பண்ட்³ட்³ என்ன புத³ர்ன் ஹாள் மல்தெர்.,Someone spread lies about me that damaged my reputation in the village,Torts/Individuals,,PARSE_FAILURE_NO_ANSWER,PARSE_FAILURE_NO_ANSWER,PARSE_FAILURE_NO_ANSWER,0.00,False,False,False,parse error
hex1,K_sparse,45,என்ன நெரெகரெத³ அக்லென பெத்தலு என்ன பூரா பு³ளென் திந்த்³ட்³ ஹாள் மல்த்ண்ட்³.,My neighbor's cattle keep destroying my crops,Torts/Individuals,Land/Property,Consumer/Money/Debt,Work/Employment,Courts/Legal-System,0.90,False,False,False,This situation involves overcharging beyond what was agreed upon in a contract and the other party disappearing.
hex1,K_sparse,46,"எங்க் ந்யாயாலயத³ ஒஞ்ஜி காகஜி பை³த்³ண்ட்³, மாத்ர ஐட் தா³த³ பணொந்து³ல்லெர் பண்ட்³ட்³ கொ³த்திஜி.",I received a court notice but I don't understand what it is asking me to do,Courts/Legal-System,,Courts/Legal-System,Land/Property,Estates/Wills,0.95,True,True,False,The situation involves confusion about which court to go to and the other party being in a different place.
hex1,K_sparse,47,"எங்க் ந்யாயாலயக்³ போபின தாரீக்² தத்ண்ட்³, தா³யெக்³ பண்ட³ எங்க் ஏரேலா ஏப ஏ போடு³ பண்ட்³ட்³ பண்டி³ஜெர்.",I missed a court date because no one explained when I needed to appear,Courts/Legal-System,,Courts/Legal-System,Estates/Wills,IP/Identity,0.95,True,True,False,The person is confused about which court to go to and how to file a complaint.
hex1,K_sparse,48,எங்க் என்ன கெல்ஸத³ த⁴னின மித்த் எஞ்ச தூ³ரு கொரோடு³ பண்ட்³ட்³ கொ³த்திஜி.,I don't know how to file a complaint against my employer,Courts/Legal-System,Work/Employment,Consumer/Money/Debt,Torts/Individuals,Courts/Legal-System,0.90,False,True,True,This involves overcharging and possibly an agreement or contract.
hex1,K_sparse,49,பொலீஸ்-த³ அகுலு என்ன தூ³ருன் தெ³த்தொனெரெ தயார் இஜ்ஜெர்.,The police would not register my complaint,Courts/Legal-System,,Courts/Legal-System,Torts/Individuals,Land/Property,0.80,True,True,False,The situation involves law enforcement and possibly legal action.
hex1,K_sparse,50,"எங்க் ஒஞ்ஜி வகீல் போ³டு³ பண்ட்³ட்³ பண்டெ³ர், மாத்ர எங்க் வகீல்ன் எஞ்ச நாடோ³டு³ பண்ட்³ட்³ கொ³த்திஜி.",I was told I need a lawyer but I don't know how to find one,Courts/Legal-System,,Courts/Legal-System,Consumer/Money/Debt,Torts/Individuals,0.80,True,True,False,The situation involves a legal matter that may require court intervention.
hex1,K_sparse,51,எங்க் கொ³த்திஜந்தே³ யேரா என்ன புத³ர்ட்³ ஸால தெ³த்தொன்யெர்.,Someone opened a loan in my name without my knowledge,IP/Identity,Consumer/Money/Debt,Consumer/Money/Debt,Land/Property,Courts/Legal-System,0.90,False,True,True,This category fits best because it involves an issue with payment or agreement.
hex1,K_sparse,52,எனட³ கேனந்தே³ யேரா என்ன போ²டோன் ஜாஹீராதுட்³ உபயோக³ மல்தொந்து³ல்லெர்.,My photo is being used in an advertisement without my permission,IP/Identity,,Consumer/Money/Debt,Work/Employment,Land/Property,0.90,False,False,False,This category involves issues with payment or agreement which fits the description of being charged more than agreed upon.
hex1,K_sparse,53,யேரா என்னலெக ஆன்லைன்-ட்³ நடனெ மல்த்ட்³ என்ன குடும்ப³த³க்லென் டோ³ங்கி³ மல்தொந்து³ல்லெர்.,Someone is pretending to be me online to trick my relatives,IP/Identity,,Consumer/Money/Debt,Land/Property,Work/Employment,0.95,False,False,False,The situation involves an issue with purchasing goods from an online retailer and receiving incorrect items.
hex1,K_sparse,54,வொவா ஒஞ்ஜி அங்க³டி³ என்ன குடும்ப³த³ அங்க³டி³த³ புத³ரன் உபயோக³ மல்தொந்து³ண்டு³,A shop is using my family's business name without asking,IP/Identity,,Land/Property,Torts/Individuals,Estates/Wills,0.90,False,False,False,This category fits well because it involves someone occupying or using another person's land without permission.
hex1,K_sparse,55,எங்க்லென குடும்ப³ மல்த்ட்³ மாருன ஸாமாந்த³ டி³ஸைன்-ந் யேரா கண்ட்³தெ³ர்.,Someone stole the design of the products my family makes and sells,IP/Identity,,Land/Property,Estates/Wills,Courts/Legal-System,0.90,False,False,False,The issue involves someone taking land without permission.
hex1,K_sparse,56,என்ன போப ஒஞ்ஜி வில் பு³ட³ந்தே³ தீர் போயி பொ³க்க என்ன மெக்³கெ³-பலயெநகுலு எனன் பு³ட்³டு³ ஆஸ்தின் பூரா பட்டோந்து³ல்லெர்.,My father died without a will and my siblings are dividing everything without me,Estates/Wills,,Land/Property,Torts/Individuals,Courts/Legal-System,0.90,False,False,False,"This category includes issues related to land or property disputes, such as someone occupying your land without permission."
hex1,K_sparse,57,என்ன அம்மன ப³ங்கா³ர் எங்க் கொர்பெர் பண்ட்³ பண்டி³ பொ³க்க அம்ம தீர் போயி பொ³க்க என்ன பலயெ அவென் பூரா தெ³த்தொன்யெ.,My mother's jewelry was promised to me but my brother took it after she died,Estates/Wills,,Land/Property,Courts/Legal-System,Estates/Wills,0.95,False,True,True,The issue involves someone occupying or taking control over another person's land without permission.
hex1,K_sparse,58,என்ன போப தீர் போயி பொ³க்க என்ன ஒப்பிகெ³ இஜ்ஜந்தெ³ என்ன போப-அம்மன இல்லன் மார்யெர் பண்ட்³ட்³ கொ³த்தாண்ட்³.,I found out my parents' house was sold after my father's death without our agreement,Estates/Wills,Land/Property,Consumer/Money/Debt,IP/Identity,Courts/Legal-System,0.90,False,False,False,The situation involves money that was given and not returned.
hex1,K_sparse,59,"என்ன மாமு, அஜ்ஜெர்-ந ஜாக³ன் பட்டெரெ கேனோந்தி³ஜ்ஜெர்.",My uncle is refusing to share the property left by my grandfather,Estates/Wills,Land/Property,Land/Property,Courts/Legal-System,Estates/Wills,0.95,False,True,True,Neighbor taking your land
hex1,K_sparse,60,என்ன கண்ட³னி தீர் போயி பொ³க்க என்ன கண்ட³னின குடும்ப³த³குலு எனன் எங்க்லென இல்லட்³ குல்யெரெ பு³டோ³ந்தி³ஜ்ஜெர்.,After my husband passed away his family is not letting me stay in our house,Estates/Wills,Housing,Estates/Wills,Land/Property,IP/Identity,0.90,True,True,False,This category involves disputes over inheritance or assets after someone passes away.
hex1,K_full,41,எங்குலு நடெ³தொந்து³ித்தினபக³ என்ன ப³ரித்அக்லென நாயி என்ன பா³லென் சூச்சிண்ட்³.,My neighbor's dog bit my child while we were walking,Torts/Individuals,,Courts/Legal-System,Work/Employment,Land/Property,0.90,False,False,False,The person is asking for help understanding their legal situation and which court to go to.
hex1,K_full,42,ஏரொ எங்க்லென உந்தோந்து³ இத்தின கார்க்³ ஆக்த்³ போயெர்.,Someone crashed into my parked vehicle and drove away,Torts/Individuals,,Land/Property,Torts/Individuals,Housing,0.90,False,True,True,This involves someone entering the property without permission and refusing to leave.
hex1,K_full,43,ஒஞ்ஜி பே³லெதா³யெ என்ன மித்த் ஸாமான் பூ³ட்³பாத்³ எங்க் தாக்³ண்ட்³.,A worker dropped something that injured me,Torts/Individuals,,Consumer/Money/Debt,Courts/Legal-System,Torts/Individuals,0.90,False,True,True,The situation involves an issue related to payment or debt where the speaker wants to return something but is unable to do so due to someone else's actions.
hex1,K_full,44,ஹள்ளிட்³ யேரா என்ன பா³க்³கெ³ ஸுள்ளு பண்ட்³ட்³ என்ன புத³ர்ன் ஹாள் மல்தெர்.,Someone spread lies about me that damaged my reputation in the village,Torts/Individuals,,Torts/Individuals,Housing,Courts/Legal-System,0.90,True,True,False,This situation involves harm caused by another person's negligence or action.
hex1,K_full,45,என்ன நெரெகரெத³ அக்லென பெத்தலு என்ன பூரா பு³ளென் திந்த்³ட்³ ஹாள் மல்த்ண்ட்³.,My neighbor's cattle keep destroying my crops,Torts/Individuals,Land/Property,Torts/Individuals,Land/Property,Courts/Legal-System,0.90,True,True,False,This involves physical harm/damage caused by another person.
hex1,K_full,46,"எங்க் ந்யாயாலயத³ ஒஞ்ஜி காகஜி பை³த்³ண்ட்³, மாத்ர ஐட் தா³த³ பணொந்து³ல்லெர் பண்ட்³ட்³ கொ³த்திஜி.",I received a court notice but I don't understand what it is asking me to do,Courts/Legal-System,,Courts/Legal-System,Land/Property,Torts/Individuals,0.80,True,True,False,The person is confused about which court to go to and what document they need to sign.
hex1,K_full,47,"எங்க் ந்யாயாலயக்³ போபின தாரீக்² தத்ண்ட்³, தா³யெக்³ பண்ட³ எங்க் ஏரேலா ஏப ஏ போடு³ பண்ட்³ட்³ பண்டி³ஜெர்.",I missed a court date because no one explained when I needed to appear,Courts/Legal-System,,Courts/Legal-System,IP/Identity,Torts/Individuals,0.90,True,True,False,The person is confused about which court to go to and their legal options.
hex1,K_full,48,எங்க் என்ன கெல்ஸத³ த⁴னின மித்த் எஞ்ச தூ³ரு கொரோடு³ பண்ட்³ட்³ கொ³த்திஜி.,I don't know how to file a complaint against my employer,Courts/Legal-System,Work/Employment,Housing,Land/Property,Torts/Individuals,0.85,False,False,False,The situation involves someone entering a home without permission which is related to landlord-tenant disputes and trespass into a home or dwelling.
hex1,K_full,49,பொலீஸ்-த³ அகுலு என்ன தூ³ருன் தெ³த்தொனெரெ தயார் இஜ்ஜெர்.,The police would not register my complaint,Courts/Legal-System,,Courts/Legal-System,IP/Identity,Torts/Individuals,0.90,True,True,False,The situation involves communication with law enforcement and understanding their meaning.
hex1,K_full,50,"எங்க் ஒஞ்ஜி வகீல் போ³டு³ பண்ட்³ட்³ பண்டெ³ர், மாத்ர எங்க் வகீல்ன் எஞ்ச நாடோ³டு³ பண்ட்³ட்³ கொ³த்திஜி.",I was told I need a lawyer but I don't know how to find one,Courts/Legal-System,,Consumer/Money/Debt,Land/Property,Courts/Legal-System,0.80,False,True,True,"There is an issue with something not being returned, which could be related to a financial transaction or payment."
hex1,K_full,51,எங்க் கொ³த்திஜந்தே³ யேரா என்ன புத³ர்ட்³ ஸால தெ³த்தொன்யெர்.,Someone opened a loan in my name without my knowledge,IP/Identity,Consumer/Money/Debt,Land/Property,Torts/Individuals,Courts/Legal-System,0.90,False,False,False,The situation involves someone occupying land without permission which falls under property rights issues.
hex1,K_full,52,எனட³ கேனந்தே³ யேரா என்ன போ²டோன் ஜாஹீராதுட்³ உபயோக³ மல்தொந்து³ல்லெர்.,My photo is being used in an advertisement without my permission,IP/Identity,,Consumer/Money/Debt,Work/Employment,Land/Property,0.90,False,False,False,This involves an overcharge beyond what was agreed and possibly money owed from an agreement.
hex1,K_full,53,யேரா என்னலெக ஆன்லைன்-ட்³ நடனெ மல்த்ட்³ என்ன குடும்ப³த³க்லென் டோ³ங்கி³ மல்தொந்து³ல்லெர்.,Someone is pretending to be me online to trick my relatives,IP/Identity,,Consumer/Money/Debt,IP/Identity,Estates/Wills,0.90,False,True,True,The person gave money to someone who promised to return it and is now unable to get it back.
hex1,K_full,54,வொவா ஒஞ்ஜி அங்க³டி³ என்ன குடும்ப³த³ அங்க³டி³த³ புத³ரன் உபயோக³ மல்தொந்து³ண்டு³,A shop is using my family's business name without asking,IP/Identity,,IP/Identity,Land/Property,Work/Employment,0.90,True,True,False,Someone using the person's name without permission
hex1,K_full,55,எங்க்லென குடும்ப³ மல்த்ட்³ மாருன ஸாமாந்த³ டி³ஸைன்-ந் யேரா கண்ட்³தெ³ர்.,Someone stole the design of the products my family makes and sells,IP/Identity,,Estates/Wills,Land/Property,Torts/Individuals,0.90,False,False,False,Inheritance disputes after a family member's death
hex1,K_full,56,என்ன போப ஒஞ்ஜி வில் பு³ட³ந்தே³ தீர் போயி பொ³க்க என்ன மெக்³கெ³-பலயெநகுலு எனன் பு³ட்³டு³ ஆஸ்தின் பூரா பட்டோந்து³ல்லெர்.,My father died without a will and my siblings are dividing everything without me,Estates/Wills,,Torts/Individuals,Land/Property,Housing,0.90,False,False,False,This involves physical harm/damage caused by another person's action.
hex1,K_full,57,என்ன அம்மன ப³ங்கா³ர் எங்க் கொர்பெர் பண்ட்³ பண்டி³ பொ³க்க அம்ம தீர் போயி பொ³க்க என்ன பலயெ அவென் பூரா தெ³த்தொன்யெ.,My mother's jewelry was promised to me but my brother took it after she died,Estates/Wills,,Land/Property,Courts/Legal-System,Estates/Wills,0.90,False,True,True,The situation involves land being taken without permission.
hex1,K_full,58,என்ன போப தீர் போயி பொ³க்க என்ன ஒப்பிகெ³ இஜ்ஜந்தெ³ என்ன போப-அம்மன இல்லன் மார்யெர் பண்ட்³ட்³ கொ³த்தாண்ட்³.,I found out my parents' house was sold after my father's death without our agreement,Estates/Wills,Land/Property,Land/Property,Torts/Individuals,Housing,0.90,False,True,True,The issue involves someone's property being damaged or altered without permission.
hex1,K_full,59,"என்ன மாமு, அஜ்ஜெர்-ந ஜாக³ன் பட்டெரெ கேனோந்தி³ஜ்ஜெர்.",My uncle is refusing to share the property left by my grandfather,Estates/Wills,Land/Property,Land/Property,Courts/Legal-System,Estates/Wills,0.90,False,True,True,This involves someone taking the land without permission.
hex1,K_full,60,என்ன கண்ட³னி தீர் போயி பொ³க்க என்ன கண்ட³னின குடும்ப³த³குலு எனன் எங்க்லென இல்லட்³ குல்யெரெ பு³டோ³ந்தி³ஜ்ஜெர்.,After my husband passed away his family is not letting me stay in our house,Estates/Wills,Housing,Estates/Wills,Land/Property,Courts/Legal-System,0.90,True,True,False,The situation involves inheritance disputes and land or assets disputed after someone passes away.
hex1,L_sparse,41,എങ്കുലു നഡെതൊന്ദുിത്തിനപഗ എന്ന ബരിത്അക്ലെന നായി എന്ന ബാലെൻ ചൂച്ചിണ്ഡ്.,My neighbor's dog bit my child while we were walking,Torts/Individuals,,Courts/Legal-System,IP/Identity,Land/Property,0.90,False,False,False,The situation involves seeking legal action to recover a pet dog.
hex1,L_sparse,42,ഏരൊ എങ്ക്ലെന ഉന്തോന്ദു ഇത്തിന കാർഗ് ആക്ദ് പോയെർ.,Someone crashed into my parked vehicle and drove away,Torts/Individuals,,Consumer/Money/Debt,Courts/Legal-System,Land/Property,0.90,False,False,False,This situation involves overcharging beyond what was agreed upon which is a contract breach involving payment.
hex1,L_sparse,43,ഒഞ്ജി ബേലെദായെ എന്ന മിത്ത് സാമാൻ ബൂഡ്പാദ് എങ്ക് താഗ്ണ്ഡ്.,A worker dropped something that injured me,Torts/Individuals,,Housing,Torts/Individuals,Land/Property,0.85,False,True,True,The situation involves someone entering a home without permission and causing damage.
hex1,L_sparse,44,ഹള്ളിഡ് യേരാ എന്ന ബാഗ്ഗെ സുള്ളു പണ്ഡ്ഡ് എന്ന പുദർന് ഹാൾ മൽതെർ.,Someone spread lies about me that damaged my reputation in the village,Torts/Individuals,,Housing,Consumer/Money/Debt,Torts/Individuals,0.90,False,True,True,The situation involves a landlord-tenant relationship with a dispute over the return of a deposit.
hex1,L_sparse,45,എന്ന നെരെകരെദ അക്ലെന പെത്തലു എന്ന പൂരാ ബുളെൻ തിന്ദ്ഡ് ഹാൾ മൽത്ണ്ഡ്.,My neighbor's cattle keep destroying my crops,Torts/Individuals,Land/Property,Housing,Torts/Individuals,Land/Property,0.90,False,True,True,The unauthorized entry into a home or dwelling is the primary issue.
hex1,L_sparse,46,"എങ്ക് ന്യായാലയദ ഒഞ്ജി കാകജി ബൈദ്ണ്ഡ്, മാത്ര ഐട് ദാദ പണൊന്ദുല്ലെർ പണ്ഡ്ഡ് ഗൊത്തിജി.",I received a court notice but I don't understand what it is asking me to do,Courts/Legal-System,,Courts/Legal-System,Estates/Wills,Land/Property,0.90,True,True,False,The situation involves confusion about which court to go to for their issue.
hex1,L_sparse,47,"എങ്ക് ന്യായാലയഗ് പോപിന താരീഖ് തത്ണ്ഡ്, ദായെഗ് പണ്ഡ എങ്ക് ഏരേലാ ഏപ ഏ പോഡു പണ്ഡ്ഡ് പണ്ഡിജെർ.",I missed a court date because no one explained when I needed to appear,Courts/Legal-System,,Courts/Legal-System,Land/Property,Work/Employment,0.90,True,True,False,The situation involves a problem with going to court due to another party being in a different location or jurisdiction.
hex1,L_sparse,48,എങ്ക് എന്ന കെൽസദ ധനിന മിത്ത് എഞ്ച ദൂരു കൊരോഡു പണ്ഡ്ഡ് ഗൊത്തിജി.,I don't know how to file a complaint against my employer,Courts/Legal-System,Work/Employment,Consumer/Money/Debt,Land/Property,Work/Employment,0.90,False,True,True,This situation involves an overcharge beyond what was agreed upon in a transaction.
hex1,L_sparse,49,പൊലീസ്-ദ അകുലു എന്ന ദൂരുൻ ദെത്തൊനെരെ തയാർ ഇജ്ജെർ.,The police would not register my complaint,Courts/Legal-System,,Consumer/Money/Debt,Torts/Individuals,Courts/Legal-System,0.90,False,True,True,This involves a financial transaction or agreement that has been breached.
hex1,L_sparse,50,"എങ്ക് ഒഞ്ജി വകീൽ ബോഡു പണ്ഡ്ഡ് പണ്ഡെർ, മാത്ര എങ്ക് വകീൽന് എഞ്ച നാഡോഡു പണ്ഡ്ഡ് ഗൊത്തിജി.",I was told I need a lawyer but I don't know how to find one,Courts/Legal-System,,Courts/Legal-System,Consumer/Money/Debt,Work/Employment,0.90,True,True,False,The situation involves legal knowledge and understanding about returning something.
hex1,L_sparse,51,എങ്ക് ഗൊത്തിജന്ദേ യേരാ എന്ന പുദർഡ് സാല ദെത്തൊന്യെർ.,Someone opened a loan in my name without my knowledge,IP/Identity,Consumer/Money/Debt,Torts/Individuals,Land/Property,Courts/Legal-System,0.90,False,False,False,This involves harm or damage caused by another person's negligence.
hex1,L_sparse,52,എനഡ കേനന്ദേ യേരാ എന്ന ഫോടോൻ ജാഹീരാതുഡ് ഉപയോഗ മൽതൊന്ദുല്ലെർ.,My photo is being used in an advertisement without my permission,IP/Identity,,PARSE_FAILURE_NO_ANSWER,PARSE_FAILURE_NO_ANSWER,PARSE_FAILURE_NO_ANSWER,0.00,False,False,False,parse error
hex1,L_sparse,53,യേരാ എന്നലെക ആൻലൈൻ-ഡ് നടനെ മൽത്ഡ് എന്ന കുടുംബദക്ലെൻ ഡോംഗി മൽതൊന്ദുല്ലെർ.,Someone is pretending to be me online to trick my relatives,IP/Identity,,Estates/Wills,Land/Property,Courts/Legal-System,0.90,False,False,False,This category directly addresses inheritance disputes and issues related to what happens to property or assets after someone passes away.
hex1,L_sparse,54,വൊവാ ഒഞ്ജി അംഗഡി എന്ന കുടുംബദ അംഗഡിദ പുദരൻ ഉപയോഗ മൽതൊന്ദുണ്ഡു,A shop is using my family's business name without asking,IP/Identity,,Land/Property,Torts/Individuals,Courts/Legal-System,0.90,False,False,False,"This category directly addresses issues related to land and property rights, which in this case involves someone using the family member's land without permission."
hex1,L_sparse,55,എങ്ക്ലെന കുടുംബ മൽത്ഡ് മാരുന സാമാന്ദ ഡിസൈൻ-ന് യേരാ കണ്ഡ്ദെർ.,Someone stole the design of the products my family makes and sells,IP/Identity,,Land/Property,Torts/Individuals,Courts/Legal-System,0.85,False,False,False,The family's property has been damaged without permission.
hex1,L_sparse,56,എന്ന പോപ ഒഞ്ജി വിൽ ബുഡന്ദേ തീർ പോയി ബൊക്ക എന്ന മെഗ്ഗെ-പലയെനകുലു എനൻ ബുഡ്ഡു ആസ്തിൻ പൂരാ പട്ടോന്ദുല്ലെർ.,My father died without a will and my siblings are dividing everything without me,Estates/Wills,,Land/Property,Torts/Individuals,Courts/Legal-System,0.90,False,False,False,The issue revolves around someone taking the property (land) without permission.
hex1,L_sparse,57,എന്ന അമ്മന ബംഗാർ എങ്ക് കൊർപെർ പണ്ഡ് പണ്ഡി ബൊക്ക അമ്മ തീർ പോയി ബൊക്ക എന്ന പലയെ അവെൻ പൂരാ ദെത്തൊന്യെ.,My mother's jewelry was promised to me but my brother took it after she died,Estates/Wills,,PARSE_FAILURE_NO_ANSWER,PARSE_FAILURE_NO_ANSWER,PARSE_FAILURE_NO_ANSWER,0.00,False,False,False,parse error
hex1,L_sparse,58,എന്ന പോപ തീർ പോയി ബൊക്ക എന്ന ഒപ്പിഗെ ഇജ്ജന്ദെ എന്ന പോപ-അമ്മന ഇല്ലൻ മാര്യെർ പണ്ഡ്ഡ് ഗൊത്താണ്ഡ്.,I found out my parents' house was sold after my father's death without our agreement,Estates/Wills,Land/Property,Courts/Legal-System,Land/Property,Torts/Individuals,0.80,False,True,True,The situation involves confusion about who can enter a place and may involve legal issues.
hex1,L_sparse,59,"എന്ന മാമു, അജ്ജെർ-ന ജാഗൻ പട്ടെരെ കേനോന്ദിജ്ജെർ.",My uncle is refusing to share the property left by my grandfather,Estates/Wills,Land/Property,Torts/Individuals,Land/Property,Courts/Legal-System,0.90,False,True,True,This involves harm caused by another person's negligence or action.
hex1,L_sparse,60,എന്ന കണ്ഡനി തീർ പോയി ബൊക്ക എന്ന കണ്ഡനിന കുടുംബദകുലു എനൻ എങ്ക്ലെന ഇല്ലഡ് കുല്യെരെ ബുഡോന്ദിജ്ജെർ.,After my husband passed away his family is not letting me stay in our house,Estates/Wills,Housing,Land/Property,Courts/Legal-System,Torts/Individuals,0.90,False,False,False,The issue involves someone occupying land without permission and refusing to leave.
hex1,L_full,41,എങ്കുലു നഡെതൊന്ദുിത്തിനപഗ എന്ന ബരിത്അക്ലെന നായി എന്ന ബാലെൻ ചൂച്ചിണ്ഡ്.,My neighbor's dog bit my child while we were walking,Torts/Individuals,,Torts/Individuals,IP/Identity,Courts/Legal-System,0.80,True,True,False,This situation involves someone breaking into a home without permission and taking the child.
hex1,L_full,42,ഏരൊ എങ്ക്ലെന ഉന്തോന്ദു ഇത്തിന കാർഗ് ആക്ദ് പോയെർ.,Someone crashed into my parked vehicle and drove away,Torts/Individuals,,Land/Property,Torts/Individuals,Housing,0.95,False,True,True,"The situation involves someone entering without permission and refusing to leave, which is related to land or property rights."
hex1,L_full,43,ഒഞ്ജി ബേലെദായെ എന്ന മിത്ത് സാമാൻ ബൂഡ്പാദ് എങ്ക് താഗ്ണ്ഡ്.,A worker dropped something that injured me,Torts/Individuals,,Land/Property,Estates/Wills,Courts/Legal-System,0.90,False,False,False,The situation involves someone taking the land without permission or right.
hex1,L_full,44,ഹള്ളിഡ് യേരാ എന്ന ബാഗ്ഗെ സുള്ളു പണ്ഡ്ഡ് എന്ന പുദർന് ഹാൾ മൽതെർ.,Someone spread lies about me that damaged my reputation in the village,Torts/Individuals,,Torts/Individuals,Land/Property,Housing,0.90,True,True,False,This involves physical harm/damage caused by another person's action.
hex1,L_full,45,എന്ന നെരെകരെദ അക്ലെന പെത്തലു എന്ന പൂരാ ബുളെൻ തിന്ദ്ഡ് ഹാൾ മൽത്ണ്ഡ്.,My neighbor's cattle keep destroying my crops,Torts/Individuals,Land/Property,Torts/Individuals,Land/Property,Consumer/Money/Debt,0.90,True,True,False,The individual's property (fence) has been damaged by another person's negligence.
hex1,L_full,46,"എങ്ക് ന്യായാലയദ ഒഞ്ജി കാകജി ബൈദ്ണ്ഡ്, മാത്ര ഐട് ദാദ പണൊന്ദുല്ലെർ പണ്ഡ്ഡ് ഗൊത്തിജി.",I received a court notice but I don't understand what it is asking me to do,Courts/Legal-System,,Courts/Legal-System,Land/Property,Work/Employment,0.90,True,True,False,The person is confused about which court to go to and filing a complaint due to misunderstanding with another party.
hex1,L_full,47,"എങ്ക് ന്യായാലയഗ് പോപിന താരീഖ് തത്ണ്ഡ്, ദായെഗ് പണ്ഡ എങ്ക് ഏരേലാ ഏപ ഏ പോഡു പണ്ഡ്ഡ് പണ്ഡിജെർ.",I missed a court date because no one explained when I needed to appear,Courts/Legal-System,,Courts/Legal-System,Work/Employment,Land/Property,0.90,True,True,False,The person is confused about which court to go to and filing a complaint.
hex1,L_full,48,എങ്ക് എന്ന കെൽസദ ധനിന മിത്ത് എഞ്ച ദൂരു കൊരോഡു പണ്ഡ്ഡ് ഗൊത്തിജി.,I don't know how to file a complaint against my employer,Courts/Legal-System,Work/Employment,Consumer/Money/Debt,IP/Identity,Courts/Legal-System,0.90,False,True,True,The issue involves money and a breach of contract or agreement.
hex1,L_full,49,പൊലീസ്-ദ അകുലു എന്ന ദൂരുൻ ദെത്തൊനെരെ തയാർ ഇജ്ജെർ.,The police would not register my complaint,Courts/Legal-System,,Consumer/Money/Debt,Torts/Individuals,Courts/Legal-System,0.75,False,True,True,The complainant may feel they were overcharged or unfairly billed by the police department for services rendered.
hex1,L_full,50,"എങ്ക് ഒഞ്ജി വകീൽ ബോഡു പണ്ഡ്ഡ് പണ്ഡെർ, മാത്ര എങ്ക് വകീൽന് എഞ്ച നാഡോഡു പണ്ഡ്ഡ് ഗൊത്തിജി.",I was told I need a lawyer but I don't know how to find one,Courts/Legal-System,,IP/Identity,Courts/Legal-System,Land/Property,0.90,False,True,True,The situation involves someone using the person's name without permission.
hex1,L_full,51,എങ്ക് ഗൊത്തിജന്ദേ യേരാ എന്ന പുദർഡ് സാല ദെത്തൊന്യെർ.,Someone opened a loan in my name without my knowledge,IP/Identity,Consumer/Money/Debt,Torts/Individuals,Land/Property,Courts/Legal-System,0.90,False,False,False,This category fits well because it involves physical harm/damage caused by another person.
hex1,L_full,52,എനഡ കേനന്ദേ യേരാ എന്ന ഫോടോൻ ജാഹീരാതുഡ് ഉപയോഗ മൽതൊന്ദുല്ലെർ.,My photo is being used in an advertisement without my permission,IP/Identity,,IP/Identity,Land/Property,Courts/Legal-System,0.95,True,True,False,Someone using your name without permission
hex1,L_full,53,യേരാ എന്നലെക ആൻലൈൻ-ഡ് നടനെ മൽത്ഡ് എന്ന കുടുംബദക്ലെൻ ഡോംഗി മൽതൊന്ദുല്ലെർ.,Someone is pretending to be me online to trick my relatives,IP/Identity,,Estates/Wills,Land/Property,Courts/Legal-System,0.90,False,False,False,This involves inheritance disputes and land or assets disputed after someone passes away.
hex1,L_full,54,വൊവാ ഒഞ്ജി അംഗഡി എന്ന കുടുംബദ അംഗഡിദ പുദരൻ ഉപയോഗ മൽതൊന്ദുണ്ഡു,A shop is using my family's business name without asking,IP/Identity,,IP/Identity,Torts/Individuals,Courts/Legal-System,0.90,True,True,False,The situation involves someone else using the person's name without permission.
hex1,L_full,55,എങ്ക്ലെന കുടുംബ മൽത്ഡ് മാരുന സാമാന്ദ ഡിസൈൻ-ന് യേരാ കണ്ഡ്ദെർ.,Someone stole the design of the products my family makes and sells,IP/Identity,,Estates/Wills,Land/Property,Torts/Individuals,0.90,False,False,False,This situation involves an inheritance dispute after a family member's death and land or assets being disputed.
hex1,L_full,56,എന്ന പോപ ഒഞ്ജി വിൽ ബുഡന്ദേ തീർ പോയി ബൊക്ക എന്ന മെഗ്ഗെ-പലയെനകുലു എനൻ ബുഡ്ഡു ആസ്തിൻ പൂരാ പട്ടോന്ദുല്ലെർ.,My father died without a will and my siblings are dividing everything without me,Estates/Wills,,Land/Property,Torts/Individuals,Courts/Legal-System,0.90,False,False,False,The person is asking for property that was taken without permission.
hex1,L_full,57,എന്ന അമ്മന ബംഗാർ എങ്ക് കൊർപെർ പണ്ഡ് പണ്ഡി ബൊക്ക അമ്മ തീർ പോയി ബൊക്ക എന്ന പലയെ അവെൻ പൂരാ ദെത്തൊന്യെ.,My mother's jewelry was promised to me but my brother took it after she died,Estates/Wills,,Torts/Individuals,Land/Property,Courts/Legal-System,0.95,False,False,False,Physical harm/damage caused by another person - specifically breaking their mother's house
hex1,L_full,58,എന്ന പോപ തീർ പോയി ബൊക്ക എന്ന ഒപ്പിഗെ ഇജ്ജന്ദെ എന്ന പോപ-അമ്മന ഇല്ലൻ മാര്യെർ പണ്ഡ്ഡ് ഗൊത്താണ്ഡ്.,I found out my parents' house was sold after my father's death without our agreement,Estates/Wills,Land/Property,PARSE_FAILURE_NO_ANSWER,PARSE_FAILURE_NO_ANSWER,PARSE_FAILURE_NO_ANSWER,0.00,False,False,False,parse error
hex1,L_full,59,"എന്ന മാമു, അജ്ജെർ-ന ജാഗൻ പട്ടെരെ കേനോന്ദിജ്ജെർ.",My uncle is refusing to share the property left by my grandfather,Estates/Wills,Land/Property,PARSE_FAILURE_NO_ANSWER,PARSE_FAILURE_NO_ANSWER,PARSE_FAILURE_NO_ANSWER,0.00,False,False,False,parse error
hex1,L_full,60,എന്ന കണ്ഡനി തീർ പോയി ബൊക്ക എന്ന കണ്ഡനിന കുടുംബദകുലു എനൻ എങ്ക്ലെന ഇല്ലഡ് കുല്യെരെ ബുഡോന്ദിജ്ജെർ.,After my husband passed away his family is not letting me stay in our house,Estates/Wills,Housing,Estates/Wills,Land/Property,Courts/Legal-System,0.95,True,True,False,This involves inheritance disputes and property distribution after someone's death.
hex1,M_sparse,41,enkulu nadetonduittinapaga enna baritaklena nayi enna balen cuccind.,My neighbor's dog bit my child while we were walking,Torts/Individuals,,Consumer/Money/Debt,Land/Property,Torts/Individuals,0.90,False,True,True,This situation seems to be related to a contract breach involving payment and overcharging beyond what was agreed.
hex1,M_sparse,42,ero enklena untondu ittina karg akd poyer.,Someone crashed into my parked vehicle and drove away,Torts/Individuals,,Torts/Individuals,Courts/Legal-System,Work/Employment,0.95,True,True,False,This involves harm/damage caused by another individual (the child) and concern for safety.
hex1,M_sparse,43,onji beledaye enna mitt saman budpad enk tagnd.,A worker dropped something that injured me,Torts/Individuals,,Consumer/Money/Debt,Housing,Torts/Individuals,0.90,False,True,True,"This situation involves overcharging beyond what was agreed upon in a contract, which is a financial issue between two parties."
hex1,M_sparse,44,hallid yera enna bagge sullu pandd enna pudarn hal malter.,Someone spread lies about me that damaged my reputation in the village,Torts/Individuals,,Consumer/Money/Debt,Land/Property,Work/Employment,0.90,False,False,False,This situation involves overcharging beyond what was agreed and possibly money owed from an agreement.
hex1,M_sparse,45,enna nerekareda aklena pettalu enna pura bulen tindd hal maltnd.,My neighbor's cattle keep destroying my crops,Torts/Individuals,Land/Property,Consumer/Money/Debt,Land/Property,Torts/Individuals,0.90,False,True,True,This situation involves overcharging beyond what was agreed and possibly money owed from an agreement.
hex1,M_sparse,46,"enk nyayalayada onji kakaji baidnd, matra ait dada panonduller pandd gottiji.",I received a court notice but I don't understand what it is asking me to do,Courts/Legal-System,,Consumer/Money/Debt,Torts/Individuals,Courts/Legal-System,0.90,False,True,True,The situation involves overcharging beyond what was agreed upon and money owed from an agreement.
hex1,M_sparse,47,"enk nyayalayag popina tarikh tatnd, dayeg panda enk erela epa e podu pandd pandijer.",I missed a court date because no one explained when I needed to appear,Courts/Legal-System,,Consumer/Money/Debt,Work/Employment,Land/Property,0.90,False,False,False,This category fits well because it involves a financial issue related to an agreement that was not fulfilled.
hex1,M_sparse,48,enk enna kelsada dhanina mitt enca duru korodu pandd gottiji.,I don't know how to file a complaint against my employer,Courts/Legal-System,Work/Employment,Consumer/Money/Debt,Land/Property,Work/Employment,0.90,False,True,True,This situation involves a financial issue with an agreement that has not been honored.
hex1,M_sparse,49,polis-da akulu enna durun dettonere tayar ijjer.,The police would not register my complaint,Courts/Legal-System,,Consumer/Money/Debt,IP/Identity,Courts/Legal-System,0.90,False,True,True,This situation involves a problem with money owed but not paid and possibly fraud.
hex1,M_sparse,50,"enk onji vakil bodu pandd pander, matra enk vakiln enca nadodu pandd gottiji.",I was told I need a lawyer but I don't know how to find one,Courts/Legal-System,,Consumer/Money/Debt,Land/Property,Work/Employment,0.90,False,False,False,This situation involves an overcharge from a service or product agreement.
hex1,M_sparse,51,enk gottijande yera enna pudard sala dettonyer.,Someone opened a loan in my name without my knowledge,IP/Identity,Consumer/Money/Debt,Consumer/Money/Debt,Courts/Legal-System,Land/Property,0.80,False,True,True,This involves an issue with payment or debt.
hex1,M_sparse,52,enada kenande yera enna photon jahiratud upayoga maltonduller.,My photo is being used in an advertisement without my permission,IP/Identity,,Consumer/Money/Debt,Land/Property,Torts/Individuals,0.90,False,False,False,This situation seems to be about overcharging beyond what was agreed upon and possibly money owed from an agreement.
hex1,M_sparse,53,yera ennaleka anlain-d natane maltd enna kutunbadaklen dongi maltonduller.,Someone is pretending to be me online to trick my relatives,IP/Identity,,Consumer/Money/Debt,Land/Property,Courts/Legal-System,0.90,False,False,False,This situation involves a contract breach involving payment and overcharging.
hex1,M_sparse,54,vova onji angadi enna kutunbada angadida pudaran upayoga maltondundu,A shop is using my family's business name without asking,IP/Identity,,Land/Property,Torts/Individuals,Courts/Legal-System,0.90,False,False,False,This situation involves someone taking land without permission and refusing to leave.
hex1,M_sparse,55,enklena kutunba maltd maruna samanda disain-n yera kandder.,Someone stole the design of the products my family makes and sells,IP/Identity,,Housing,Courts/Legal-System,Torts/Individuals,0.90,False,False,False,This involves an unauthorized entry into a dwelling.
hex1,M_sparse,56,enna popa onji vil budande tir poyi bokka enna megge-palayenakulu enan buddu astin pura pattonduller.,My father died without a will and my siblings are dividing everything without me,Estates/Wills,,Land/Property,Consumer/Money/Debt,Torts/Individuals,0.95,False,False,False,The situation involves a vehicle (property) being misused or damaged.
hex1,M_sparse,57,enna ammana bangar enk korper pand pandi bokka amma tir poyi bokka enna palaye aven pura dettonye.,My mother's jewelry was promised to me but my brother took it after she died,Estates/Wills,,Land/Property,Torts/Individuals,Courts/Legal-System,0.80,False,False,False,The person is asking for the return of their mother's property that has been damaged.
hex1,M_sparse,58,enna popa tir poyi bokka enna oppige ijjande enna popa-ammana illan maryer pandd gottand.,I found out my parents' house was sold after my father's death without our agreement,Estates/Wills,Land/Property,Consumer/Money/Debt,Land/Property,Torts/Individuals,0.90,False,True,True,This involves overcharging which is a breach of contract involving payment.
hex1,M_sparse,59,"enna mamu, ajjer-na jagan pattere kenondijjer.",My uncle is refusing to share the property left by my grandfather,Estates/Wills,Land/Property,Consumer/Money/Debt,Land/Property,Housing,0.90,False,True,True,This involves an overcharge beyond what was agreed upon in a transaction.
hex1,M_sparse,60,enna kandani tir poyi bokka enna kandanina kutunbadakulu enan enklena illad kulyere budondijjer.,After my husband passed away his family is not letting me stay in our house,Estates/Wills,Housing,Land/Property,Torts/Individuals,Courts/Legal-System,0.90,False,False,False,"This category directly addresses issues related to land or property disputes. In this case, the dispute involves someone taking the land without permission."
hex1,M_full,41,enkulu nadetonduittinapaga enna baritaklena nayi enna balen cuccind.,My neighbor's dog bit my child while we were walking,Torts/Individuals,,Land/Property,Torts/Individuals,Courts/Legal-System,0.90,False,True,True,The issue involves someone occupying land without permission and not leaving after being asked to do so.
hex1,M_full,42,ero enklena untondu ittina karg akd poyer.,Someone crashed into my parked vehicle and drove away,Torts/Individuals,,Courts/Legal-System,Land/Property,Work/Employment,0.90,False,False,False,The person is asking for help understanding which court to go to and likely needs assistance with filing a complaint.
hex1,M_full,43,onji beledaye enna mitt saman budpad enk tagnd.,A worker dropped something that injured me,Torts/Individuals,,Land/Property,Torts/Individuals,Courts/Legal-System,0.90,False,True,True,This involves someone occupying land without permission and refusing to leave.
hex1,M_full,44,hallid yera enna bagge sullu pandd enna pudarn hal malter.,Someone spread lies about me that damaged my reputation in the village,Torts/Individuals,,Torts/Individuals,Land/Property,Courts/Legal-System,0.90,True,True,False,This is trespass into a home or dwelling
hex1,M_full,45,enna nerekareda aklena pettalu enna pura bulen tindd hal maltnd.,My neighbor's cattle keep destroying my crops,Torts/Individuals,Land/Property,Land/Property,Courts/Legal-System,Torts/Individuals,0.95,False,True,True,The issue involves land being wrongfully taken without permission.
hex1,M_full,46,"enk nyayalayada onji kakaji baidnd, matra ait dada panonduller pandd gottiji.",I received a court notice but I don't understand what it is asking me to do,Courts/Legal-System,,Courts/Legal-System,Consumer/Money/Debt,Work/Employment,0.90,True,True,False,The situation involves confusion about signing a document and potential legal implications.
hex1,M_full,47,"enk nyayalayag popina tarikh tatnd, dayeg panda enk erela epa e podu pandd pandijer.",I missed a court date because no one explained when I needed to appear,Courts/Legal-System,,Land/Property,Torts/Individuals,Courts/Legal-System,0.85,False,True,True,The situation seems to revolve around issues related to land or property rights and disputes.
hex1,M_full,48,enk enna kelsada dhanina mitt enca duru korodu pandd gottiji.,I don't know how to file a complaint against my employer,Courts/Legal-System,Work/Employment,Housing,Land/Property,Torts/Individuals,0.85,False,False,False,Trespass into a home or dwelling
hex1,M_full,49,polis-da akulu enna durun dettonere tayar ijjer.,The police would not register my complaint,Courts/Legal-System,,Courts/Legal-System,Land/Property,Torts/Individuals,0.90,True,True,False,The person is asking for help understanding which court to go to likely due to a legal issue that requires court intervention.
hex1,M_full,50,"enk onji vakil bodu pandd pander, matra enk vakiln enca nadodu pandd gottiji.",I was told I need a lawyer but I don't know how to find one,Courts/Legal-System,,Consumer/Money/Debt,Courts/Legal-System,Work/Employment,0.90,False,True,True,This involves a financial transaction or agreement that has been breached.
hex1,M_full,51,enk gottijande yera enna pudard sala dettonyer.,Someone opened a loan in my name without my knowledge,IP/Identity,Consumer/Money/Debt,Torts/Individuals,Land/Property,Consumer/Money/Debt,0.90,False,True,True,This involves physical harm/damage caused by another person's action.
hex1,M_full,52,enada kenande yera enna photon jahiratud upayoga maltonduller.,My photo is being used in an advertisement without my permission,IP/Identity,,Consumer/Money/Debt,Torts/Individuals,Courts/Legal-System,0.90,False,False,False,This category fits best because it involves an agreement and payment.
hex1,M_full,53,yera ennaleka anlain-d natane maltd enna kutunbadaklen dongi maltonduller.,Someone is pretending to be me online to trick my relatives,IP/Identity,,Courts/Legal-System,Land/Property,Torts/Individuals,0.90,False,False,False,The person is asking for help understanding which court to go to and likely needs guidance on filing a complaint.
hex1,M_full,54,vova onji angadi enna kutunbada angadida pudaran upayoga maltondundu,A shop is using my family's business name without asking,IP/Identity,,Torts/Individuals,Land/Property,Courts/Legal-System,0.90,False,False,False,Physical harm/damage caused by another individual
hex1,M_full,55,enklena kutunba maltd maruna samanda disain-n yera kandder.,Someone stole the design of the products my family makes and sells,IP/Identity,,Consumer/Money/Debt,Work/Employment,Land/Property,0.90,False,False,False,The issue involves a loan or debt that has not been repaid.
hex1,M_full,56,enna popa onji vil budande tir poyi bokka enna megge-palayenakulu enan buddu astin pura pattonduller.,My father died without a will and my siblings are dividing everything without me,Estates/Wills,,Work/Employment,Consumer/Money/Debt,Land/Property,0.90,False,False,False,The situation involves an employer-employee relationship and potential contract issues.
hex1,M_full,57,enna ammana bangar enk korper pand pandi bokka amma tir poyi bokka enna palaye aven pura dettonye.,My mother's jewelry was promised to me but my brother took it after she died,Estates/Wills,,Land/Property,Estates/Wills,Courts/Legal-System,0.90,False,True,True,This category directly addresses issues related to land or property disputes.
hex1,M_full,58,enna popa tir poyi bokka enna oppige ijjande enna popa-ammana illan maryer pandd gottand.,I found out my parents' house was sold after my father's death without our agreement,Estates/Wills,Land/Property,Torts/Individuals,Land/Property,Courts/Legal-System,0.90,False,True,True,This involves an individual causing harm by entering the property without permission.
hex1,M_full,59,"enna mamu, ajjer-na jagan pattere kenondijjer.",My uncle is refusing to share the property left by my grandfather,Estates/Wills,Land/Property,Consumer/Money/Debt,Land/Property,Torts/Individuals,0.90,False,True,True,The situation involves someone owing money and not paying it back.
hex1,M_full,60,enna kandani tir poyi bokka enna kandanina kutunbadakulu enan enklena illad kulyere budondijjer.,After my husband passed away his family is not letting me stay in our house,Estates/Wills,Housing,Land/Property,Torts/Individuals,Courts/Legal-System,0.90,False,False,False,This involves land being taken without permission and refusing to leave.
