model,condition,id,display_text,english_gloss,list_primary,list_secondary,pred_top1,pred_top2,pred_top3,top1_confidence,hits1,hits3,partial_credit,top1_reasoning
llama3,A,21,My landlord is trying to raise my rent before our agreement ends,My landlord is trying to raise my rent before our agreement ends,Housing,Consumer/Money/Debt,Housing,Consumer/Money/Debt,Work/Employment,0.90,True,True,False,"The person's problem revolves around a dispute with their landlord regarding rent, which is directly related to housing."
llama3,A,22,The people next door make so much noise I cannot sleep at night,The people next door make so much noise I cannot sleep at night,Housing,Torts/Individuals,Torts/Individuals,Housing,Consumer/Money/Debt,0.90,False,True,True,"The situation involves a private nuisance caused by the neighbor's actions, which is a classic example of a tort."
llama3,A,23,My landlord will not fix the broken pipe in my kitchen,My landlord will not fix the broken pipe in my kitchen,Housing,,Housing,Torts/Individuals,Courts/Legal-System,0.90,True,True,False,The situation involves a residential property and a landlord's responsibility to maintain it.
llama3,A,24,I was told to leave my rented house with only two days notice,I was told to leave my rented house with only two days notice,Housing,,Housing,Torts/Individuals,Courts/Legal-System,0.90,True,True,False,The situation revolves around a rental property and the person's right to occupy it.
llama3,A,25,My roommate moved out and left me to pay all the rent,My roommate moved out and left me to pay all the rent,Housing,Consumer/Money/Debt,Consumer/Money/Debt,Housing,Torts/Individuals,0.90,False,True,True,The person is facing a financial problem due to their roommate leaving them with all the rent responsibilities.
llama3,A,26,The shop owner sold me a broken phone and won't give my money back,The shop owner sold me a broken phone and won't give my money back,Consumer/Money/Debt,,Torts/Individuals,Consumer/Money/Debt,Courts/Legal-System,0.90,False,True,True,The situation involves a dispute between two individuals and falls under tort law.
llama3,A,27,I paid for a service that was never completed,I paid for a service that was never completed,Consumer/Money/Debt,,Consumer/Money/Debt,Torts/Individuals,Courts/Legal-System,0.90,True,True,False,"The person paid for a service that was not completed, which is a classic example of a consumer issue involving money or debt."
llama3,A,28,My brother borrowed money from me two years ago and still has not paid,My brother borrowed money from me two years ago and still has not paid,Consumer/Money/Debt,,Consumer/Money/Debt,Torts/Individuals,Housing,0.90,True,True,False,"The situation involves a personal loan between family members that has not been repaid, which falls under the broader category of consumer debt."
llama3,A,29,The bank is charging me fees I never agreed to,The bank is charging me fees I never agreed to,Consumer/Money/Debt,,Consumer/Money/Debt,Housing,Work/Employment,0.90,True,True,False,"The situation revolves around a financial transaction that the person did not agree to, which falls under consumer protection and debt-related issues."
llama3,A,30,Someone convinced me to invest in something that turned out to be fake,Someone convinced me to invest in something that turned out to be fake,Consumer/Money/Debt,,Consumer/Money/Debt,Torts/Individuals,Work/Employment,0.90,True,True,False,"The person has invested in something that turned out to be fake, resulting in a financial loss."
llama3,A,31,My workplace has not paid me for the extra hours I worked,My workplace has not paid me for the extra hours I worked,Work/Employment,,Work/Employment,Consumer/Money/Debt,Torts/Individuals,0.90,True,True,False,The person's problem is directly related to their employment and lack of payment.
llama3,A,32,I was fired the same week I told my boss I was sick,I was fired the same week I told my boss I was sick,Work/Employment,,Work/Employment,Torts/Individuals,IP/Identity,0.90,True,True,False,The situation revolves around the person's employment being terminated.
llama3,A,33,My employer is making me work without the safety equipment I was promised,My employer is making me work without the safety equipment I was promised,Work/Employment,,Work/Employment,Torts/Individuals,Consumer/Money/Debt,0.90,True,True,False,The situation revolves around the person's employment relationship and a breach of promised safety equipment.
llama3,A,34,I was promised a promotion but someone else got it without explanation,I was promised a promotion but someone else got it without explanation,Work/Employment,,Work/Employment,Torts/Individuals,Courts/Legal-System,0.90,True,True,False,The situation revolves around a job-related issue and perceived breach of promise.
llama3,A,35,My employer refuses to give me my final paycheck after I quit,My employer refuses to give me my final paycheck after I quit,Work/Employment,Consumer/Money/Debt,Work/Employment,Consumer/Money/Debt,Torts/Individuals,0.90,True,True,False,The situation involves a dispute between an employee and their employer regarding payment for work done.
llama3,A,36,My neighbor built a wall that crosses onto my land,My neighbor built a wall that crosses onto my land,Land/Property,,Land/Property,Torts/Individuals,Housing,0.90,True,True,False,The issue revolves around a physical boundary and the ownership of the land.
llama3,A,37,Someone is tilling on land that belongs to my family without asking,Someone is tilling on land that belongs to my family without asking,Land/Property,,Land/Property,Torts/Individuals,Courts/Legal-System,0.90,True,True,False,The situation involves a dispute over ownership and use of land.
llama3,A,38,The boundary markers on my property were moved without my knowledge,The boundary markers on my property were moved without my knowledge,Land/Property,,Land/Property,Housing,Torts/Individuals,0.90,True,True,False,The issue revolves around physical boundaries of property being altered without consent.
llama3,A,39,My brother is claiming a part of our family's land is his alone,My brother is claiming a part of our family's land is his alone,Land/Property,Estates/Wills,Land/Property,Torts/Individuals,Courts/Legal-System,0.90,True,True,False,"The situation involves a dispute over ownership of family land, which is a classic example of a Land/Property issue."
llama3,A,40,Someone cut down trees on my property without permission,Someone cut down trees on my property without permission,Land/Property,Torts/Individuals,Torts/Individuals,Land/Property,Courts/Legal-System,0.90,False,True,True,Unauthorized action taken by another individual that affects property rights
llama3,B,21,enklena tirpu maltina samayada dunbu enna dhani badige jasti malpere prayatna maltonduller.,My landlord is trying to raise my rent before our agreement ends,Housing,Consumer/Money/Debt,Estates/Wills,Courts/Legal-System,Torts/Individuals,0.90,False,False,False,"The situation involves a dispute over property rights and inheritance, which are typical issues related to estates and wills."
llama3,B,22,baritakulu et bobbe padonduller panda enk ratred jeppere avondiji.,The people next door make so much noise I cannot sleep at night,Housing,Torts/Individuals,Land/Property,Torts/Individuals,Housing,0.90,False,True,True,The situation involves someone taking the person's land without permission and refusing to leave.
llama3,B,23,enna adipilda hal ayina nallin enna dhani sari malpere tayar ijjer.,My landlord will not fix the broken pipe in my kitchen,Housing,,Estates/Wills,Courts/Legal-System,Torts/Individuals,0.80,False,False,False,"The situation involves a dispute over inheritance or property rights, which is typical of estates and wills."
llama3,B,24,enk badigeda illan budiyere khali radd dinata vayide koryer.,I was told to leave my rented house with only two days notice,Housing,,Consumer/Money/Debt,Housing,Work/Employment,0.90,False,True,True,"The situation involves borrowing and repaying money, which is a classic consumer finance issue."
llama3,B,25,enna sahavasi ill buddu badadigen pura enna mitte padd poyer.,My roommate moved out and left me to pay all the rent,Housing,Consumer/Money/Debt,Courts/Legal-System,Work/Employment,Housing,0.80,False,True,True,"The passage mentions a court case (ಪ್ರಧಾನ ಸಿವಿಲ್ ನ್ಯಾಯಾಧೀಶರು) and the person's education background, which suggests that they are seeking legal recourse or have a dispute to resolve."
llama3,B,26,enk onji hal ayna phon-n mard daangadida dhani kasn pira korere tayar ijjer.,The shop owner sold me a broken phone and won't give my money back,Consumer/Money/Debt,,Land/Property,Torts/Individuals,Courts/Legal-System,0.90,False,False,False,The situation involves someone taking the person's land without permission and refusing to leave.
llama3,B,27,yan pura kas kori bokkala belen purti maltijer.,I paid for a service that was never completed,Consumer/Money/Debt,,Estates/Wills,Consumer/Money/Debt,Torts/Individuals,0.80,False,True,True,"The situation involves an inheritance and a will, indicating estate planning is the primary concern."
llama3,B,28,"enna megge radd varshada dunbu ennadda sara dettonde, aven nanla pira kortije.",My brother borrowed money from me two years ago and still has not paid,Consumer/Money/Debt,,Consumer/Money/Debt,Torts/Individuals,Courts/Legal-System,0.90,True,True,False,"The situation involves borrowing and repaying money, which is a classic consumer/money/debt issue."
llama3,B,29,enna oppandina shulkag byank enna mitt kas padondundu.,The bank is charging me fees I never agreed to,Consumer/Money/Debt,,Consumer/Money/Debt,Torts/Individuals,Courts/Legal-System,0.90,True,True,False,The person is struggling to pay a debt and seeking help or guidance on how to resolve the issue.
llama3,B,30,ero enan onji dongi astida mitt kas padere oppayer.,Someone convinced me to invest in something that turned out to be fake,Consumer/Money/Debt,,Estates/Wills,Land/Property,Torts/Individuals,0.90,False,False,False,"The situation involves a dispute over property rights and ownership, which is typical of estate or will-related issues."
llama3,B,31,yan maltina jasti kelsag enk beleda jagadd kas tikkiji.,My workplace has not paid me for the extra hours I worked,Work/Employment,,Housing,Torts/Individuals,Courts/Legal-System,0.90,False,False,False,The situation revolves around a person's need to move into someone else's home.
llama3,B,32,yan dhanita yan hushar ijji pandd pandina varade ar enan beledd detter.,I was fired the same week I told my boss I was sick,Work/Employment,,Consumer/Money/Debt,Courts/Legal-System,Torts/Individuals,0.90,False,False,False,The situation involves a financial issue related to debt or loan repayment.
llama3,B,33,enna dhani enan suraksha dipina saman korper pand pandi bokka aven korande enada bele malpavonduller.,My employer is making me work without the safety equipment I was promised,Work/Employment,,Torts/Individuals,Courts/Legal-System,Housing,0.90,False,False,False,The person is seeking protection from someone else's actions.
llama3,B,34,"enk onji promoshan korper pandd patera koryer, matra dala karana korande bete janak koryer.",I was promised a promotion but someone else got it without explanation,Work/Employment,,Torts/Individuals,Courts/Legal-System,Work/Employment,0.90,False,True,True,"The situation involves an individual experiencing harassment, which falls under the broader category of torts."
llama3,B,35,yan belen budi bokka enna dhani enna akherida sanbalan korondijjer.,My employer refuses to give me my final paycheck after I quit,Work/Employment,Consumer/Money/Debt,Land/Property,Torts/Individuals,Courts/Legal-System,0.90,False,False,False,The situation involves someone taking the person's land without permission.
llama3,B,36,enna nerekaredakulu aklena belin enna jagada ullayi mutta kattader.,My neighbor built a wall that crosses onto my land,Land/Property,,IP/Identity,Torts/Individuals,Courts/Legal-System,0.90,False,False,False,The situation involves unauthorized use of someone's identity or personal information.
llama3,B,37,enda kenande yera enna kutunbada jagad benni dattonduller.,Someone is tilling on land that belongs to my family without asking,Land/Property,,Land/Property,Torts/Individuals,Work/Employment,0.80,True,True,False,"The situation appears to involve disputes over a house or property, which is the primary focus of this category."
llama3,B,38,enna jagada belin yera dett budter.,The boundary markers on my property were moved without my knowledge,Land/Property,,Land/Property,Torts/Individuals,Housing,0.90,True,True,False,"The dispute revolves around physical assets and property, making Land/Property the most likely category."
llama3,B,39,enna palaye enna kutunbada jagada onji bhagan ayena matra pandd panondulle.,My brother is claiming a part of our family's land is his alone,Land/Property,Estates/Wills,Torts/Individuals,Land/Property,Work/Employment,0.90,False,True,True,"The situation involves a personal dispute between family members, which is a classic example of a tort."
llama3,B,40,enda kenande yera enna jagada maran kadter.,Someone cut down trees on my property without permission,Land/Property,Torts/Individuals,Consumer/Money/Debt,Torts/Individuals,Courts/Legal-System,0.80,False,True,True,"The situation appears to be related to a financial issue, specifically a debt or payment problem, given the mention of insufficient funds and a check being returned."
llama3,C_sparse,21,enklena tirpu maltina samayada dunbu enna dhani badige jasti malpere prayatna maltonduller.,My landlord is trying to raise my rent before our agreement ends,Housing,Consumer/Money/Debt,Estates/Wills,Courts/Legal-System,Torts/Individuals,0.90,False,False,False,The situation involves disputes over property rights and inheritance.
llama3,C_sparse,22,baritakulu et bobbe padonduller panda enk ratred jeppere avondiji.,The people next door make so much noise I cannot sleep at night,Housing,Torts/Individuals,Torts/Individuals,Courts/Legal-System,Land/Property,0.90,False,True,True,"The situation involves a family dispute over property and inheritance, which falls under the realm of tort law or individual rights."
llama3,C_sparse,23,enna adipilda hal ayina nallin enna dhani sari malpere tayar ijjer.,My landlord will not fix the broken pipe in my kitchen,Housing,,Estates/Wills,Courts/Legal-System,Torts/Individuals,0.90,False,False,False,The situation involves disputes over property rights and inheritance.
llama3,C_sparse,24,enk badigeda illan budiyere khali radd dinata vayide koryer.,I was told to leave my rented house with only two days notice,Housing,,Consumer/Money/Debt,Housing,Work/Employment,0.90,False,True,True,"The situation involves debt repayment, which is a classic consumer finance issue."
llama3,C_sparse,25,enna sahavasi ill buddu badadigen pura enna mitte padd poyer.,My roommate moved out and left me to pay all the rent,Housing,Consumer/Money/Debt,Courts/Legal-System,Work/Employment,Housing,0.80,False,True,True,The person is seeking a court order to settle an issue related to their education and employment.
llama3,C_sparse,26,enk onji hal ayna phon-n mard daangadida dhani kasn pira korere tayar ijjer.,The shop owner sold me a broken phone and won't give my money back,Consumer/Money/Debt,,Consumer/Money/Debt,Torts/Individuals,Courts/Legal-System,0.90,True,True,False,The person is struggling to pay their debts and facing financial difficulties.
llama3,C_sparse,27,yan pura kas kori bokkala belen purti maltijer.,I paid for a service that was never completed,Consumer/Money/Debt,,Estates/Wills,Land/Property,Torts/Individuals,0.90,False,False,False,The situation involves concerns about what happens to the person's property after they pass away.
llama3,C_sparse,28,"enna megge radd varshada dunbu ennadda sara dettonde, aven nanla pira kortije.",My brother borrowed money from me two years ago and still has not paid,Consumer/Money/Debt,,Torts/Individuals,Courts/Legal-System,Consumer/Money/Debt,0.90,False,True,True,"The situation involves a dispute over property rights, which falls under tort law."
llama3,C_sparse,29,enna oppandina shulkag byank enna mitt kas padondundu.,The bank is charging me fees I never agreed to,Consumer/Money/Debt,,Consumer/Money/Debt,Torts/Individuals,Courts/Legal-System,0.90,True,True,False,The situation involves a debt owed by someone else and the person is refusing to pay back.
llama3,C_sparse,30,ero enan onji dongi astida mitt kas padere oppayer.,Someone convinced me to invest in something that turned out to be fake,Consumer/Money/Debt,,Land/Property,Torts/Individuals,Courts/Legal-System,0.90,False,False,False,The situation involves a dispute over property rights and ownership.
llama3,C_sparse,31,yan maltina jasti kelsag enk beleda jagadd kas tikkiji.,My workplace has not paid me for the extra hours I worked,Work/Employment,,Housing,Consumer/Money/Debt,Courts/Legal-System,0.90,False,False,False,The person needs to move into someone else's home within a month.
llama3,C_sparse,32,yan dhanita yan hushar ijji pandd pandina varade ar enan beledd detter.,I was fired the same week I told my boss I was sick,Work/Employment,,Consumer/Money/Debt,Courts/Legal-System,Torts/Individuals,0.90,False,False,False,The person is facing a financial issue related to debt or loan repayment.
llama3,C_sparse,33,enna dhani enan suraksha dipina saman korper pand pandi bokka aven korande enada bele malpavonduller.,My employer is making me work without the safety equipment I was promised,Work/Employment,,Torts/Individuals,Housing,Consumer/Money/Debt,0.90,False,False,False,"The situation involves someone else's actions that might harm the person's property, which is a classic tort law scenario."
llama3,C_sparse,34,"enk onji promoshan korper pandd patera koryer, matra dala karana korande bete janak koryer.",I was promised a promotion but someone else got it without explanation,Work/Employment,,Torts/Individuals,Courts/Legal-System,Land/Property,0.90,False,False,False,The situation involves a personal dispute between two individuals over property rights.
llama3,C_sparse,35,yan belen budi bokka enna dhani enna akherida sanbalan korondijjer.,My employer refuses to give me my final paycheck after I quit,Work/Employment,Consumer/Money/Debt,Land/Property,Torts/Individuals,Courts/Legal-System,0.90,False,False,False,The situation involves a dispute over property rights and inheritance.
llama3,C_sparse,36,enna nerekaredakulu aklena belin enna jagada ullayi mutta kattader.,My neighbor built a wall that crosses onto my land,Land/Property,,Courts/Legal-System,Torts/Individuals,IP/Identity,0.90,False,False,False,The situation involves a dispute or conflict that may require legal resolution.
llama3,C_sparse,37,enda kenande yera enna kutunbada jagad benni dattonduller.,Someone is tilling on land that belongs to my family without asking,Land/Property,,Land/Property,Torts/Individuals,Courts/Legal-System,0.90,True,True,False,The situation involves disputes over property and inheritance.
llama3,C_sparse,38,enna jagada belin yera dett budter.,The boundary markers on my property were moved without my knowledge,Land/Property,,Torts/Individuals,Consumer/Money/Debt,Housing,0.90,False,False,False,"The situation involves an individual's personal property being taken without consent, which falls under the realm of tort law."
llama3,C_sparse,39,enna palaye enna kutunbada jagada onji bhagan ayena matra pandd panondulle.,My brother is claiming a part of our family's land is his alone,Land/Property,Estates/Wills,Torts/Individuals,Housing,Work/Employment,0.80,False,False,False,The situation involves a personal dispute between two individuals that may lead to legal action.
llama3,C_sparse,40,enda kenande yera enna jagada maran kadter.,Someone cut down trees on my property without permission,Land/Property,Torts/Individuals,Consumer/Money/Debt,Torts/Individuals,Courts/Legal-System,0.90,False,True,True,"The situation involves a debt that needs to be paid, which falls under the umbrella of consumer finance."
llama3,C_full,21,enklena tirpu maltina samayada dunbu enna dhani badige jasti malpere prayatna maltonduller.,My landlord is trying to raise my rent before our agreement ends,Housing,Consumer/Money/Debt,Estates/Wills,Courts/Legal-System,Torts/Individuals,0.90,False,False,False,The situation involves a dispute over property rights and inheritance.
llama3,C_full,22,baritakulu et bobbe padonduller panda enk ratred jeppere avondiji.,The people next door make so much noise I cannot sleep at night,Housing,Torts/Individuals,Torts/Individuals,Courts/Legal-System,Work/Employment,0.90,False,True,True,"The situation appears to be a family dispute related to inheritance, which falls under the broader category of torts or individual rights."
llama3,C_full,23,enna adipilda hal ayina nallin enna dhani sari malpere tayar ijjer.,My landlord will not fix the broken pipe in my kitchen,Housing,,Courts/Legal-System,Estates/Wills,Torts/Individuals,0.80,False,False,False,"The person is seeking a solution to their problem through legal means, as indicated by phrases like 'ಈ ದಿನ ತೀಪರ್ು' and 'ಅಜರ್ಿಯಲ್ಲಿ ನ್ಯಾಯಾಲಯ ಸೂಚಿಸಿದ ಪ್ರಕಾರ'"
llama3,C_full,24,enk badigeda illan budiyere khali radd dinata vayide koryer.,I was told to leave my rented house with only two days notice,Housing,,Consumer/Money/Debt,Housing,Torts/Individuals,0.90,False,True,True,The situation involves debt repayment and financial struggles.
llama3,C_full,25,enna sahavasi ill buddu badadigen pura enna mitte padd poyer.,My roommate moved out and left me to pay all the rent,Housing,Consumer/Money/Debt,Courts/Legal-System,Torts/Individuals,Work/Employment,0.90,False,False,False,"The situation involves a dispute over inheritance and property rights, which would likely require legal intervention to resolve."
llama3,C_full,26,enk onji hal ayna phon-n mard daangadida dhani kasn pira korere tayar ijjer.,The shop owner sold me a broken phone and won't give my money back,Consumer/Money/Debt,,Consumer/Money/Debt,Torts/Individuals,Courts/Legal-System,0.90,True,True,False,The person is struggling to pay their debts and is unable to make timely payments.
llama3,C_full,27,yan pura kas kori bokkala belen purti maltijer.,I paid for a service that was never completed,Consumer/Money/Debt,,Estates/Wills,Land/Property,Torts/Individuals,0.80,False,False,False,"The situation involves an ancestral property, which suggests a matter related to inheritance or estate planning."
llama3,C_full,28,"enna megge radd varshada dunbu ennadda sara dettonde, aven nanla pira kortije.",My brother borrowed money from me two years ago and still has not paid,Consumer/Money/Debt,,Consumer/Money/Debt,Torts/Individuals,Courts/Legal-System,0.80,True,True,False,The person is struggling to pay back a debt or loan.
llama3,C_full,29,enna oppandina shulkag byank enna mitt kas padondundu.,The bank is charging me fees I never agreed to,Consumer/Money/Debt,,Consumer/Money/Debt,Housing,Torts/Individuals,0.80,True,True,False,"The phrase 'enna oppandina shulkag byank enna mitt kas padondundu' suggests a financial issue, possibly related to debt or money owed."
llama3,C_full,30,ero enan onji dongi astida mitt kas padere oppayer.,Someone convinced me to invest in something that turned out to be fake,Consumer/Money/Debt,,Estates/Wills,Torts/Individuals,Consumer/Money/Debt,0.80,False,True,True,"The phrase 'ero enan onji dongi astida mitt kas padere oppayer' suggests a dispute over inheritance or property rights, which is typical of estates and wills cases."
llama3,C_full,31,yan maltina jasti kelsag enk beleda jagadd kas tikkiji.,My workplace has not paid me for the extra hours I worked,Work/Employment,,Housing,Consumer/Money/Debt,Work/Employment,0.90,False,True,True,The situation involves moving into someone else's house and taking care of it for a month.
llama3,C_full,32,yan dhanita yan hushar ijji pandd pandina varade ar enan beledd detter.,I was fired the same week I told my boss I was sick,Work/Employment,,Consumer/Money/Debt,Torts/Individuals,IP/Identity,0.90,False,False,False,"The situation involves a lack of funds and no translation available, which suggests that it may be related to financial issues."
llama3,C_full,33,enna dhani enan suraksha dipina saman korper pand pandi bokka aven korande enada bele malpavonduller.,My employer is making me work without the safety equipment I was promised,Work/Employment,,Housing,Torts/Individuals,Consumer/Money/Debt,0.90,False,False,False,"The situation involves a loan to buy something, which suggests housing-related issues."
llama3,C_full,34,"enk onji promoshan korper pandd patera koryer, matra dala karana korande bete janak koryer.",I was promised a promotion but someone else got it without explanation,Work/Employment,,Torts/Individuals,Courts/Legal-System,IP/Identity,0.90,False,False,False,"The situation involves a personal dispute between two individuals over property rights, which falls under the realm of tort law."
llama3,C_full,35,yan belen budi bokka enna dhani enna akherida sanbalan korondijjer.,My employer refuses to give me my final paycheck after I quit,Work/Employment,Consumer/Money/Debt,Consumer/Money/Debt,Torts/Individuals,Housing,0.90,False,True,True,The person is trying to recover their money that was taken away from them.
llama3,C_full,36,enna nerekaredakulu aklena belin enna jagada ullayi mutta kattader.,My neighbor built a wall that crosses onto my land,Land/Property,,Courts/Legal-System,Work/Employment,Torts/Individuals,0.90,False,False,False,The situation involves a dispute or conflict that may require legal intervention or resolution.
llama3,C_full,37,enda kenande yera enna kutunbada jagad benni dattonduller.,Someone is tilling on land that belongs to my family without asking,Land/Property,,Land/Property,Housing,Work/Employment,0.90,True,True,False,The situation involves disputes over property and inheritance.
llama3,C_full,38,enna jagada belin yera dett budter.,The boundary markers on my property were moved without my knowledge,Land/Property,,Land/Property,Torts/Individuals,Consumer/Money/Debt,0.90,True,True,False,The situation involves a dispute over property and assets.
llama3,C_full,39,enna palaye enna kutunbada jagada onji bhagan ayena matra pandd panondulle.,My brother is claiming a part of our family's land is his alone,Land/Property,Estates/Wills,Torts/Individuals,Housing,Work/Employment,0.90,False,False,False,The situation involves a personal dispute between two individuals that may lead to legal consequences.
llama3,C_full,40,enda kenande yera enna jagada maran kadter.,Someone cut down trees on my property without permission,Land/Property,Torts/Individuals,Consumer/Money/Debt,Torts/Individuals,Courts/Legal-System,0.90,False,True,True,"The situation involves a financial issue related to debt settlement, making Consumer/Money/Debt the most likely category."
llama3,D_sparse,21,ಎಂಕ್ಲೇನ ತಿರ್ಪು ಮಲ್ತಿನ ಸಮಯದ ದುಂಬು ಎನ್ನ ಧನಿ ಬಾಡಿಗೆ ಜಾಸ್ತಿ ಮಲ್ಪೆರೆ ಪ್ರಯತ್ನ ಮಲ್ತೋಂದುಲ್ಲೇರ್.,My landlord is trying to raise my rent before our agreement ends,Housing,Consumer/Money/Debt,Work/Employment,Housing,Estates/Wills,0.80,False,True,True,"The situation appears to be related to the person's family property and inheritance, which may involve some sort of employment or work-related issues."
llama3,D_sparse,22,ಬರೀತಕುಲು ಏತ್ ಬೊಬ್ಬೆ ಪಾಡೋಂದುಲ್ಲೇರ್ ಪನ್ಡ ಎಂಕ್ ರಾತ್ರೆಡ್ ಜೆಪ್ಪೆರೇ ಆವೊಂದಿಜಿ.,The people next door make so much noise I cannot sleep at night,Housing,Torts/Individuals,Courts/Legal-System,IP/Identity,Torts/Individuals,0.90,False,True,True,"The situation involves threats and demands, which suggest a legal or quasi-legal context."
llama3,D_sparse,23,ಎನ್ನ ಅಡಿಪಿಲ್ದಾ ಹಾಳ್ ಆಯಿನ ನಳ್ಳಿನ್ ಎನ್ನ ಧನಿ ಸರಿ ಮಲ್ಪೆರೆ ತಯಾರ್ ಇಜ್ಜೆರ್.,My landlord will not fix the broken pipe in my kitchen,Housing,,Consumer/Money/Debt,Work/Employment,Housing,0.90,False,True,True,The person's primary concern is their financial situation and struggle to pay bills.
llama3,D_sparse,24,ಎಂಕ್ ಬಾಡಿಗೆದ ಇಲ್ಲನ್ ಬುಡಿಯೆರೆ ಖಾಲಿ ರಡ್ಡ್ ದಿನತ ವಯಿದೇ ಕೊರ್ಯೇರ್.,I was told to leave my rented house with only two days notice,Housing,,Housing,Torts/Individuals,Consumer/Money/Debt,0.90,True,True,False,"The person is facing a housing issue, specifically being evicted from their home."
llama3,D_sparse,25,ಎನ್ನ ಸಹವಾಸಿ ಇಲ್ಲ್ ಬುಡ್ದು ಬಾದಡಿಗೆನ್ ಪುರಾ ಎನ್ನ ಮಿತ್ತೆ ಪಾಡ್ದ್ ಪೋಯೇರ್.,My roommate moved out and left me to pay all the rent,Housing,Consumer/Money/Debt,Torts/Individuals,Land/Property,Work/Employment,0.90,False,False,False,"The situation involves a dispute between individuals over shared property, which falls under the realm of tort law."
llama3,D_sparse,26,ಎಂಕ್ ಒಂಜಿ ಹಾಳ್ ಆಯ್ನ ಫೋನ್-ನ್ ಮಾರ್ದ್ ದಅಂಗಡಿದ ಧನಿ ಕಾಸ್ನ್ ಪಿರಾ ಕೊರೆರೆ ತಯಾರ್ ಇಜ್ಜೆರ್.,The shop owner sold me a broken phone and won't give my money back,Consumer/Money/Debt,,Consumer/Money/Debt,Land/Property,Torts/Individuals,0.80,True,True,False,Financial struggles and seeking help suggest a debt or financial difficulty issue.
llama3,D_sparse,27,ಯಾನ್ ಪೂರಾ ಕಾಸ್ ಕೊರಿ ಬೊಕ್ಕಲಾ ಬೇಲೆನ್ ಪೂರ್ತಿ ಮಲ್ತಿಜೆರ್.,I paid for a service that was never completed,Consumer/Money/Debt,,Land/Property,Torts/Individuals,Courts/Legal-System,0.90,False,False,False,The situation involves a dispute over property rights and inheritance.
llama3,D_sparse,28,"ಎನ್ನ ಮೆಗ್ಗೆ ರಡ್ಡ್ ವರ್ಷದ ದುಂಬು ಎನ್ನಡ್ದ ಸಾರ ದೆತ್ತೊಂಡೆ, ಅವೆನ್ ನನ್ಲಾ ಪಿರಾ ಕೊರ್ತಿಜೆ.",My brother borrowed money from me two years ago and still has not paid,Consumer/Money/Debt,,Estates/Wills,Land/Property,Torts/Individuals,0.90,False,False,False,The situation involves a dispute over property rights and inheritance after someone's death.
llama3,D_sparse,29,ಎನ್ನ ಒಪ್ಪಂದಿನ ಶುಲ್ಕಗ್ ಬ್ಯಾಂಕ್ ಎನ್ನ ಮಿತ್ತ್ ಕಾಸ್ ಪಾಡೊಂದುಂಡು.,The bank is charging me fees I never agreed to,Consumer/Money/Debt,,Consumer/Money/Debt,Torts/Individuals,Courts/Legal-System,0.90,True,True,False,The person is disputing a bank fee related to their account.
llama3,D_sparse,30,ಏರೊ ಎನನ್ ಒಂಜಿ ಡೋಂಗಿ ಆಸ್ತಿದ ಮಿತ್ತ್ ಕಾಸ್ ಪಾಡೆರೆ ಒಪ್ಪಾಯೆರ್.,Someone convinced me to invest in something that turned out to be fake,Consumer/Money/Debt,,Land/Property,Torts/Individuals,Estates/Wills,0.90,False,False,False,The situation involves a dispute over a shared property.
llama3,D_sparse,31,ಯಾನ್ ಮಲ್ತಿನ ಜಾಸ್ತಿ ಕೆಲ್ಸಗ್ ಎಂಕ್ ಬೇಲೆದ ಜಾಗಡ್ಡ್ ಕಾಸ್ ತಿಕ್ಕಿಜಿ.,My workplace has not paid me for the extra hours I worked,Work/Employment,,Land/Property,Torts/Individuals,Housing,0.80,False,False,False,The person is facing a problem related to their property (ಜಾಸ್ತಿ) and the fact that someone else's (ಎಂಕ್) property is encroaching on theirs (ಬೇಲೆದ ಜಾಗಡ್ಡ್).
llama3,D_sparse,32,ಯಾನ್ ಧನಿಟ ಯಾನ್ ಹುಷಾರ್ ಇಜ್ಜಿ ಪಂಡ್ಡ್ ಪಂಡಿನ ವಾರಡೆ ಆರ್ ಎನನ್ ಬೇಲೆಡ್ಡ್ ದೆತ್ತೆರ್.,I was fired the same week I told my boss I was sick,Work/Employment,,Courts/Legal-System,Torts/Individuals,IP/Identity,0.90,False,False,False,"The situation involves a legal issue related to property and access, which would typically be resolved through legal means."
llama3,D_sparse,33,ಎನ್ನ ಧನಿ ಎನನ್ ಸುರಕ್ಷ ದೀಪಿನ ಸಾಮಾನ್ ಕೊರ್ಪೆರ್ ಪಂದ್ ಪಂಡಿ ಬೊಕ್ಕ ಅವೆನ್ ಕೊರಂದೇ ಎನಡ ಬೇಲೆ ಮಲ್ಪಾವೊಂದುಲ್ಲೆರ್.,My employer is making me work without the safety equipment I was promised,Work/Employment,,Land/Property,Torts/Individuals,Courts/Legal-System,0.90,False,False,False,The situation involves a dispute over ownership or possession of property.
llama3,D_sparse,34,"ಎಂಕ್ ಒಂಜಿ ಪ್ರೊಮೋಷನ್ ಕೊರ್ಪೆರ್ ಪಂಡ್ಡ್ ಪಾತೇರ ಕೊರ್ಯೆರ್, ಮಾತ್ರ ದಾಲ ಕಾರಣ ಕೊರಂದೇ ಬೇತೆ ಜನಕ್ ಕೊರ್ಯೆರ್.",I was promised a promotion but someone else got it without explanation,Work/Employment,,Consumer/Money/Debt,Land/Property,Work/Employment,0.90,False,True,True,The person's main concern appears to be their financial struggles and economic difficulties.
llama3,D_sparse,35,ಯಾನ್ ಬೇಲೆನ್ ಬುಡಿ ಬೊಕ್ಕ ಎನ್ನ ಧನಿ ಎನ್ನ ಅಖೇರಿದ ಸಂಬಳನ್ ಕೊರೋಂದಿಜ್ಜೆರ್.,My employer refuses to give me my final paycheck after I quit,Work/Employment,Consumer/Money/Debt,Consumer/Money/Debt,Torts/Individuals,Housing,0.90,False,True,True,The situation appears to be a personal finance-related issue.
llama3,D_sparse,36,ಎನ್ನ ನೆರೆಕರೆದಕುಲು ಅಕ್ಲೆನ ಬೇಲಿನ್ ಎನ್ನ ಜಾಗದ ಉಲ್ಲಯಿ ಮುಟ್ಟ ಕಟ್ಟಾದೆರ್.,My neighbor built a wall that crosses onto my land,Land/Property,,Consumer/Money/Debt,Torts/Individuals,Courts/Legal-System,0.90,False,False,False,The situation involves a debt issue and the person is struggling to repay it.
llama3,D_sparse,37,ಎನ್ಡ ಕೇಣಂದೇ ಯೇರಾ ಎನ್ನ ಕುಟುಂಬದ ಜಾಗಡ್ ಬೆನ್ನಿ ದಟ್ಟೊಂದುಲ್ಲೆರ್.,Someone is tilling on land that belongs to my family without asking,Land/Property,,Estates/Wills,Land/Property,Housing,0.90,False,True,True,"The situation involves a person's family property and inheritance, which are typical issues related to estates and wills."
llama3,D_sparse,38,ಎನ್ನ ಜಾಗದ ಬೇಲಿನ್ ಯೇರಾ ದೆತ್ತ್ ಬುಡ್ತೆರ್.,The boundary markers on my property were moved without my knowledge,Land/Property,,Land/Property,Torts/Individuals,Housing,0.90,True,True,False,"The SITUATION mentions 'my land' or 'my place', indicating a problem related to property ownership or possession."
llama3,D_sparse,39,ಎನ್ನ ಪಲಯೆ ಎನ್ನ ಕುಟುಂಬದ ಜಾಗದ ಒಂಜಿ ಭಾಗನ್ ಆಯೇನ ಮಾತ್ರ ಪಂಡ್ಡ್ ಪಣೊಂದುಲ್ಲೆ.,My brother is claiming a part of our family's land is his alone,Land/Property,Estates/Wills,Torts/Individuals,Housing,Land/Property,0.90,False,True,True,The situation involves an individual's rights being violated by another person or group.
llama3,D_sparse,40,ಎನ್ಡ ಕೇಣಂದೇ ಯೇರಾ ಎನ್ನ ಜಾಗದ ಮರನ್ ಕಡ್ತೆರ್.,Someone cut down trees on my property without permission,Land/Property,Torts/Individuals,Land/Property,Courts/Legal-System,Torts/Individuals,0.90,True,True,False,The situation revolves around property rights and a dispute over a specific piece of land (the tree).
llama3,D_full,21,ಎಂಕ್ಲೇನ ತಿರ್ಪು ಮಲ್ತಿನ ಸಮಯದ ದುಂಬು ಎನ್ನ ಧನಿ ಬಾಡಿಗೆ ಜಾಸ್ತಿ ಮಲ್ಪೆರೆ ಪ್ರಯತ್ನ ಮಲ್ತೋಂದುಲ್ಲೇರ್.,My landlord is trying to raise my rent before our agreement ends,Housing,Consumer/Money/Debt,Work/Employment,Torts/Individuals,Estates/Wills,0.80,False,False,False,"The person's problem seems to be related to selling their property, which is a type of work or employment issue."
llama3,D_full,22,ಬರೀತಕುಲು ಏತ್ ಬೊಬ್ಬೆ ಪಾಡೋಂದುಲ್ಲೇರ್ ಪನ್ಡ ಎಂಕ್ ರಾತ್ರೆಡ್ ಜೆಪ್ಪೆರೇ ಆವೊಂದಿಜಿ.,The people next door make so much noise I cannot sleep at night,Housing,Torts/Individuals,Courts/Legal-System,Torts/Individuals,Work/Employment,0.90,False,True,True,"The situation involves threats and demands, which suggests that legal action may be involved or necessary to resolve the issue."
llama3,D_full,23,ಎನ್ನ ಅಡಿಪಿಲ್ದಾ ಹಾಳ್ ಆಯಿನ ನಳ್ಳಿನ್ ಎನ್ನ ಧನಿ ಸರಿ ಮಲ್ಪೆರೆ ತಯಾರ್ ಇಜ್ಜೆರ್.,My landlord will not fix the broken pipe in my kitchen,Housing,,Consumer/Money/Debt,Work/Employment,Housing,0.90,False,True,True,The primary concern is the person's financial situation and struggle to make ends meet.
llama3,D_full,24,ಎಂಕ್ ಬಾಡಿಗೆದ ಇಲ್ಲನ್ ಬುಡಿಯೆರೆ ಖಾಲಿ ರಡ್ಡ್ ದಿನತ ವಯಿದೇ ಕೊರ್ಯೇರ್.,I was told to leave my rented house with only two days notice,Housing,,Housing,Torts/Individuals,Courts/Legal-System,0.90,True,True,False,The situation revolves around the person's home and potential eviction.
llama3,D_full,25,ಎನ್ನ ಸಹವಾಸಿ ಇಲ್ಲ್ ಬುಡ್ದು ಬಾದಡಿಗೆನ್ ಪುರಾ ಎನ್ನ ಮಿತ್ತೆ ಪಾಡ್ದ್ ಪೋಯೇರ್.,My roommate moved out and left me to pay all the rent,Housing,Consumer/Money/Debt,Housing,Torts/Individuals,Consumer/Money/Debt,0.90,True,True,False,The situation involves a dispute over living arrangements and financial contributions within a shared household.
llama3,D_full,26,ಎಂಕ್ ಒಂಜಿ ಹಾಳ್ ಆಯ್ನ ಫೋನ್-ನ್ ಮಾರ್ದ್ ದಅಂಗಡಿದ ಧನಿ ಕಾಸ್ನ್ ಪಿರಾ ಕೊರೆರೆ ತಯಾರ್ ಇಜ್ಜೆರ್.,The shop owner sold me a broken phone and won't give my money back,Consumer/Money/Debt,,Consumer/Money/Debt,Land/Property,Torts/Individuals,0.80,True,True,False,Financial struggles and seeking help
llama3,D_full,27,ಯಾನ್ ಪೂರಾ ಕಾಸ್ ಕೊರಿ ಬೊಕ್ಕಲಾ ಬೇಲೆನ್ ಪೂರ್ತಿ ಮಲ್ತಿಜೆರ್.,I paid for a service that was never completed,Consumer/Money/Debt,,Land/Property,Torts/Individuals,Courts/Legal-System,0.90,False,False,False,The situation involves a dispute over property rights and inheritance.
llama3,D_full,28,"ಎನ್ನ ಮೆಗ್ಗೆ ರಡ್ಡ್ ವರ್ಷದ ದುಂಬು ಎನ್ನಡ್ದ ಸಾರ ದೆತ್ತೊಂಡೆ, ಅವೆನ್ ನನ್ಲಾ ಪಿರಾ ಕೊರ್ತಿಜೆ.",My brother borrowed money from me two years ago and still has not paid,Consumer/Money/Debt,,Estates/Wills,Torts/Individuals,Land/Property,0.90,False,False,False,"The situation involves a dispute over ancestral property and the person's father is involved, suggesting issues with inheritance or property rights."
llama3,D_full,29,ಎನ್ನ ಒಪ್ಪಂದಿನ ಶುಲ್ಕಗ್ ಬ್ಯಾಂಕ್ ಎನ್ನ ಮಿತ್ತ್ ಕಾಸ್ ಪಾಡೊಂದುಂಡು.,The bank is charging me fees I never agreed to,Consumer/Money/Debt,,Consumer/Money/Debt,Torts/Individuals,Courts/Legal-System,0.90,True,True,False,The situation involves an individual's personal financial matter and a problem with accessing their funds.
llama3,D_full,30,ಏರೊ ಎನನ್ ಒಂಜಿ ಡೋಂಗಿ ಆಸ್ತಿದ ಮಿತ್ತ್ ಕಾಸ್ ಪಾಡೆರೆ ಒಪ್ಪಾಯೆರ್.,Someone convinced me to invest in something that turned out to be fake,Consumer/Money/Debt,,Land/Property,Torts/Individuals,Estates/Wills,0.90,False,False,False,The situation involves a dispute over property rights with a friend.
llama3,D_full,31,ಯಾನ್ ಮಲ್ತಿನ ಜಾಸ್ತಿ ಕೆಲ್ಸಗ್ ಎಂಕ್ ಬೇಲೆದ ಜಾಗಡ್ಡ್ ಕಾಸ್ ತಿಕ್ಕಿಜಿ.,My workplace has not paid me for the extra hours I worked,Work/Employment,,Land/Property,Torts/Individuals,Courts/Legal-System,0.90,False,False,False,The situation involves a dispute over ownership or possession of a property.
llama3,D_full,32,ಯಾನ್ ಧನಿಟ ಯಾನ್ ಹುಷಾರ್ ಇಜ್ಜಿ ಪಂಡ್ಡ್ ಪಂಡಿನ ವಾರಡೆ ಆರ್ ಎನನ್ ಬೇಲೆಡ್ಡ್ ದೆತ್ತೆರ್.,I was fired the same week I told my boss I was sick,Work/Employment,,IP/Identity,Courts/Legal-System,Torts/Individuals,0.90,False,False,False,The situation involves a dispute over property rights and ownership.
llama3,D_full,33,ಎನ್ನ ಧನಿ ಎನನ್ ಸುರಕ್ಷ ದೀಪಿನ ಸಾಮಾನ್ ಕೊರ್ಪೆರ್ ಪಂದ್ ಪಂಡಿ ಬೊಕ್ಕ ಅವೆನ್ ಕೊರಂದೇ ಎನಡ ಬೇಲೆ ಮಲ್ಪಾವೊಂದುಲ್ಲೆರ್.,My employer is making me work without the safety equipment I was promised,Work/Employment,,Land/Property,Courts/Legal-System,IP/Identity,0.90,False,False,False,The situation involves a property being taken away by someone else.
llama3,D_full,34,"ಎಂಕ್ ಒಂಜಿ ಪ್ರೊಮೋಷನ್ ಕೊರ್ಪೆರ್ ಪಂಡ್ಡ್ ಪಾತೇರ ಕೊರ್ಯೆರ್, ಮಾತ್ರ ದಾಲ ಕಾರಣ ಕೊರಂದೇ ಬೇತೆ ಜನಕ್ ಕೊರ್ಯೆರ್.",I was promised a promotion but someone else got it without explanation,Work/Employment,,Consumer/Money/Debt,Land/Property,Work/Employment,0.90,False,True,True,The person's main concern is their financial struggles and economic difficulties.
llama3,D_full,35,ಯಾನ್ ಬೇಲೆನ್ ಬುಡಿ ಬೊಕ್ಕ ಎನ್ನ ಧನಿ ಎನ್ನ ಅಖೇರಿದ ಸಂಬಳನ್ ಕೊರೋಂದಿಜ್ಜೆರ್.,My employer refuses to give me my final paycheck after I quit,Work/Employment,Consumer/Money/Debt,Consumer/Money/Debt,Housing,Work/Employment,0.80,False,True,True,The situation appears to be related to the person's financial struggles and income.
llama3,D_full,36,ಎನ್ನ ನೆರೆಕರೆದಕುಲು ಅಕ್ಲೆನ ಬೇಲಿನ್ ಎನ್ನ ಜಾಗದ ಉಲ್ಲಯಿ ಮುಟ್ಟ ಕಟ್ಟಾದೆರ್.,My neighbor built a wall that crosses onto my land,Land/Property,,Consumer/Money/Debt,Torts/Individuals,Work/Employment,0.90,False,False,False,The person is struggling to repay a debt they borrowed from someone.
llama3,D_full,37,ಎನ್ಡ ಕೇಣಂದೇ ಯೇರಾ ಎನ್ನ ಕುಟುಂಬದ ಜಾಗಡ್ ಬೆನ್ನಿ ದಟ್ಟೊಂದುಲ್ಲೆರ್.,Someone is tilling on land that belongs to my family without asking,Land/Property,,Estates/Wills,Land/Property,Consumer/Money/Debt,0.90,False,True,True,"The situation involves informing elderly relatives about changes in family property, suggesting an estate or will may be involved."
llama3,D_full,38,ಎನ್ನ ಜಾಗದ ಬೇಲಿನ್ ಯೇರಾ ದೆತ್ತ್ ಬುಡ್ತೆರ್.,The boundary markers on my property were moved without my knowledge,Land/Property,,Land/Property,Torts/Individuals,Courts/Legal-System,0.90,True,True,False,The SITUATION mentions 'my land' which indicates a property-related issue.
llama3,D_full,39,ಎನ್ನ ಪಲಯೆ ಎನ್ನ ಕುಟುಂಬದ ಜಾಗದ ಒಂಜಿ ಭಾಗನ್ ಆಯೇನ ಮಾತ್ರ ಪಂಡ್ಡ್ ಪಣೊಂದುಲ್ಲೆ.,My brother is claiming a part of our family's land is his alone,Land/Property,Estates/Wills,Torts/Individuals,Housing,Consumer/Money/Debt,0.90,False,False,False,The person is experiencing harm or injury as a result of someone else's actions.
llama3,D_full,40,ಎನ್ಡ ಕೇಣಂದೇ ಯೇರಾ ಎನ್ನ ಜಾಗದ ಮರನ್ ಕಡ್ತೆರ್.,Someone cut down trees on my property without permission,Land/Property,Torts/Individuals,Estates/Wills,Land/Property,Courts/Legal-System,0.90,False,True,True,The situation involves a dispute over property and inheritance.
llama3,E_sparse,21,ಎಂಕ್ಲೇನ ತಿರ್ಪು ಮಲ್ತಿನ ಸಮಯದ ದುಂಬು ಎನ್ನ ಧನಿ ಬಾಡಿಗೆ ಜಾಸ್ತಿ ಮಲ್ಪೆರೆ ಪ್ರಯತ್ನ ಮಲ್ತೋಂದುಲ್ಲೇರ್.,My landlord is trying to raise my rent before our agreement ends,Housing,Consumer/Money/Debt,Consumer/Money/Debt,Torts/Individuals,Housing,0.90,False,True,True,The person is trying to recover a debt or money owed by someone else.
llama3,E_sparse,22,ಬರೀತಕುಲು ಏತ್ ಬೊಬ್ಬೆ ಪಾಡೋಂದುಲ್ಲೇರ್ ಪನ್ಡ ಎಂಕ್ ರಾತ್ರೆಡ್ ಜೆಪ್ಪೆರೇ ಆವೊಂದಿಜಿ.,The people next door make so much noise I cannot sleep at night,Housing,Torts/Individuals,Torts/Individuals,Housing,Land/Property,0.90,False,True,True,Property damage caused by another person's action
llama3,E_sparse,23,ಎನ್ನ ಅಡಿಪಿಲ್ದಾ ಹಾಳ್ ಆಯಿನ ನಳ್ಳಿನ್ ಎನ್ನ ಧನಿ ಸರಿ ಮಲ್ಪೆರೆ ತಯಾರ್ ಇಜ್ಜೆರ್.,My landlord will not fix the broken pipe in my kitchen,Housing,,Consumer/Money/Debt,Torts/Individuals,Housing,0.90,False,True,True,Unauthorized transaction of the person's money
llama3,E_sparse,24,ಎಂಕ್ ಬಾಡಿಗೆದ ಇಲ್ಲನ್ ಬುಡಿಯೆರೆ ಖಾಲಿ ರಡ್ಡ್ ದಿನತ ವಯಿದೇ ಕೊರ್ಯೇರ್.,I was told to leave my rented house with only two days notice,Housing,,Torts/Individuals,Housing,Land/Property,0.90,False,True,True,Physical harm/damage caused by another person to the individual's property
llama3,E_sparse,25,ಎನ್ನ ಸಹವಾಸಿ ಇಲ್ಲ್ ಬುಡ್ದು ಬಾದಡಿಗೆನ್ ಪುರಾ ಎನ್ನ ಮಿತ್ತೆ ಪಾಡ್ದ್ ಪೋಯೇರ್.,My roommate moved out and left me to pay all the rent,Housing,Consumer/Money/Debt,Torts/Individuals,Housing,Consumer/Money/Debt,0.90,False,True,True,Neighbor entered house without permission
llama3,E_sparse,26,ಎಂಕ್ ಒಂಜಿ ಹಾಳ್ ಆಯ್ನ ಫೋನ್-ನ್ ಮಾರ್ದ್ ದಅಂಗಡಿದ ಧನಿ ಕಾಸ್ನ್ ಪಿರಾ ಕೊರೆರೆ ತಯಾರ್ ಇಜ್ಜೆರ್.,The shop owner sold me a broken phone and won't give my money back,Consumer/Money/Debt,,Consumer/Money/Debt,Torts/Individuals,Housing,0.90,True,True,False,The person's money has been taken without permission.
llama3,E_sparse,27,ಯಾನ್ ಪೂರಾ ಕಾಸ್ ಕೊರಿ ಬೊಕ್ಕಲಾ ಬೇಲೆನ್ ಪೂರ್ತಿ ಮಲ್ತಿಜೆರ್.,I paid for a service that was never completed,Consumer/Money/Debt,,Consumer/Money/Debt,Housing,Work/Employment,0.90,True,True,False,The situation involves a transaction or agreement involving money or goods.
llama3,E_sparse,28,"ಎನ್ನ ಮೆಗ್ಗೆ ರಡ್ಡ್ ವರ್ಷದ ದುಂಬು ಎನ್ನಡ್ದ ಸಾರ ದೆತ್ತೊಂಡೆ, ಅವೆನ್ ನನ್ಲಾ ಪಿರಾ ಕೊರ್ತಿಜೆ.",My brother borrowed money from me two years ago and still has not paid,Consumer/Money/Debt,,Consumer/Money/Debt,Torts/Individuals,Courts/Legal-System,0.90,True,True,False,"The situation involves an agreement or relationship that was ended by someone else, and they're not getting something back."
llama3,E_sparse,29,ಎನ್ನ ಒಪ್ಪಂದಿನ ಶುಲ್ಕಗ್ ಬ್ಯಾಂಕ್ ಎನ್ನ ಮಿತ್ತ್ ಕಾಸ್ ಪಾಡೊಂದುಂಡು.,The bank is charging me fees I never agreed to,Consumer/Money/Debt,,Consumer/Money/Debt,Housing,Work/Employment,0.90,True,True,False,Money owed but not paid according to an agreement
llama3,E_sparse,30,ಏರೊ ಎನನ್ ಒಂಜಿ ಡೋಂಗಿ ಆಸ್ತಿದ ಮಿತ್ತ್ ಕಾಸ್ ಪಾಡೆರೆ ಒಪ್ಪಾಯೆರ್.,Someone convinced me to invest in something that turned out to be fake,Consumer/Money/Debt,,Torts/Individuals,Land/Property,Housing,0.85,False,False,False,Property damage or harm caused by another individual
llama3,E_sparse,31,ಯಾನ್ ಮಲ್ತಿನ ಜಾಸ್ತಿ ಕೆಲ್ಸಗ್ ಎಂಕ್ ಬೇಲೆದ ಜಾಗಡ್ಡ್ ಕಾಸ್ ತಿಕ್ಕಿಜಿ.,My workplace has not paid me for the extra hours I worked,Work/Employment,,Torts/Individuals,Land/Property,Housing,0.90,False,False,False,Someone entered another person's property without permission
llama3,E_sparse,32,ಯಾನ್ ಧನಿಟ ಯಾನ್ ಹುಷಾರ್ ಇಜ್ಜಿ ಪಂಡ್ಡ್ ಪಂಡಿನ ವಾರಡೆ ಆರ್ ಎನನ್ ಬೇಲೆಡ್ಡ್ ದೆತ್ತೆರ್.,I was fired the same week I told my boss I was sick,Work/Employment,,Land/Property,Torts/Individuals,Housing,0.90,False,False,False,"The person's bed has been taken without permission, which is a clear violation of their rights to their land or property."
llama3,E_sparse,33,ಎನ್ನ ಧನಿ ಎನನ್ ಸುರಕ್ಷ ದೀಪಿನ ಸಾಮಾನ್ ಕೊರ್ಪೆರ್ ಪಂದ್ ಪಂಡಿ ಬೊಕ್ಕ ಅವೆನ್ ಕೊರಂದೇ ಎನಡ ಬೇಲೆ ಮಲ್ಪಾವೊಂದುಲ್ಲೆರ್.,My employer is making me work without the safety equipment I was promised,Work/Employment,,Torts/Individuals,Housing,Consumer/Money/Debt,0.90,False,False,False,Property damage caused by another person's action
llama3,E_sparse,34,"ಎಂಕ್ ಒಂಜಿ ಪ್ರೊಮೋಷನ್ ಕೊರ್ಪೆರ್ ಪಂಡ್ಡ್ ಪಾತೇರ ಕೊರ್ಯೆರ್, ಮಾತ್ರ ದಾಲ ಕಾರಣ ಕೊರಂದೇ ಬೇತೆ ಜನಕ್ ಕೊರ್ಯೆರ್.",I was promised a promotion but someone else got it without explanation,Work/Employment,,Torts/Individuals,Land/Property,Housing,0.90,False,False,False,Property damage or personal injury caused by another individual's action
llama3,E_sparse,35,ಯಾನ್ ಬೇಲೆನ್ ಬುಡಿ ಬೊಕ್ಕ ಎನ್ನ ಧನಿ ಎನ್ನ ಅಖೇರಿದ ಸಂಬಳನ್ ಕೊರೋಂದಿಜ್ಜೆರ್.,My employer refuses to give me my final paycheck after I quit,Work/Employment,Consumer/Money/Debt,Consumer/Money/Debt,Work/Employment,Housing,0.90,False,True,True,The person is owed money by someone else.
llama3,E_sparse,36,ಎನ್ನ ನೆರೆಕರೆದಕುಲು ಅಕ್ಲೆನ ಬೇಲಿನ್ ಎನ್ನ ಜಾಗದ ಉಲ್ಲಯಿ ಮುಟ್ಟ ಕಟ್ಟಾದೆರ್.,My neighbor built a wall that crosses onto my land,Land/Property,,Torts/Individuals,Land/Property,Housing,0.90,False,True,True,Physical harm/damage caused by another person's action
llama3,E_sparse,37,ಎನ್ಡ ಕೇಣಂದೇ ಯೇರಾ ಎನ್ನ ಕುಟುಂಬದ ಜಾಗಡ್ ಬೆನ್ನಿ ದಟ್ಟೊಂದುಲ್ಲೆರ್.,Someone is tilling on land that belongs to my family without asking,Land/Property,,Land/Property,Torts/Individuals,Housing,0.90,True,True,False,Unauthorized occupation of family land
llama3,E_sparse,38,ಎನ್ನ ಜಾಗದ ಬೇಲಿನ್ ಯೇರಾ ದೆತ್ತ್ ಬುಡ್ತೆರ್.,The boundary markers on my property were moved without my knowledge,Land/Property,,Torts/Individuals,Housing,Land/Property,0.90,False,True,True,"Someone entered the person's property without permission, which falls under Torts/Individuals"
llama3,E_sparse,39,ಎನ್ನ ಪಲಯೆ ಎನ್ನ ಕುಟುಂಬದ ಜಾಗದ ಒಂಜಿ ಭಾಗನ್ ಆಯೇನ ಮಾತ್ರ ಪಂಡ್ಡ್ ಪಣೊಂದುಲ್ಲೆ.,My brother is claiming a part of our family's land is his alone,Land/Property,Estates/Wills,Land/Property,Torts/Individuals,Housing,0.90,True,True,False,Dispute over land taken without permission
llama3,E_sparse,40,ಎನ್ಡ ಕೇಣಂದೇ ಯೇರಾ ಎನ್ನ ಜಾಗದ ಮರನ್ ಕಡ್ತೆರ್.,Someone cut down trees on my property without permission,Land/Property,Torts/Individuals,Land/Property,Torts/Individuals,Housing,0.90,True,True,False,The situation revolves around someone's action affecting the person's property (land) without permission.
llama3,E_full,21,ಎಂಕ್ಲೇನ ತಿರ್ಪು ಮಲ್ತಿನ ಸಮಯದ ದುಂಬು ಎನ್ನ ಧನಿ ಬಾಡಿಗೆ ಜಾಸ್ತಿ ಮಲ್ಪೆರೆ ಪ್ರಯತ್ನ ಮಲ್ತೋಂದುಲ್ಲೇರ್.,My landlord is trying to raise my rent before our agreement ends,Housing,Consumer/Money/Debt,Housing,Consumer/Money/Debt,Torts/Individuals,0.85,True,True,False,Landlord-tenant rent dispute
llama3,E_full,22,ಬರೀತಕುಲು ಏತ್ ಬೊಬ್ಬೆ ಪಾಡೋಂದುಲ್ಲೇರ್ ಪನ್ಡ ಎಂಕ್ ರಾತ್ರೆಡ್ ಜೆಪ್ಪೆರೇ ಆವೊಂದಿಜಿ.,The people next door make so much noise I cannot sleep at night,Housing,Torts/Individuals,Torts/Individuals,Housing,Land/Property,0.90,False,True,True,Property damage caused by another person's action
llama3,E_full,23,ಎನ್ನ ಅಡಿಪಿಲ್ದಾ ಹಾಳ್ ಆಯಿನ ನಳ್ಳಿನ್ ಎನ್ನ ಧನಿ ಸರಿ ಮಲ್ಪೆರೆ ತಯಾರ್ ಇಜ್ಜೆರ್.,My landlord will not fix the broken pipe in my kitchen,Housing,,Housing,Consumer/Money/Debt,Torts/Individuals,0.90,True,True,False,Landlord-tenant relationship and house condition
llama3,E_full,24,ಎಂಕ್ ಬಾಡಿಗೆದ ಇಲ್ಲನ್ ಬುಡಿಯೆರೆ ಖಾಲಿ ರಡ್ಡ್ ದಿನತ ವಯಿದೇ ಕೊರ್ಯೇರ್.,I was told to leave my rented house with only two days notice,Housing,,Housing,Torts/Individuals,Consumer/Money/Debt,0.95,True,True,False,Landlord-tenant relationship and return of house
llama3,E_full,25,ಎನ್ನ ಸಹವಾಸಿ ಇಲ್ಲ್ ಬುಡ್ದು ಬಾದಡಿಗೆನ್ ಪುರಾ ಎನ್ನ ಮಿತ್ತೆ ಪಾಡ್ದ್ ಪೋಯೇರ್.,My roommate moved out and left me to pay all the rent,Housing,Consumer/Money/Debt,Torts/Individuals,Housing,Consumer/Money/Debt,0.95,False,True,True,Unauthorized entry and taking of property
llama3,E_full,26,ಎಂಕ್ ಒಂಜಿ ಹಾಳ್ ಆಯ್ನ ಫೋನ್-ನ್ ಮಾರ್ದ್ ದಅಂಗಡಿದ ಧನಿ ಕಾಸ್ನ್ ಪಿರಾ ಕೊರೆರೆ ತಯಾರ್ ಇಜ್ಜೆರ್.,The shop owner sold me a broken phone and won't give my money back,Consumer/Money/Debt,,Consumer/Money/Debt,Housing,Torts/Individuals,0.90,True,True,False,Dispute over money owed by landlord/owner
llama3,E_full,27,ಯಾನ್ ಪೂರಾ ಕಾಸ್ ಕೊರಿ ಬೊಕ್ಕಲಾ ಬೇಲೆನ್ ಪೂರ್ತಿ ಮಲ್ತಿಜೆರ್.,I paid for a service that was never completed,Consumer/Money/Debt,,Housing,Consumer/Money/Debt,Torts/Individuals,0.85,False,True,True,Landlord-tenant relationship and deposit dispute
llama3,E_full,28,"ಎನ್ನ ಮೆಗ್ಗೆ ರಡ್ಡ್ ವರ್ಷದ ದುಂಬು ಎನ್ನಡ್ದ ಸಾರ ದೆತ್ತೊಂಡೆ, ಅವೆನ್ ನನ್ಲಾ ಪಿರಾ ಕೊರ್ತಿಜೆ.",My brother borrowed money from me two years ago and still has not paid,Consumer/Money/Debt,,Torts/Individuals,Land/Property,Housing,0.90,False,False,False,Property damage or theft caused by another individual's action
llama3,E_full,29,ಎನ್ನ ಒಪ್ಪಂದಿನ ಶುಲ್ಕಗ್ ಬ್ಯಾಂಕ್ ಎನ್ನ ಮಿತ್ತ್ ಕಾಸ್ ಪಾಡೊಂದುಂಡು.,The bank is charging me fees I never agreed to,Consumer/Money/Debt,,Consumer/Money/Debt,Torts/Individuals,Housing,0.90,True,True,False,Loan/debt issue with friend/bank
llama3,E_full,30,ಏರೊ ಎನನ್ ಒಂಜಿ ಡೋಂಗಿ ಆಸ್ತಿದ ಮಿತ್ತ್ ಕಾಸ್ ಪಾಡೆರೆ ಒಪ್ಪಾಯೆರ್.,Someone convinced me to invest in something that turned out to be fake,Consumer/Money/Debt,,Housing,Consumer/Money/Debt,Torts/Individuals,0.95,False,True,True,Landlord-tenant relationship and dispute over money
llama3,E_full,31,ಯಾನ್ ಮಲ್ತಿನ ಜಾಸ್ತಿ ಕೆಲ್ಸಗ್ ಎಂಕ್ ಬೇಲೆದ ಜಾಗಡ್ಡ್ ಕಾಸ್ ತಿಕ್ಕಿಜಿ.,My workplace has not paid me for the extra hours I worked,Work/Employment,,Land/Property,Torts/Individuals,Housing,0.90,False,False,False,Unauthorized occupation and dispute over land ownership
llama3,E_full,32,ಯಾನ್ ಧನಿಟ ಯಾನ್ ಹುಷಾರ್ ಇಜ್ಜಿ ಪಂಡ್ಡ್ ಪಂಡಿನ ವಾರಡೆ ಆರ್ ಎನನ್ ಬೇಲೆಡ್ಡ್ ದೆತ್ತೆರ್.,I was fired the same week I told my boss I was sick,Work/Employment,,Housing,Torts/Individuals,Courts/Legal-System,0.95,False,False,False,Landlord-tenant relationship and house entry issue
llama3,E_full,33,ಎನ್ನ ಧನಿ ಎನನ್ ಸುರಕ್ಷ ದೀಪಿನ ಸಾಮಾನ್ ಕೊರ್ಪೆರ್ ಪಂದ್ ಪಂಡಿ ಬೊಕ್ಕ ಅವೆನ್ ಕೊರಂದೇ ಎನಡ ಬೇಲೆ ಮಲ್ಪಾವೊಂದುಲ್ಲೆರ್.,My employer is making me work without the safety equipment I was promised,Work/Employment,,Housing,Torts/Individuals,Consumer/Money/Debt,0.90,False,False,False,Landlord-tenant dispute over personal belongings
llama3,E_full,34,"ಎಂಕ್ ಒಂಜಿ ಪ್ರೊಮೋಷನ್ ಕೊರ್ಪೆರ್ ಪಂಡ್ಡ್ ಪಾತೇರ ಕೊರ್ಯೆರ್, ಮಾತ್ರ ದಾಲ ಕಾರಣ ಕೊರಂದೇ ಬೇತೆ ಜನಕ್ ಕೊರ್ಯೆರ್.",I was promised a promotion but someone else got it without explanation,Work/Employment,,Torts/Individuals,Land/Property,Housing,0.85,False,False,False,Property taken without permission
llama3,E_full,35,ಯಾನ್ ಬೇಲೆನ್ ಬುಡಿ ಬೊಕ್ಕ ಎನ್ನ ಧನಿ ಎನ್ನ ಅಖೇರಿದ ಸಂಬಳನ್ ಕೊರೋಂದಿಜ್ಜೆರ್.,My employer refuses to give me my final paycheck after I quit,Work/Employment,Consumer/Money/Debt,Consumer/Money/Debt,Housing,Work/Employment,0.90,False,True,True,Failure to receive payment from landlord/owner
llama3,E_full,36,ಎನ್ನ ನೆರೆಕರೆದಕುಲು ಅಕ್ಲೆನ ಬೇಲಿನ್ ಎನ್ನ ಜಾಗದ ಉಲ್ಲಯಿ ಮುಟ್ಟ ಕಟ್ಟಾದೆರ್.,My neighbor built a wall that crosses onto my land,Land/Property,,Land/Property,Torts/Individuals,Housing,0.90,True,True,False,Dispute over land ownership and property boundaries
llama3,E_full,37,ಎನ್ಡ ಕೇಣಂದೇ ಯೇರಾ ಎನ್ನ ಕುಟುಂಬದ ಜಾಗಡ್ ಬೆನ್ನಿ ದಟ್ಟೊಂದುಲ್ಲೆರ್.,Someone is tilling on land that belongs to my family without asking,Land/Property,,Estates/Wills,Land/Property,Housing,0.85,False,True,True,Inheritance disputes after a family member's death
llama3,E_full,38,ಎನ್ನ ಜಾಗದ ಬೇಲಿನ್ ಯೇರಾ ದೆತ್ತ್ ಬುಡ್ತೆರ್.,The boundary markers on my property were moved without my knowledge,Land/Property,,Torts/Individuals,Land/Property,Housing,0.90,False,True,True,Property damage caused by another person's action
llama3,E_full,39,ಎನ್ನ ಪಲಯೆ ಎನ್ನ ಕುಟುಂಬದ ಜಾಗದ ಒಂಜಿ ಭಾಗನ್ ಆಯೇನ ಮಾತ್ರ ಪಂಡ್ಡ್ ಪಣೊಂದುಲ್ಲೆ.,My brother is claiming a part of our family's land is his alone,Land/Property,Estates/Wills,Land/Property,Torts/Individuals,Courts/Legal-System,0.85,True,True,False,Dispute over property rights or boundaries
llama3,E_full,40,ಎನ್ಡ ಕೇಣಂದೇ ಯೇರಾ ಎನ್ನ ಜಾಗದ ಮರನ್ ಕಡ್ತೆರ್.,Someone cut down trees on my property without permission,Land/Property,Torts/Individuals,Land/Property,Torts/Individuals,Housing,0.90,True,True,False,Dispute over someone cutting down a tree on the person's land
llama3,F,21,ಎಂಕ್ಲೇನ ತಿರ್ಪು ಮಲ್ತಿನ ಸಮಯದ ದುಂಬು ಎನ್ನ ಧನಿ ಬಾಡಿಗೆ ಜಾಸ್ತಿ ಮಲ್ಪೆರೆ ಪ್ರಯತ್ನ ಮಲ್ತೋಂದುಲ್ಲೇರ್.,My landlord is trying to raise my rent before our agreement ends,Housing,Consumer/Money/Debt,Work/Employment,IP/Identity,Estates/Wills,0.80,False,False,False,The person's concern is closely tied to their employment and income.
llama3,F,22,ಬರೀತಕುಲು ಏತ್ ಬೊಬ್ಬೆ ಪಾಡೋಂದುಲ್ಲೇರ್ ಪನ್ಡ ಎಂಕ್ ರಾತ್ರೆಡ್ ಜೆಪ್ಪೆರೇ ಆವೊಂದಿಜಿ.,The people next door make so much noise I cannot sleep at night,Housing,Torts/Individuals,IP/Identity,Torts/Individuals,Courts/Legal-System,0.90,False,True,True,"The SITUATION mentions someone else's identity being used, indicating a possible case of identity theft or impersonation."
llama3,F,23,ಎನ್ನ ಅಡಿಪಿಲ್ದಾ ಹಾಳ್ ಆಯಿನ ನಳ್ಳಿನ್ ಎನ್ನ ಧನಿ ಸರಿ ಮಲ್ಪೆರೆ ತಯಾರ್ ಇಜ್ಜೆರ್.,My landlord will not fix the broken pipe in my kitchen,Housing,,Torts/Individuals,Consumer/Money/Debt,Work/Employment,0.90,False,False,False,The situation involves a personal dispute between family members.
llama3,F,24,ಎಂಕ್ ಬಾಡಿಗೆದ ಇಲ್ಲನ್ ಬುಡಿಯೆರೆ ಖಾಲಿ ರಡ್ಡ್ ದಿನತ ವಯಿದೇ ಕೊರ್ಯೇರ್.,I was told to leave my rented house with only two days notice,Housing,,Work/Employment,Torts/Individuals,Courts/Legal-System,0.90,False,False,False,"The person is describing their job and work-related issues, such as being laid off from their company."
llama3,F,25,ಎನ್ನ ಸಹವಾಸಿ ಇಲ್ಲ್ ಬುಡ್ದು ಬಾದಡಿಗೆನ್ ಪುರಾ ಎನ್ನ ಮಿತ್ತೆ ಪಾಡ್ದ್ ಪೋಯೇರ್.,My roommate moved out and left me to pay all the rent,Housing,Consumer/Money/Debt,Torts/Individuals,Courts/Legal-System,IP/Identity,0.90,False,False,False,"The situation involves a personal relationship and dispute between individuals, which falls under the broader category of torts."
llama3,F,26,ಎಂಕ್ ಒಂಜಿ ಹಾಳ್ ಆಯ್ನ ಫೋನ್-ನ್ ಮಾರ್ದ್ ದಅಂಗಡಿದ ಧನಿ ಕಾಸ್ನ್ ಪಿರಾ ಕೊರೆರೆ ತಯಾರ್ ಇಜ್ಜೆರ್.,The shop owner sold me a broken phone and won't give my money back,Consumer/Money/Debt,,Consumer/Money/Debt,Land/Property,Torts/Individuals,0.90,True,True,False,The situation primarily deals with financial issues and expenses that are not being met by the person's income.
llama3,F,27,ಯಾನ್ ಪೂರಾ ಕಾಸ್ ಕೊರಿ ಬೊಕ್ಕಲಾ ಬೇಲೆನ್ ಪೂರ್ತಿ ಮಲ್ತಿಜೆರ್.,I paid for a service that was never completed,Consumer/Money/Debt,,Land/Property,Torts/Individuals,Housing,0.90,False,False,False,The situation appears to be related to the person's home or property.
llama3,F,28,"ಎನ್ನ ಮೆಗ್ಗೆ ರಡ್ಡ್ ವರ್ಷದ ದುಂಬು ಎನ್ನಡ್ದ ಸಾರ ದೆತ್ತೊಂಡೆ, ಅವೆನ್ ನನ್ಲಾ ಪಿರಾ ಕೊರ್ತಿಜೆ.",My brother borrowed money from me two years ago and still has not paid,Consumer/Money/Debt,,Estates/Wills,Housing,Torts/Individuals,0.90,False,False,False,"The situation involves inheritance and property issues, which are typical concerns in estates and wills law."
llama3,F,29,ಎನ್ನ ಒಪ್ಪಂದಿನ ಶುಲ್ಕಗ್ ಬ್ಯಾಂಕ್ ಎನ್ನ ಮಿತ್ತ್ ಕಾಸ್ ಪಾಡೊಂದುಂಡು.,The bank is charging me fees I never agreed to,Consumer/Money/Debt,,Consumer/Money/Debt,Housing,Work/Employment,0.90,True,True,False,"The issue revolves around accessing one's own money and the constraints imposed by an agreement, which falls under consumer/money/debt issues."
llama3,F,30,ಏರೊ ಎನನ್ ಒಂಜಿ ಡೋಂಗಿ ಆಸ್ತಿದ ಮಿತ್ತ್ ಕಾಸ್ ಪಾಡೆರೆ ಒಪ್ಪಾಯೆರ್.,Someone convinced me to invest in something that turned out to be fake,Consumer/Money/Debt,,Estates/Wills,Land/Property,Torts/Individuals,0.90,False,False,False,The situation involves the distribution of an estate among family members after someone's death.
llama3,F,31,ಯಾನ್ ಮಲ್ತಿನ ಜಾಸ್ತಿ ಕೆಲ್ಸಗ್ ಎಂಕ್ ಬೇಲೆದ ಜಾಗಡ್ಡ್ ಕಾಸ್ ತಿಕ್ಕಿಜಿ.,My workplace has not paid me for the extra hours I worked,Work/Employment,,Land/Property,Torts/Individuals,Courts/Legal-System,0.90,False,False,False,The situation revolves around disputes over property rights and inheritance.
llama3,F,32,ಯಾನ್ ಧನಿಟ ಯಾನ್ ಹುಷಾರ್ ಇಜ್ಜಿ ಪಂಡ್ಡ್ ಪಂಡಿನ ವಾರಡೆ ಆರ್ ಎನನ್ ಬೇಲೆಡ್ಡ್ ದೆತ್ತೆರ್.,I was fired the same week I told my boss I was sick,Work/Employment,,Courts/Legal-System,Torts/Individuals,Work/Employment,0.90,False,True,True,The person is seeking legal intervention to resolve the issue with entering their own home.
llama3,F,33,ಎನ್ನ ಧನಿ ಎನನ್ ಸುರಕ್ಷ ದೀಪಿನ ಸಾಮಾನ್ ಕೊರ್ಪೆರ್ ಪಂದ್ ಪಂಡಿ ಬೊಕ್ಕ ಅವೆನ್ ಕೊರಂದೇ ಎನಡ ಬೇಲೆ ಮಲ್ಪಾವೊಂದುಲ್ಲೆರ್.,My employer is making me work without the safety equipment I was promised,Work/Employment,,Courts/Legal-System,Torts/Individuals,IP/Identity,0.90,False,False,False,The person is seeking legal action or resolution regarding the damage/stolen property.
llama3,F,34,"ಎಂಕ್ ಒಂಜಿ ಪ್ರೊಮೋಷನ್ ಕೊರ್ಪೆರ್ ಪಂಡ್ಡ್ ಪಾತೇರ ಕೊರ್ಯೆರ್, ಮಾತ್ರ ದಾಲ ಕಾರಣ ಕೊರಂದೇ ಬೇತೆ ಜನಕ್ ಕೊರ್ಯೆರ್.",I was promised a promotion but someone else got it without explanation,Work/Employment,,Consumer/Money/Debt,Land/Property,Torts/Individuals,0.80,False,False,False,The person's primary concern appears to be their financial struggles.
llama3,F,35,ಯಾನ್ ಬೇಲೆನ್ ಬುಡಿ ಬೊಕ್ಕ ಎನ್ನ ಧನಿ ಎನ್ನ ಅಖೇರಿದ ಸಂಬಳನ್ ಕೊರೋಂದಿಜ್ಜೆರ್.,My employer refuses to give me my final paycheck after I quit,Work/Employment,Consumer/Money/Debt,Consumer/Money/Debt,Torts/Individuals,Courts/Legal-System,0.80,False,True,True,The situation involves a person's financial issues related to their income.
llama3,F,36,ಎನ್ನ ನೆರೆಕರೆದಕುಲು ಅಕ್ಲೆನ ಬೇಲಿನ್ ಎನ್ನ ಜಾಗದ ಉಲ್ಲಯಿ ಮುಟ್ಟ ಕಟ್ಟಾದೆರ್.,My neighbor built a wall that crosses onto my land,Land/Property,,Consumer/Money/Debt,Torts/Individuals,Courts/Legal-System,0.90,False,False,False,"The situation involves a personal loan taken by the individual and their inability to repay it, which falls under the broader category of consumer debt."
llama3,F,37,ಎನ್ಡ ಕೇಣಂದೇ ಯೇರಾ ಎನ್ನ ಕುಟುಂಬದ ಜಾಗಡ್ ಬೆನ್ನಿ ದಟ್ಟೊಂದುಲ್ಲೆರ್.,Someone is tilling on land that belongs to my family without asking,Land/Property,,Estates/Wills,Land/Property,Torts/Individuals,0.90,False,True,True,"The situation involves a dispute over family property and inheritance, which falls under the category of estates and wills."
llama3,F,38,ಎನ್ನ ಜಾಗದ ಬೇಲಿನ್ ಯೇರಾ ದೆತ್ತ್ ಬುಡ್ತೆರ್.,The boundary markers on my property were moved without my knowledge,Land/Property,,Land/Property,Torts/Individuals,Courts/Legal-System,0.90,True,True,False,The situation involves a dispute over property ownership.
llama3,F,39,ಎನ್ನ ಪಲಯೆ ಎನ್ನ ಕುಟುಂಬದ ಜಾಗದ ಒಂಜಿ ಭಾಗನ್ ಆಯೇನ ಮಾತ್ರ ಪಂಡ್ಡ್ ಪಣೊಂದುಲ್ಲೆ.,My brother is claiming a part of our family's land is his alone,Land/Property,Estates/Wills,Torts/Individuals,Housing,Consumer/Money/Debt,0.90,False,False,False,The person is experiencing harm or injury due to someone else's actions.
llama3,F,40,ಎನ್ಡ ಕೇಣಂದೇ ಯೇರಾ ಎನ್ನ ಜಾಗದ ಮರನ್ ಕಡ್ತೆರ್.,Someone cut down trees on my property without permission,Land/Property,Torts/Individuals,Estates/Wills,Torts/Individuals,Courts/Legal-System,0.90,False,True,True,"The situation involves property rights and inheritance, which is a key aspect of estates and wills."
llama3,G,21,enklena tirpu maltina samayada dunbu enna dhani badige jasti malpere prayatna maltonduller.,My landlord is trying to raise my rent before our agreement ends,Housing,Consumer/Money/Debt,Torts/Individuals,Land/Property,Housing,0.85,False,True,True,Property damage caused by another person's action
llama3,G,22,baritakulu et bobbe padonduller panda enk ratred jeppere avondiji.,The people next door make so much noise I cannot sleep at night,Housing,Torts/Individuals,Torts/Individuals,Land/Property,Housing,0.60,False,True,True,The text contains a mix of words that might suggest physical harm or damage caused by another person.
llama3,G,23,enna adipilda hal ayina nallin enna dhani sari malpere tayar ijjer.,My landlord will not fix the broken pipe in my kitchen,Housing,,Housing,Torts/Individuals,Land/Property,0.95,True,True,False,Unauthorized entry into a home without permission
llama3,G,24,enk badigeda illan budiyere khali radd dinata vayide koryer.,I was told to leave my rented house with only two days notice,Housing,,Housing,Torts/Individuals,Land/Property,0.95,True,True,False,Unauthorized entry into a dwelling
llama3,G,25,enna sahavasi ill buddu badadigen pura enna mitte padd poyer.,My roommate moved out and left me to pay all the rent,Housing,Consumer/Money/Debt,Housing,Torts/Individuals,Courts/Legal-System,0.90,True,True,False,Unauthorized entry into a home
llama3,G,26,enk onji hal ayna phon-n mard daangadida dhani kasn pira korere tayar ijjer.,The shop owner sold me a broken phone and won't give my money back,Consumer/Money/Debt,,Housing,Torts/Individuals,Land/Property,0.90,False,False,False,Unauthorized entry into a home without permission
llama3,G,27,yan pura kas kori bokkala belen purti maltijer.,I paid for a service that was never completed,Consumer/Money/Debt,,Housing,Torts/Individuals,Courts/Legal-System,0.90,False,False,False,Unauthorized entry into a dwelling
llama3,G,28,"enna megge radd varshada dunbu ennadda sara dettonde, aven nanla pira kortije.",My brother borrowed money from me two years ago and still has not paid,Consumer/Money/Debt,,Housing,Torts/Individuals,Land/Property,0.90,False,False,False,Unauthorized entry into a person's dwelling
llama3,G,29,enna oppandina shulkag byank enna mitt kas padondundu.,The bank is charging me fees I never agreed to,Consumer/Money/Debt,,Torts/Individuals,Land/Property,Housing,0.90,False,False,False,Personal injury or property damage caused by another individual
llama3,G,30,ero enan onji dongi astida mitt kas padere oppayer.,Someone convinced me to invest in something that turned out to be fake,Consumer/Money/Debt,,Housing,Torts/Individuals,Land/Property,0.95,False,False,False,Unauthorized entry into someone's home
llama3,G,31,yan maltina jasti kelsag enk beleda jagadd kas tikkiji.,My workplace has not paid me for the extra hours I worked,Work/Employment,,Torts/Individuals,Land/Property,Housing,0.90,False,False,False,Someone entered their property without permission
llama3,G,32,yan dhanita yan hushar ijji pandd pandina varade ar enan beledd detter.,I was fired the same week I told my boss I was sick,Work/Employment,,Torts/Individuals,Land/Property,Housing,0.90,False,False,False,Trespass and refusal to leave
llama3,G,33,enna dhani enan suraksha dipina saman korper pand pandi bokka aven korande enada bele malpavonduller.,My employer is making me work without the safety equipment I was promised,Work/Employment,,Housing,Torts/Individuals,Land/Property,0.95,False,False,False,Unauthorized entry into the person's home
llama3,G,34,"enk onji promoshan korper pandd patera koryer, matra dala karana korande bete janak koryer.",I was promised a promotion but someone else got it without explanation,Work/Employment,,Torts/Individuals,Housing,Land/Property,0.90,False,False,False,Property damage or personal injury caused by another person
llama3,G,35,yan belen budi bokka enna dhani enna akherida sanbalan korondijjer.,My employer refuses to give me my final paycheck after I quit,Work/Employment,Consumer/Money/Debt,Torts/Individuals,Land/Property,Housing,0.85,False,False,False,Trespass and refusal to leave
llama3,G,36,enna nerekaredakulu aklena belin enna jagada ullayi mutta kattader.,My neighbor built a wall that crosses onto my land,Land/Property,,Housing,Torts/Individuals,Courts/Legal-System,0.90,False,False,False,Unauthorized entry into a dwelling
llama3,G,37,enda kenande yera enna kutunbada jagad benni dattonduller.,Someone is tilling on land that belongs to my family without asking,Land/Property,,Torts/Individuals,Land/Property,Housing,0.90,False,True,True,Unauthorized entry into the person's property
llama3,G,38,enna jagada belin yera dett budter.,The boundary markers on my property were moved without my knowledge,Land/Property,,Housing,Torts/Individuals,Courts/Legal-System,0.90,False,False,False,Unauthorized entry into a dwelling
llama3,G,39,enna palaye enna kutunbada jagada onji bhagan ayena matra pandd panondulle.,My brother is claiming a part of our family's land is his alone,Land/Property,Estates/Wills,Torts/Individuals,Land/Property,Housing,0.90,False,True,True,Someone entering the person's property without permission
llama3,G,40,enda kenande yera enna jagada maran kadter.,Someone cut down trees on my property without permission,Land/Property,Torts/Individuals,Torts/Individuals,Land/Property,Housing,0.90,False,True,True,Someone entering your property without permission
llama3,H,21,ಎಂಕ್ಲೇನ ತಿರ್ಪು ಮಲ್ತಿನ ಸಮಯದ ದುಂಬು ಎನ್ನ ಧನಿ ಬಾಡಿಗೆ ಜಾಸ್ತಿ ಮಲ್ಪೆರೆ ಪ್ರಯತ್ನ ಮಲ್ತೋಂದುಲ್ಲೇರ್.,My landlord is trying to raise my rent before our agreement ends,Housing,Consumer/Money/Debt,Consumer/Money/Debt,Work/Employment,Housing,0.90,False,True,True,Money owed to the person after termination
llama3,H,22,ಬರೀತಕುಲು ಏತ್ ಬೊಬ್ಬೆ ಪಾಡೋಂದುಲ್ಲೇರ್ ಪನ್ಡ ಎಂಕ್ ರಾತ್ರೆಡ್ ಜೆಪ್ಪೆರೇ ಆವೊಂದಿಜಿ.,The people next door make so much noise I cannot sleep at night,Housing,Torts/Individuals,Torts/Individuals,Housing,Land/Property,0.90,False,True,True,Personal injury caused by another person's action
llama3,H,23,ಎನ್ನ ಅಡಿಪಿಲ್ದಾ ಹಾಳ್ ಆಯಿನ ನಳ್ಳಿನ್ ಎನ್ನ ಧನಿ ಸರಿ ಮಲ್ಪೆರೆ ತಯಾರ್ ಇಜ್ಜೆರ್.,My landlord will not fix the broken pipe in my kitchen,Housing,,Torts/Individuals,Housing,Land/Property,0.90,False,True,True,Someone entered the person's home without permission and is refusing to leave
llama3,H,24,ಎಂಕ್ ಬಾಡಿಗೆದ ಇಲ್ಲನ್ ಬುಡಿಯೆರೆ ಖಾಲಿ ರಡ್ಡ್ ದಿನತ ವಯಿದೇ ಕೊರ್ಯೇರ್.,I was told to leave my rented house with only two days notice,Housing,,Housing,Torts/Individuals,Land/Property,0.90,True,True,False,Unauthorized entry into someone's home
llama3,H,25,ಎನ್ನ ಸಹವಾಸಿ ಇಲ್ಲ್ ಬುಡ್ದು ಬಾದಡಿಗೆನ್ ಪುರಾ ಎನ್ನ ಮಿತ್ತೆ ಪಾಡ್ದ್ ಪೋಯೇರ್.,My roommate moved out and left me to pay all the rent,Housing,Consumer/Money/Debt,Torts/Individuals,Housing,Land/Property,0.90,False,True,True,Trespassing and theft
llama3,H,26,ಎಂಕ್ ಒಂಜಿ ಹಾಳ್ ಆಯ್ನ ಫೋನ್-ನ್ ಮಾರ್ದ್ ದಅಂಗಡಿದ ಧನಿ ಕಾಸ್ನ್ ಪಿರಾ ಕೊರೆರೆ ತಯಾರ್ ಇಜ್ಜೆರ್.,The shop owner sold me a broken phone and won't give my money back,Consumer/Money/Debt,,Consumer/Money/Debt,Torts/Individuals,Housing,0.90,True,True,False,The primary issue is about someone taking money without permission and refusing to return it.
llama3,H,27,ಯಾನ್ ಪೂರಾ ಕಾಸ್ ಕೊರಿ ಬೊಕ್ಕಲಾ ಬೇಲೆನ್ ಪೂರ್ತಿ ಮಲ್ತಿಜೆರ್.,I paid for a service that was never completed,Consumer/Money/Debt,,Consumer/Money/Debt,Torts/Individuals,Housing,0.90,True,True,False,Someone took the person's full cash without permission
llama3,H,28,"ಎನ್ನ ಮೆಗ್ಗೆ ರಡ್ಡ್ ವರ್ಷದ ದುಂಬು ಎನ್ನಡ್ದ ಸಾರ ದೆತ್ತೊಂಡೆ, ಅವೆನ್ ನನ್ಲಾ ಪಿರಾ ಕೊರ್ತಿಜೆ.",My brother borrowed money from me two years ago and still has not paid,Consumer/Money/Debt,,Land/Property,Torts/Individuals,Housing,0.90,False,False,False,Someone occupying your land without permission and refusing to leave
llama3,H,29,ಎನ್ನ ಒಪ್ಪಂದಿನ ಶುಲ್ಕಗ್ ಬ್ಯಾಂಕ್ ಎನ್ನ ಮಿತ್ತ್ ಕಾಸ್ ಪಾಡೊಂದುಂಡು.,The bank is charging me fees I never agreed to,Consumer/Money/Debt,,Consumer/Money/Debt,Housing,Torts/Individuals,0.90,True,True,False,The person is facing a debt-related issue where someone has not returned money that was borrowed under an agreement.
llama3,H,30,ಏರೊ ಎನನ್ ಒಂಜಿ ಡೋಂಗಿ ಆಸ್ತಿದ ಮಿತ್ತ್ ಕಾಸ್ ಪಾಡೆರೆ ಒಪ್ಪಾಯೆರ್.,Someone convinced me to invest in something that turned out to be fake,Consumer/Money/Debt,,Torts/Individuals,Housing,Land/Property,0.85,False,False,False,Trespassing and property damage
llama3,H,31,ಯಾನ್ ಮಲ್ತಿನ ಜಾಸ್ತಿ ಕೆಲ್ಸಗ್ ಎಂಕ್ ಬೇಲೆದ ಜಾಗಡ್ಡ್ ಕಾಸ್ ತಿಕ್ಕಿಜಿ.,My workplace has not paid me for the extra hours I worked,Work/Employment,,Torts/Individuals,Land/Property,Housing,0.90,False,False,False,Property damage caused by another person's action
llama3,H,32,ಯಾನ್ ಧನಿಟ ಯಾನ್ ಹುಷಾರ್ ಇಜ್ಜಿ ಪಂಡ್ಡ್ ಪಂಡಿನ ವಾರಡೆ ಆರ್ ಎನನ್ ಬೇಲೆಡ್ಡ್ ದೆತ್ತೆರ್.,I was fired the same week I told my boss I was sick,Work/Employment,,Torts/Individuals,Housing,Land/Property,0.90,False,False,False,Someone entered the person's home without permission and took something.
llama3,H,33,ಎನ್ನ ಧನಿ ಎನನ್ ಸುರಕ್ಷ ದೀಪಿನ ಸಾಮಾನ್ ಕೊರ್ಪೆರ್ ಪಂದ್ ಪಂಡಿ ಬೊಕ್ಕ ಅವೆನ್ ಕೊರಂದೇ ಎನಡ ಬೇಲೆ ಮಲ್ಪಾವೊಂದುಲ್ಲೆರ್.,My employer is making me work without the safety equipment I was promised,Work/Employment,,Torts/Individuals,Land/Property,Housing,0.90,False,False,False,Property damage or theft caused by another individual
llama3,H,34,"ಎಂಕ್ ಒಂಜಿ ಪ್ರೊಮೋಷನ್ ಕೊರ್ಪೆರ್ ಪಂಡ್ಡ್ ಪಾತೇರ ಕೊರ್ಯೆರ್, ಮಾತ್ರ ದಾಲ ಕಾರಣ ಕೊರಂದೇ ಬೇತೆ ಜನಕ್ ಕೊರ್ಯೆರ್.",I was promised a promotion but someone else got it without explanation,Work/Employment,,Torts/Individuals,Housing,Land/Property,0.90,False,False,False,Someone entered the person's home without permission and is refusing to leave.
llama3,H,35,ಯಾನ್ ಬೇಲೆನ್ ಬುಡಿ ಬೊಕ್ಕ ಎನ್ನ ಧನಿ ಎನ್ನ ಅಖೇರಿದ ಸಂಬಳನ್ ಕೊರೋಂದಿಜ್ಜೆರ್.,My employer refuses to give me my final paycheck after I quit,Work/Employment,Consumer/Money/Debt,Consumer/Money/Debt,Work/Employment,Housing,0.85,False,True,True,Financial issue with wages not being paid
llama3,H,36,ಎನ್ನ ನೆರೆಕರೆದಕುಲು ಅಕ್ಲೆನ ಬೇಲಿನ್ ಎನ್ನ ಜಾಗದ ಉಲ್ಲಯಿ ಮುಟ್ಟ ಕಟ್ಟಾದೆರ್.,My neighbor built a wall that crosses onto my land,Land/Property,,Torts/Individuals,Land/Property,Housing,0.90,False,True,True,Property damage caused by another person's action
llama3,H,37,ಎನ್ಡ ಕೇಣಂದೇ ಯೇರಾ ಎನ್ನ ಕುಟುಂಬದ ಜಾಗಡ್ ಬೆನ್ನಿ ದಟ್ಟೊಂದುಲ್ಲೆರ್.,Someone is tilling on land that belongs to my family without asking,Land/Property,,Land/Property,Torts/Individuals,Housing,0.85,True,True,False,Someone's actions affect the person's family home
llama3,H,38,ಎನ್ನ ಜಾಗದ ಬೇಲಿನ್ ಯೇರಾ ದೆತ್ತ್ ಬುಡ್ತೆರ್.,The boundary markers on my property were moved without my knowledge,Land/Property,,Torts/Individuals,Land/Property,Housing,0.90,False,True,True,Someone entered the person's property without permission
llama3,H,39,ಎನ್ನ ಪಲಯೆ ಎನ್ನ ಕುಟುಂಬದ ಜಾಗದ ಒಂಜಿ ಭಾಗನ್ ಆಯೇನ ಮಾತ್ರ ಪಂಡ್ಡ್ ಪಣೊಂದುಲ್ಲೆ.,My brother is claiming a part of our family's land is his alone,Land/Property,Estates/Wills,Land/Property,Torts/Individuals,Housing,0.90,True,True,False,Dispute over family land taken without permission
llama3,H,40,ಎನ್ಡ ಕೇಣಂದೇ ಯೇರಾ ಎನ್ನ ಜಾಗದ ಮರನ್ ಕಡ್ತೆರ್.,Someone cut down trees on my property without permission,Land/Property,Torts/Individuals,Torts/Individuals,Land/Property,Housing,0.90,False,True,True,Property damage caused by another person's action
llama3,I,21,எங்க்லேன திர்பு மல்தின ஸமயத³ து³ம்பு³ என்ன த⁴னி பா³டி³கெ³ ஜாஸ்தி மல்பெரெ ப்ரயத்ன மல்தோந்து³ல்லேர்.,My landlord is trying to raise my rent before our agreement ends,Housing,Consumer/Money/Debt,Torts/Individuals,Housing,Land/Property,0.90,False,True,True,Someone entered the person's home without permission and refuses to leave
llama3,I,22,ப³ரீதகுலு ஏத் பொ³ப்³பெ³ பாடோ³ந்து³ல்லேர் பன்ட³ எங்க் ராத்ரெட்³ ஜெப்பெரே ஆவொந்தி³ஜி.,The people next door make so much noise I cannot sleep at night,Housing,Torts/Individuals,Torts/Individuals,Housing,Land/Property,0.90,False,True,True,Trespassing and invasion of privacy
llama3,I,23,என்ன அடி³பில்தா³ ஹாள் ஆயின நள்ளின் என்ன த⁴னி ஸரி மல்பெரெ தயார் இஜ்ஜெர்.,My landlord will not fix the broken pipe in my kitchen,Housing,,Housing,Torts/Individuals,Courts/Legal-System,0.95,True,True,False,Trespassing into someone's home
llama3,I,24,எங்க் பா³டி³கெ³த³ இல்லன் பு³டி³யெரெ கா²லி ரட்³ட்³ தி³னத வயிதே³ கொர்யேர்.,I was told to leave my rented house with only two days notice,Housing,,Housing,Torts/Individuals,Courts/Legal-System,0.90,True,True,False,Unauthorized entry into someone's home
llama3,I,25,என்ன ஸஹவாஸி இல்ல் பு³ட்³து³ பா³த³டி³கெ³ன் புரா என்ன மித்தெ பாட்³த்³ போயேர்.,My roommate moved out and left me to pay all the rent,Housing,Consumer/Money/Debt,Torts/Individuals,Housing,Courts/Legal-System,0.90,False,True,True,Someone entered the person's home without permission
llama3,I,26,எங்க் ஒஞ்ஜி ஹாள் ஆய்ன போ²ன்-ந் மார்த்³ த³அங்க³டி³த³ த⁴னி காஸ்ன் பிரா கொரெரெ தயார் இஜ்ஜெர்.,The shop owner sold me a broken phone and won't give my money back,Consumer/Money/Debt,,Torts/Individuals,Housing,Land/Property,0.90,False,False,False,Someone entered the person's home without permission and is refusing to leave
llama3,I,27,யான் பூரா காஸ் கொரி பொ³க்கலா பே³லென் பூர்தி மல்திஜெர்.,I paid for a service that was never completed,Consumer/Money/Debt,,Torts/Individuals,Housing,Consumer/Money/Debt,0.90,False,True,True,Personal injury caused by another person
llama3,I,28,"என்ன மெக்³கெ³ ரட்³ட்³ வர்ஷத³ து³ம்பு³ என்னட்³த³ ஸார தெ³த்தொண்டெ³, அவென் நன்லா பிரா கொர்திஜெ.",My brother borrowed money from me two years ago and still has not paid,Consumer/Money/Debt,,Torts/Individuals,Housing,Land/Property,0.90,False,False,False,Physical harm/damage caused by another person
llama3,I,29,என்ன ஒப்பந்தி³ன ஶுல்கக்³ ப்³யாங்க் என்ன மித்த் காஸ் பாடொ³ந்து³ண்டு³.,The bank is charging me fees I never agreed to,Consumer/Money/Debt,,Torts/Individuals,Housing,Courts/Legal-System,0.20,False,False,False,"The text contains a mix of consonants and vowels, which could potentially indicate a personal or individual issue."
llama3,I,30,ஏரொ எனன் ஒஞ்ஜி டோ³ங்கி³ ஆஸ்தித³ மித்த் காஸ் பாடெ³ரெ ஒப்பாயெர்.,Someone convinced me to invest in something that turned out to be fake,Consumer/Money/Debt,,Torts/Individuals,Housing,Consumer/Money/Debt,0.90,False,True,True,Someone entered the person's home without permission
llama3,I,31,யான் மல்தின ஜாஸ்தி கெல்ஸக்³ எங்க் பே³லெத³ ஜாக³ட்³ட்³ காஸ் திக்கிஜி.,My workplace has not paid me for the extra hours I worked,Work/Employment,,Housing,Torts/Individuals,Courts/Legal-System,0.95,False,False,False,Unauthorized entry into a person's home
llama3,I,32,யான் த⁴னிட யான் ஹுஷார் இஜ்ஜி பண்ட்³ட்³ பண்டி³ன வாரடெ³ ஆர் எனன் பே³லெட்³ட்³ தெ³த்தெர்.,I was fired the same week I told my boss I was sick,Work/Employment,,Torts/Individuals,Housing,Land/Property,0.90,False,False,False,Someone entering your home without permission and refusing to leave
llama3,I,33,என்ன த⁴னி எனன் ஸுரக்ஷ தீ³பின ஸாமான் கொர்பெர் பந்த்³ பண்டி³ பொ³க்க அவென் கொரந்தே³ எனட³ பே³லெ மல்பாவொந்து³ல்லெர்.,My employer is making me work without the safety equipment I was promised,Work/Employment,,Torts/Individuals,Housing,Land/Property,0.90,False,False,False,Personal property invasion without permission
llama3,I,34,"எங்க் ஒஞ்ஜி ப்ரொமோஷன் கொர்பெர் பண்ட்³ட்³ பாதேர கொர்யெர், மாத்ர தா³ல காரண கொரந்தே³ பே³தெ ஜனக் கொர்யெர்.",I was promised a promotion but someone else got it without explanation,Work/Employment,,Torts/Individuals,Housing,Land/Property,0.90,False,False,False,Unauthorized entry into someone's home
llama3,I,35,யான் பே³லென் பு³டி³ பொ³க்க என்ன த⁴னி என்ன அகே²ரித³ ஸம்ப³ளன் கொரோந்தி³ஜ்ஜெர்.,My employer refuses to give me my final paycheck after I quit,Work/Employment,Consumer/Money/Debt,Torts/Individuals,Housing,Land/Property,0.90,False,False,False,Someone entering another person's home without permission
llama3,I,36,என்ன நெரெகரெத³குலு அக்லென பே³லின் என்ன ஜாக³த³ உல்லயி முட்ட கட்டாதெ³ர்.,My neighbor built a wall that crosses onto my land,Land/Property,,Torts/Individuals,Housing,Land/Property,0.85,False,True,True,Someone entered the person's home without permission and is refusing to leave
llama3,I,37,என்ட³ கேணந்தே³ யேரா என்ன குடும்ப³த³ ஜாக³ட்³ பெ³ன்னி த³ட்டொந்து³ல்லெர்.,Someone is tilling on land that belongs to my family without asking,Land/Property,,Torts/Individuals,Housing,Land/Property,0.90,False,True,True,Someone entered another person's home without permission
llama3,I,38,என்ன ஜாக³த³ பே³லின் யேரா தெ³த்த் பு³ட்³தெர்.,The boundary markers on my property were moved without my knowledge,Land/Property,,Torts/Individuals,Housing,Consumer/Money/Debt,0.90,False,False,False,Someone entered the person's home without permission
llama3,I,39,என்ன பலயெ என்ன குடும்ப³த³ ஜாக³த³ ஒஞ்ஜி பா⁴க³ன் ஆயேன மாத்ர பண்ட்³ட்³ பணொந்து³ல்லெ.,My brother is claiming a part of our family's land is his alone,Land/Property,Estates/Wills,Torts/Individuals,Housing,Land/Property,0.90,False,True,True,Someone entered their home without permission
llama3,I,40,என்ட³ கேணந்தே³ யேரா என்ன ஜாக³த³ மரன் கட்³தெர்.,Someone cut down trees on my property without permission,Land/Property,Torts/Individuals,Torts/Individuals,Housing,Land/Property,0.90,False,True,True,Someone entering another person's home without permission
llama3,J,21,എങ്ക്ലേന തിർപു മൽതിന സമയദ ദുംബു എന്ന ധനി ബാഡിഗെ ജാസ്തി മല്പെരെ പ്രയത്ന മൽതോന്ദുല്ലേർ.,My landlord is trying to raise my rent before our agreement ends,Housing,Consumer/Money/Debt,Consumer/Money/Debt,Torts/Individuals,Housing,0.90,False,True,True,Someone took the person's money without permission
llama3,J,22,ബരീതകുലു ഏത് ബൊബ്ബെ പാഡോന്ദുല്ലേർ പൻഡ എങ്ക് രാത്രെഡ് ജെപ്പെരേ ആവൊന്ദിജി.,The people next door make so much noise I cannot sleep at night,Housing,Torts/Individuals,Housing,Torts/Individuals,Courts/Legal-System,0.90,True,True,False,Unauthorized entry into a person's home
llama3,J,23,എന്ന അഡിപിൽദാ ഹാൾ ആയിന നള്ളിൻ എന്ന ധനി സരി മല്പെരെ തയാർ ഇജ്ജെർ.,My landlord will not fix the broken pipe in my kitchen,Housing,,Housing,Torts/Individuals,Land/Property,0.90,True,True,False,Unauthorized entry into a dwelling
llama3,J,24,എങ്ക് ബാഡിഗെദ ഇല്ലൻ ബുഡിയെരെ ഖാലി രഡ്ഡ് ദിനത വയിദേ കൊര്യേർ.,I was told to leave my rented house with only two days notice,Housing,,Torts/Individuals,Housing,Land/Property,0.90,False,True,True,Unauthorized entry and refusal to leave
llama3,J,25,എന്ന സഹവാസി ഇല്ല് ബുഡ്ദു ബാദഡിഗെൻ പുരാ എന്ന മിത്തെ പാഡ്ദ് പോയേർ.,My roommate moved out and left me to pay all the rent,Housing,Consumer/Money/Debt,Torts/Individuals,Housing,Land/Property,0.90,False,True,True,Property damage caused by another person's action
llama3,J,26,എങ്ക് ഒഞ്ജി ഹാൾ ആയ്ന ഫോൻ-ന് മാർദ് ദഅംഗഡിദ ധനി കാസ്ന് പിരാ കൊരെരെ തയാർ ഇജ്ജെർ.,The shop owner sold me a broken phone and won't give my money back,Consumer/Money/Debt,,Torts/Individuals,Housing,Land/Property,0.90,False,False,False,Someone entered another person's home without permission and is refusing to leave.
llama3,J,27,യാൻ പൂരാ കാസ് കൊരി ബൊക്കലാ ബേലെൻ പൂർതി മൽതിജെർ.,I paid for a service that was never completed,Consumer/Money/Debt,,Torts/Individuals,Housing,Land/Property,0.90,False,False,False,Trespassing and invasion of privacy
llama3,J,28,"എന്ന മെഗ്ഗെ രഡ്ഡ് വർഷദ ദുംബു എന്നഡ്ദ സാര ദെത്തൊണ്ഡെ, അവെൻ നൻലാ പിരാ കൊർതിജെ.",My brother borrowed money from me two years ago and still has not paid,Consumer/Money/Debt,,Torts/Individuals,Housing,Land/Property,0.90,False,False,False,Unauthorized entry into someone's home
llama3,J,29,എന്ന ഒപ്പന്ദിന ശുൽകഗ് ബ്യാങ്ക് എന്ന മിത്ത് കാസ് പാഡൊന്ദുണ്ഡു.,The bank is charging me fees I never agreed to,Consumer/Money/Debt,,Consumer/Money/Debt,Torts/Individuals,Courts/Legal-System,0.90,True,True,False,The situation appears to be related to a financial transaction or bank account issue.
llama3,J,30,ഏരൊ എനൻ ഒഞ്ജി ഡോംഗി ആസ്തിദ മിത്ത് കാസ് പാഡെരെ ഒപ്പായെർ.,Someone convinced me to invest in something that turned out to be fake,Consumer/Money/Debt,,Housing,Torts/Individuals,Land/Property,0.95,False,False,False,Unauthorized entry into someone's home
llama3,J,31,യാൻ മൽതിന ജാസ്തി കെൽസഗ് എങ്ക് ബേലെദ ജാഗഡ്ഡ് കാസ് തിക്കിജി.,My workplace has not paid me for the extra hours I worked,Work/Employment,,Torts/Individuals,Housing,Land/Property,0.90,False,False,False,Someone entering your home without permission
llama3,J,32,യാൻ ധനിട യാൻ ഹുഷാർ ഇജ്ജി പണ്ഡ്ഡ് പണ്ഡിന വാരഡെ ആർ എനൻ ബേലെഡ്ഡ് ദെത്തെർ.,I was fired the same week I told my boss I was sick,Work/Employment,,Consumer/Money/Debt,Torts/Individuals,Housing,0.90,False,False,False,The person's money has been taken without their consent and they are demanding that it be returned.
llama3,J,33,എന്ന ധനി എനൻ സുരക്ഷ ദീപിന സാമാൻ കൊർപെർ പന്ദ് പണ്ഡി ബൊക്ക അവെൻ കൊരന്ദേ എനഡ ബേലെ മല്പാവൊന്ദുല്ലെർ.,My employer is making me work without the safety equipment I was promised,Work/Employment,,Torts/Individuals,Housing,Consumer/Money/Debt,0.90,False,False,False,Personal property entered without permission and something taken
llama3,J,34,"എങ്ക് ഒഞ്ജി പ്രൊമോഷൻ കൊർപെർ പണ്ഡ്ഡ് പാതേര കൊര്യെർ, മാത്ര ദാല കാരണ കൊരന്ദേ ബേതെ ജനക് കൊര്യെർ.",I was promised a promotion but someone else got it without explanation,Work/Employment,,Torts/Individuals,Housing,Land/Property,0.90,False,False,False,Physical harm/damage caused by another person's action
llama3,J,35,യാൻ ബേലെൻ ബുഡി ബൊക്ക എന്ന ധനി എന്ന അഖേരിദ സംബളൻ കൊരോന്ദിജ്ജെർ.,My employer refuses to give me my final paycheck after I quit,Work/Employment,Consumer/Money/Debt,Consumer/Money/Debt,Torts/Individuals,Housing,0.90,False,True,True,Unauthorized transaction
llama3,J,36,എന്ന നെരെകരെദകുലു അക്ലെന ബേലിൻ എന്ന ജാഗദ ഉല്ലയി മുട്ട കട്ടാദെർ.,My neighbor built a wall that crosses onto my land,Land/Property,,Torts/Individuals,Housing,Land/Property,0.90,False,True,True,Physical harm/damage caused by another person's action
llama3,J,37,എൻഡ കേണന്ദേ യേരാ എന്ന കുടുംബദ ജാഗഡ് ബെന്നി ദട്ടൊന്ദുല്ലെർ.,Someone is tilling on land that belongs to my family without asking,Land/Property,,Land/Property,Torts/Individuals,Housing,0.85,True,True,False,Dispute related to family home or property rights
llama3,J,38,എന്ന ജാഗദ ബേലിൻ യേരാ ദെത്ത് ബുഡ്തെർ.,The boundary markers on my property were moved without my knowledge,Land/Property,,Housing,Torts/Individuals,Courts/Legal-System,0.95,False,False,False,Unauthorized entry into someone's dwelling
llama3,J,39,എന്ന പലയെ എന്ന കുടുംബദ ജാഗദ ഒഞ്ജി ഭാഗൻ ആയേന മാത്ര പണ്ഡ്ഡ് പണൊന്ദുല്ലെ.,My brother is claiming a part of our family's land is his alone,Land/Property,Estates/Wills,Land/Property,Torts/Individuals,Housing,0.90,True,True,False,Dispute over family property taken without permission
llama3,J,40,എൻഡ കേണന്ദേ യേരാ എന്ന ജാഗദ മരൻ കഡ്തെർ.,Someone cut down trees on my property without permission,Land/Property,Torts/Individuals,Torts/Individuals,Housing,Land/Property,0.90,False,True,True,Someone entering your home without permission
llama3,K_sparse,21,எங்க்லேன திர்பு மல்தின ஸமயத³ து³ம்பு³ என்ன த⁴னி பா³டி³கெ³ ஜாஸ்தி மல்பெரெ ப்ரயத்ன மல்தோந்து³ல்லேர்.,My landlord is trying to raise my rent before our agreement ends,Housing,Consumer/Money/Debt,Torts/Individuals,Land/Property,Housing,0.90,False,True,True,Property damage or personal injury caused by another individual's action
llama3,K_sparse,22,ப³ரீதகுலு ஏத் பொ³ப்³பெ³ பாடோ³ந்து³ல்லேர் பன்ட³ எங்க் ராத்ரெட்³ ஜெப்பெரே ஆவொந்தி³ஜி.,The people next door make so much noise I cannot sleep at night,Housing,Torts/Individuals,Torts/Individuals,Housing,Land/Property,0.90,False,True,True,Someone took something that belongs to the person without permission.
llama3,K_sparse,23,என்ன அடி³பில்தா³ ஹாள் ஆயின நள்ளின் என்ன த⁴னி ஸரி மல்பெரெ தயார் இஜ்ஜெர்.,My landlord will not fix the broken pipe in my kitchen,Housing,,Torts/Individuals,Land/Property,Housing,0.90,False,True,True,Property damage or personal injury caused by another individual's action
llama3,K_sparse,24,எங்க் பா³டி³கெ³த³ இல்லன் பு³டி³யெரெ கா²லி ரட்³ட்³ தி³னத வயிதே³ கொர்யேர்.,I was told to leave my rented house with only two days notice,Housing,,Land/Property,Torts/Individuals,Housing,0.90,False,True,True,Unauthorized taking of property suggests a dispute over ownership or possession.
llama3,K_sparse,25,என்ன ஸஹவாஸி இல்ல் பு³ட்³து³ பா³த³டி³கெ³ன் புரா என்ன மித்தெ பாட்³த்³ போயேர்.,My roommate moved out and left me to pay all the rent,Housing,Consumer/Money/Debt,Torts/Individuals,Land/Property,Housing,0.90,False,True,True,Property taken without permission
llama3,K_sparse,26,எங்க் ஒஞ்ஜி ஹாள் ஆய்ன போ²ன்-ந் மார்த்³ த³அங்க³டி³த³ த⁴னி காஸ்ன் பிரா கொரெரெ தயார் இஜ்ஜெர்.,The shop owner sold me a broken phone and won't give my money back,Consumer/Money/Debt,,Torts/Individuals,Housing,Land/Property,0.90,False,False,False,Property damage caused by another person
llama3,K_sparse,27,யான் பூரா காஸ் கொரி பொ³க்கலா பே³லென் பூர்தி மல்திஜெர்.,I paid for a service that was never completed,Consumer/Money/Debt,,Land/Property,Torts/Individuals,Housing,0.90,False,False,False,Unauthorized taking of the person's property
llama3,K_sparse,28,"என்ன மெக்³கெ³ ரட்³ட்³ வர்ஷத³ து³ம்பு³ என்னட்³த³ ஸார தெ³த்தொண்டெ³, அவென் நன்லா பிரா கொர்திஜெ.",My brother borrowed money from me two years ago and still has not paid,Consumer/Money/Debt,,Torts/Individuals,Land/Property,Housing,0.90,False,False,False,Property damage or personal injury caused by another individual
llama3,K_sparse,29,என்ன ஒப்பந்தி³ன ஶுல்கக்³ ப்³யாங்க் என்ன மித்த் காஸ் பாடொ³ந்து³ண்டு³.,The bank is charging me fees I never agreed to,Consumer/Money/Debt,,Torts/Individuals,Land/Property,Housing,0.90,False,False,False,Personal property taken without consent
llama3,K_sparse,30,ஏரொ எனன் ஒஞ்ஜி டோ³ங்கி³ ஆஸ்தித³ மித்த் காஸ் பாடெ³ரெ ஒப்பாயெர்.,Someone convinced me to invest in something that turned out to be fake,Consumer/Money/Debt,,Land/Property,Torts/Individuals,Housing,0.90,False,False,False,Someone took the person's property without permission
llama3,K_sparse,31,யான் மல்தின ஜாஸ்தி கெல்ஸக்³ எங்க் பே³லெத³ ஜாக³ட்³ட்³ காஸ் திக்கிஜி.,My workplace has not paid me for the extra hours I worked,Work/Employment,,Torts/Individuals,Housing,Consumer/Money/Debt,0.90,False,False,False,"Someone took the person's child without permission, violating their personal rights and property."
llama3,K_sparse,32,யான் த⁴னிட யான் ஹுஷார் இஜ்ஜி பண்ட்³ட்³ பண்டி³ன வாரடெ³ ஆர் எனன் பே³லெட்³ட்³ தெ³த்தெர்.,I was fired the same week I told my boss I was sick,Work/Employment,,Torts/Individuals,Land/Property,Housing,0.90,False,False,False,Property damage caused by another individual
llama3,K_sparse,33,என்ன த⁴னி எனன் ஸுரக்ஷ தீ³பின ஸாமான் கொர்பெர் பந்த்³ பண்டி³ பொ³க்க அவென் கொரந்தே³ எனட³ பே³லெ மல்பாவொந்து³ல்லெர்.,My employer is making me work without the safety equipment I was promised,Work/Employment,,Torts/Individuals,Housing,Consumer/Money/Debt,0.90,False,False,False,Someone has taken something that belongs to the person without permission.
llama3,K_sparse,34,"எங்க் ஒஞ்ஜி ப்ரொமோஷன் கொர்பெர் பண்ட்³ட்³ பாதேர கொர்யெர், மாத்ர தா³ல காரண கொரந்தே³ பே³தெ ஜனக் கொர்யெர்.",I was promised a promotion but someone else got it without explanation,Work/Employment,,Torts/Individuals,Land/Property,Housing,0.90,False,False,False,Property damage caused by another person's action
llama3,K_sparse,35,யான் பே³லென் பு³டி³ பொ³க்க என்ன த⁴னி என்ன அகே²ரித³ ஸம்ப³ளன் கொரோந்தி³ஜ்ஜெர்.,My employer refuses to give me my final paycheck after I quit,Work/Employment,Consumer/Money/Debt,Torts/Individuals,Housing,Consumer/Money/Debt,0.90,False,True,True,Physical harm/damage caused by another individual
llama3,K_sparse,36,என்ன நெரெகரெத³குலு அக்லென பே³லின் என்ன ஜாக³த³ உல்லயி முட்ட கட்டாதெ³ர்.,My neighbor built a wall that crosses onto my land,Land/Property,,Torts/Individuals,Land/Property,Housing,0.90,False,True,True,Property damage or personal injury caused by another individual
llama3,K_sparse,37,என்ட³ கேணந்தே³ யேரா என்ன குடும்ப³த³ ஜாக³ட்³ பெ³ன்னி த³ட்டொந்து³ல்லெர்.,Someone is tilling on land that belongs to my family without asking,Land/Property,,Torts/Individuals,Housing,Land/Property,0.90,False,True,True,Invasion of privacy and potential harm or damage to property
llama3,K_sparse,38,என்ன ஜாக³த³ பே³லின் யேரா தெ³த்த் பு³ட்³தெர்.,The boundary markers on my property were moved without my knowledge,Land/Property,,Torts/Individuals,Land/Property,Housing,0.85,False,True,True,Property damage or personal injury caused by another individual
llama3,K_sparse,39,என்ன பலயெ என்ன குடும்ப³த³ ஜாக³த³ ஒஞ்ஜி பா⁴க³ன் ஆயேன மாத்ர பண்ட்³ட்³ பணொந்து³ல்லெ.,My brother is claiming a part of our family's land is his alone,Land/Property,Estates/Wills,Land/Property,Housing,Torts/Individuals,0.90,True,True,False,Family member taking something that belongs to the person
llama3,K_sparse,40,என்ட³ கேணந்தே³ யேரா என்ன ஜாக³த³ மரன் கட்³தெர்.,Someone cut down trees on my property without permission,Land/Property,Torts/Individuals,Torts/Individuals,Housing,Consumer/Money/Debt,0.90,False,True,True,Personal injury caused by another individual
llama3,K_full,21,எங்க்லேன திர்பு மல்தின ஸமயத³ து³ம்பு³ என்ன த⁴னி பா³டி³கெ³ ஜாஸ்தி மல்பெரெ ப்ரயத்ன மல்தோந்து³ல்லேர்.,My landlord is trying to raise my rent before our agreement ends,Housing,Consumer/Money/Debt,Torts/Individuals,Housing,Consumer/Money/Debt,0.85,False,True,True,Property damage or personal injury caused by another individual's action
llama3,K_full,22,ப³ரீதகுலு ஏத் பொ³ப்³பெ³ பாடோ³ந்து³ல்லேர் பன்ட³ எங்க் ராத்ரெட்³ ஜெப்பெரே ஆவொந்தி³ஜி.,The people next door make so much noise I cannot sleep at night,Housing,Torts/Individuals,Land/Property,Torts/Individuals,Housing,0.85,False,True,True,Someone took the person's property without permission
llama3,K_full,23,என்ன அடி³பில்தா³ ஹாள் ஆயின நள்ளின் என்ன த⁴னி ஸரி மல்பெரெ தயார் இஜ்ஜெர்.,My landlord will not fix the broken pipe in my kitchen,Housing,,Torts/Individuals,Land/Property,Housing,0.85,False,True,True,Property damage or harm caused by another individual
llama3,K_full,24,எங்க் பா³டி³கெ³த³ இல்லன் பு³டி³யெரெ கா²லி ரட்³ட்³ தி³னத வயிதே³ கொர்யேர்.,I was told to leave my rented house with only two days notice,Housing,,Torts/Individuals,Land/Property,Housing,0.90,False,True,True,Property damage caused by another person's action
llama3,K_full,25,என்ன ஸஹவாஸி இல்ல் பு³ட்³து³ பா³த³டி³கெ³ன் புரா என்ன மித்தெ பாட்³த்³ போயேர்.,My roommate moved out and left me to pay all the rent,Housing,Consumer/Money/Debt,Torts/Individuals,Housing,Land/Property,0.90,False,True,True,Someone entered another person's house without permission and is now trying to leave.
llama3,K_full,26,எங்க் ஒஞ்ஜி ஹாள் ஆய்ன போ²ன்-ந் மார்த்³ த³அங்க³டி³த³ த⁴னி காஸ்ன் பிரா கொரெரெ தயார் இஜ்ஜெர்.,The shop owner sold me a broken phone and won't give my money back,Consumer/Money/Debt,,Housing,Torts/Individuals,Consumer/Money/Debt,0.85,False,True,True,Landlord-tenant relationship and property dispute
llama3,K_full,27,யான் பூரா காஸ் கொரி பொ³க்கலா பே³லென் பூர்தி மல்திஜெர்.,I paid for a service that was never completed,Consumer/Money/Debt,,Consumer/Money/Debt,Torts/Individuals,Housing,0.90,True,True,False,The situation involves money being given to someone and not being returned.
llama3,K_full,28,"என்ன மெக்³கெ³ ரட்³ட்³ வர்ஷத³ து³ம்பு³ என்னட்³த³ ஸார தெ³த்தொண்டெ³, அவென் நன்லா பிரா கொர்திஜெ.",My brother borrowed money from me two years ago and still has not paid,Consumer/Money/Debt,,Torts/Individuals,Land/Property,Housing,0.90,False,False,False,Property damage caused by another person's action
llama3,K_full,29,என்ன ஒப்பந்தி³ன ஶுல்கக்³ ப்³யாங்க் என்ன மித்த் காஸ் பாடொ³ந்து³ண்டு³.,The bank is charging me fees I never agreed to,Consumer/Money/Debt,,Consumer/Money/Debt,Housing,Torts/Individuals,0.85,True,True,False,Money owed by someone else
llama3,K_full,30,ஏரொ எனன் ஒஞ்ஜி டோ³ங்கி³ ஆஸ்தித³ மித்த் காஸ் பாடெ³ரெ ஒப்பாயெர்.,Someone convinced me to invest in something that turned out to be fake,Consumer/Money/Debt,,Consumer/Money/Debt,Torts/Individuals,Housing,0.90,True,True,False,Unauthorized use of funds
llama3,K_full,31,யான் மல்தின ஜாஸ்தி கெல்ஸக்³ எங்க் பே³லெத³ ஜாக³ட்³ட்³ காஸ் திக்கிஜி.,My workplace has not paid me for the extra hours I worked,Work/Employment,,Housing,Consumer/Money/Debt,Torts/Individuals,0.90,False,False,False,Landlord-tenant relationship and deposit dispute
llama3,K_full,32,யான் த⁴னிட யான் ஹுஷார் இஜ்ஜி பண்ட்³ட்³ பண்டி³ன வாரடெ³ ஆர் எனன் பே³லெட்³ட்³ தெ³த்தெர்.,I was fired the same week I told my boss I was sick,Work/Employment,,Housing,Consumer/Money/Debt,Torts/Individuals,0.85,False,False,False,Landlord-tenant relationship and deposit dispute
llama3,K_full,33,என்ன த⁴னி எனன் ஸுரக்ஷ தீ³பின ஸாமான் கொர்பெர் பந்த்³ பண்டி³ பொ³க்க அவென் கொரந்தே³ எனட³ பே³லெ மல்பாவொந்து³ல்லெர்.,My employer is making me work without the safety equipment I was promised,Work/Employment,,Housing,Torts/Individuals,Consumer/Money/Debt,0.85,False,False,False,Landlord-tenant dispute over taken property
llama3,K_full,34,"எங்க் ஒஞ்ஜி ப்ரொமோஷன் கொர்பெர் பண்ட்³ட்³ பாதேர கொர்யெர், மாத்ர தா³ல காரண கொரந்தே³ பே³தெ ஜனக் கொர்யெர்.",I was promised a promotion but someone else got it without explanation,Work/Employment,,Torts/Individuals,Land/Property,Housing,0.90,False,False,False,Property damage or harm caused by another individual
llama3,K_full,35,யான் பே³லென் பு³டி³ பொ³க்க என்ன த⁴னி என்ன அகே²ரித³ ஸம்ப³ளன் கொரோந்தி³ஜ்ஜெர்.,My employer refuses to give me my final paycheck after I quit,Work/Employment,Consumer/Money/Debt,Housing,Torts/Individuals,Courts/Legal-System,0.95,False,False,False,Landlord-tenant relationship and property
llama3,K_full,36,என்ன நெரெகரெத³குலு அக்லென பே³லின் என்ன ஜாக³த³ உல்லயி முட்ட கட்டாதெ³ர்.,My neighbor built a wall that crosses onto my land,Land/Property,,Torts/Individuals,Land/Property,Housing,0.90,False,True,True,Property damage caused by another person's action
llama3,K_full,37,என்ட³ கேணந்தே³ யேரா என்ன குடும்ப³த³ ஜாக³ட்³ பெ³ன்னி த³ட்டொந்து³ல்லெர்.,Someone is tilling on land that belongs to my family without asking,Land/Property,,Estates/Wills,Land/Property,Housing,0.85,False,True,True,Family dispute over land or property
llama3,K_full,38,என்ன ஜாக³த³ பே³லின் யேரா தெ³த்த் பு³ட்³தெர்.,The boundary markers on my property were moved without my knowledge,Land/Property,,Torts/Individuals,Land/Property,Housing,0.85,False,True,True,Property damage caused by another person's action
llama3,K_full,39,என்ன பலயெ என்ன குடும்ப³த³ ஜாக³த³ ஒஞ்ஜி பா⁴க³ன் ஆயேன மாத்ர பண்ட்³ட்³ பணொந்து³ல்லெ.,My brother is claiming a part of our family's land is his alone,Land/Property,Estates/Wills,Estates/Wills,Land/Property,Torts/Individuals,0.90,False,True,True,Family dispute over inheritance or property distribution after someone's death
llama3,K_full,40,என்ட³ கேணந்தே³ யேரா என்ன ஜாக³த³ மரன் கட்³தெர்.,Someone cut down trees on my property without permission,Land/Property,Torts/Individuals,Land/Property,Torts/Individuals,Housing,0.90,True,True,False,Someone occupying your land without permission and refusing to leave
llama3,L_sparse,21,എങ്ക്ലേന തിർപു മൽതിന സമയദ ദുംബു എന്ന ധനി ബാഡിഗെ ജാസ്തി മല്പെരെ പ്രയത്ന മൽതോന്ദുല്ലേർ.,My landlord is trying to raise my rent before our agreement ends,Housing,Consumer/Money/Debt,Consumer/Money/Debt,Torts/Individuals,Housing,0.85,False,True,True,"The situation involves someone taking money without permission, indicating a debt or financial issue."
llama3,L_sparse,22,ബരീതകുലു ഏത് ബൊബ്ബെ പാഡോന്ദുല്ലേർ പൻഡ എങ്ക് രാത്രെഡ് ജെപ്പെരേ ആവൊന്ദിജി.,The people next door make so much noise I cannot sleep at night,Housing,Torts/Individuals,Estates/Wills,Land/Property,Housing,0.90,False,True,True,Inheritance dispute and family member taking property that was meant for someone else
llama3,L_sparse,23,എന്ന അഡിപിൽദാ ഹാൾ ആയിന നള്ളിൻ എന്ന ധനി സരി മല്പെരെ തയാർ ഇജ്ജെർ.,My landlord will not fix the broken pipe in my kitchen,Housing,,Consumer/Money/Debt,Torts/Individuals,Housing,0.90,False,True,True,Unauthorized transaction with the person's money
llama3,L_sparse,24,എങ്ക് ബാഡിഗെദ ഇല്ലൻ ബുഡിയെരെ ഖാലി രഡ്ഡ് ദിനത വയിദേ കൊര്യേർ.,I was told to leave my rented house with only two days notice,Housing,,Estates/Wills,Land/Property,Housing,0.90,False,True,True,Inheritance dispute after a family member's passing
llama3,L_sparse,25,എന്ന സഹവാസി ഇല്ല് ബുഡ്ദു ബാദഡിഗെൻ പുരാ എന്ന മിത്തെ പാഡ്ദ് പോയേർ.,My roommate moved out and left me to pay all the rent,Housing,Consumer/Money/Debt,Torts/Individuals,Housing,Land/Property,0.90,False,True,True,"Someone entered the person's home without permission, causing personal injury or trespassing"
llama3,L_sparse,26,എങ്ക് ഒഞ്ജി ഹാൾ ആയ്ന ഫോൻ-ന് മാർദ് ദഅംഗഡിദ ധനി കാസ്ന് പിരാ കൊരെരെ തയാർ ഇജ്ജെർ.,The shop owner sold me a broken phone and won't give my money back,Consumer/Money/Debt,,Housing,Land/Property,Torts/Individuals,0.90,False,False,False,Property-related issue with someone taking something that belongs to the person
llama3,L_sparse,27,യാൻ പൂരാ കാസ് കൊരി ബൊക്കലാ ബേലെൻ പൂർതി മൽതിജെർ.,I paid for a service that was never completed,Consumer/Money/Debt,,Land/Property,Torts/Individuals,Housing,0.90,False,False,False,Dispute over ownership or possession of land or property
llama3,L_sparse,28,"എന്ന മെഗ്ഗെ രഡ്ഡ് വർഷദ ദുംബു എന്നഡ്ദ സാര ദെത്തൊണ്ഡെ, അവെൻ നൻലാ പിരാ കൊർതിജെ.",My brother borrowed money from me two years ago and still has not paid,Consumer/Money/Debt,,Housing,Land/Property,Torts/Individuals,0.85,False,False,False,"Someone took something that belongs to the person, possibly related to their home or dwelling"
llama3,L_sparse,29,എന്ന ഒപ്പന്ദിന ശുൽകഗ് ബ്യാങ്ക് എന്ന മിത്ത് കാസ് പാഡൊന്ദുണ്ഡു.,The bank is charging me fees I never agreed to,Consumer/Money/Debt,,Consumer/Money/Debt,Housing,Torts/Individuals,0.90,True,True,False,"The situation appears to be related to a financial transaction or agreement that has gone awry, which falls under the broader category of consumer/money/debt issues."
llama3,L_sparse,30,ഏരൊ എനൻ ഒഞ്ജി ഡോംഗി ആസ്തിദ മിത്ത് കാസ് പാഡെരെ ഒപ്പായെർ.,Someone convinced me to invest in something that turned out to be fake,Consumer/Money/Debt,,Housing,Torts/Individuals,Courts/Legal-System,0.95,False,False,False,Someone entered their home without permission
llama3,L_sparse,31,യാൻ മൽതിന ജാസ്തി കെൽസഗ് എങ്ക് ബേലെദ ജാഗഡ്ഡ് കാസ് തിക്കിജി.,My workplace has not paid me for the extra hours I worked,Work/Employment,,Torts/Individuals,Land/Property,Housing,0.90,False,False,False,Property damage or personal injury caused by another individual's action
llama3,L_sparse,32,യാൻ ധനിട യാൻ ഹുഷാർ ഇജ്ജി പണ്ഡ്ഡ് പണ്ഡിന വാരഡെ ആർ എനൻ ബേലെഡ്ഡ് ദെത്തെർ.,I was fired the same week I told my boss I was sick,Work/Employment,,Torts/Individuals,Land/Property,Housing,0.90,False,False,False,Property damage or trespassing
llama3,L_sparse,33,എന്ന ധനി എനൻ സുരക്ഷ ദീപിന സാമാൻ കൊർപെർ പന്ദ് പണ്ഡി ബൊക്ക അവെൻ കൊരന്ദേ എനഡ ബേലെ മല്പാവൊന്ദുല്ലെർ.,My employer is making me work without the safety equipment I was promised,Work/Employment,,Housing,Consumer/Money/Debt,Torts/Individuals,0.95,False,False,False,Landlord-tenant relationship and security deposit dispute
llama3,L_sparse,34,"എങ്ക് ഒഞ്ജി പ്രൊമോഷൻ കൊർപെർ പണ്ഡ്ഡ് പാതേര കൊര്യെർ, മാത്ര ദാല കാരണ കൊരന്ദേ ബേതെ ജനക് കൊര്യെർ.",I was promised a promotion but someone else got it without explanation,Work/Employment,,Torts/Individuals,Land/Property,Housing,0.90,False,False,False,Someone else's actions caused harm or inconvenience to the person.
llama3,L_sparse,35,യാൻ ബേലെൻ ബുഡി ബൊക്ക എന്ന ധനി എന്ന അഖേരിദ സംബളൻ കൊരോന്ദിജ്ജെർ.,My employer refuses to give me my final paycheck after I quit,Work/Employment,Consumer/Money/Debt,Consumer/Money/Debt,Torts/Individuals,Housing,0.90,False,True,True,Someone took the person's money without consent
llama3,L_sparse,36,എന്ന നെരെകരെദകുലു അക്ലെന ബേലിൻ എന്ന ജാഗദ ഉല്ലയി മുട്ട കട്ടാദെർ.,My neighbor built a wall that crosses onto my land,Land/Property,,Land/Property,Housing,Torts/Individuals,0.90,True,True,False,The situation involves someone taking the person's land or property without permission.
llama3,L_sparse,37,എൻഡ കേണന്ദേ യേരാ എന്ന കുടുംബദ ജാഗഡ് ബെന്നി ദട്ടൊന്ദുല്ലെർ.,Someone is tilling on land that belongs to my family without asking,Land/Property,,Estates/Wills,Land/Property,Torts/Individuals,0.85,False,True,True,"Family dispute over property, possibly inheritance-related"
llama3,L_sparse,38,എന്ന ജാഗദ ബേലിൻ യേരാ ദെത്ത് ബുഡ്തെർ.,The boundary markers on my property were moved without my knowledge,Land/Property,,Housing,Torts/Individuals,Land/Property,0.95,False,True,True,"Someone entered the person's home without permission, which falls under Housing."
llama3,L_sparse,39,എന്ന പലയെ എന്ന കുടുംബദ ജാഗദ ഒഞ്ജി ഭാഗൻ ആയേന മാത്ര പണ്ഡ്ഡ് പണൊന്ദുല്ലെ.,My brother is claiming a part of our family's land is his alone,Land/Property,Estates/Wills,Estates/Wills,Land/Property,Torts/Individuals,0.85,False,True,True,Family property dispute
llama3,L_sparse,40,എൻഡ കേണന്ദേ യേരാ എന്ന ജാഗദ മരൻ കഡ്തെർ.,Someone cut down trees on my property without permission,Land/Property,Torts/Individuals,Torts/Individuals,Land/Property,Housing,0.90,False,True,True,Someone entered the person's property without permission
llama3,L_full,21,എങ്ക്ലേന തിർപു മൽതിന സമയദ ദുംബു എന്ന ധനി ബാഡിഗെ ജാസ്തി മല്പെരെ പ്രയത്ന മൽതോന്ദുല്ലേർ.,My landlord is trying to raise my rent before our agreement ends,Housing,Consumer/Money/Debt,Housing,Torts/Individuals,Consumer/Money/Debt,0.85,True,True,False,Landlord-tenant relationship gone wrong
llama3,L_full,22,ബരീതകുലു ഏത് ബൊബ്ബെ പാഡോന്ദുല്ലേർ പൻഡ എങ്ക് രാത്രെഡ് ജെപ്പെരേ ആവൊന്ദിജി.,The people next door make so much noise I cannot sleep at night,Housing,Torts/Individuals,Estates/Wills,Land/Property,Torts/Individuals,0.90,False,True,True,Inheritance dispute after someone's death
llama3,L_full,23,എന്ന അഡിപിൽദാ ഹാൾ ആയിന നള്ളിൻ എന്ന ധനി സരി മല്പെരെ തയാർ ഇജ്ജെർ.,My landlord will not fix the broken pipe in my kitchen,Housing,,Housing,Torts/Individuals,Consumer/Money/Debt,0.85,True,True,False,Landlord-tenant relationship and house preparation
llama3,L_full,24,എങ്ക് ബാഡിഗെദ ഇല്ലൻ ബുഡിയെരെ ഖാലി രഡ്ഡ് ദിനത വയിദേ കൊര്യേർ.,I was told to leave my rented house with only two days notice,Housing,,Torts/Individuals,Housing,Land/Property,0.90,False,True,True,Someone entered the person's house without permission and took something.
llama3,L_full,25,എന്ന സഹവാസി ഇല്ല് ബുഡ്ദു ബാദഡിഗെൻ പുരാ എന്ന മിത്തെ പാഡ്ദ് പോയേർ.,My roommate moved out and left me to pay all the rent,Housing,Consumer/Money/Debt,Torts/Individuals,Housing,Land/Property,0.90,False,True,True,Someone entered the person's house without permission
llama3,L_full,26,എങ്ക് ഒഞ്ജി ഹാൾ ആയ്ന ഫോൻ-ന് മാർദ് ദഅംഗഡിദ ധനി കാസ്ന് പിരാ കൊരെരെ തയാർ ഇജ്ജെർ.,The shop owner sold me a broken phone and won't give my money back,Consumer/Money/Debt,,Housing,Consumer/Money/Debt,Torts/Individuals,0.95,False,True,True,Landlord-tenant deposit dispute
llama3,L_full,27,യാൻ പൂരാ കാസ് കൊരി ബൊക്കലാ ബേലെൻ പൂർതി മൽതിജെർ.,I paid for a service that was never completed,Consumer/Money/Debt,,Consumer/Money/Debt,Housing,Torts/Individuals,0.90,True,True,False,Money taken without consent
llama3,L_full,28,"എന്ന മെഗ്ഗെ രഡ്ഡ് വർഷദ ദുംബു എന്നഡ്ദ സാര ദെത്തൊണ്ഡെ, അവെൻ നൻലാ പിരാ കൊർതിജെ.",My brother borrowed money from me two years ago and still has not paid,Consumer/Money/Debt,,Torts/Individuals,Housing,Land/Property,0.90,False,False,False,Property damage or personal injury caused by another individual
llama3,L_full,29,എന്ന ഒപ്പന്ദിന ശുൽകഗ് ബ്യാങ്ക് എന്ന മിത്ത് കാസ് പാഡൊന്ദുണ്ഡു.,The bank is charging me fees I never agreed to,Consumer/Money/Debt,,Consumer/Money/Debt,Housing,Torts/Individuals,0.90,True,True,False,Financial transaction or debt issue
llama3,L_full,30,ഏരൊ എനൻ ഒഞ്ജി ഡോംഗി ആസ്തിദ മിത്ത് കാസ് പാഡെരെ ഒപ്പായെർ.,Someone convinced me to invest in something that turned out to be fake,Consumer/Money/Debt,,Housing,Consumer/Money/Debt,Torts/Individuals,0.85,False,True,True,Landlord-tenant relationship and non-return of money
llama3,L_full,31,യാൻ മൽതിന ജാസ്തി കെൽസഗ് എങ്ക് ബേലെദ ജാഗഡ്ഡ് കാസ് തിക്കിജി.,My workplace has not paid me for the extra hours I worked,Work/Employment,,Housing,Consumer/Money/Debt,Torts/Individuals,0.95,False,False,False,Landlord-tenant dispute over security deposit
llama3,L_full,32,യാൻ ധനിട യാൻ ഹുഷാർ ഇജ്ജി പണ്ഡ്ഡ് പണ്ഡിന വാരഡെ ആർ എനൻ ബേലെഡ്ഡ് ദെത്തെർ.,I was fired the same week I told my boss I was sick,Work/Employment,,Torts/Individuals,Housing,Consumer/Money/Debt,0.85,False,False,False,Someone entered the person's house without permission
llama3,L_full,33,എന്ന ധനി എനൻ സുരക്ഷ ദീപിന സാമാൻ കൊർപെർ പന്ദ് പണ്ഡി ബൊക്ക അവെൻ കൊരന്ദേ എനഡ ബേലെ മല്പാവൊന്ദുല്ലെർ.,My employer is making me work without the safety equipment I was promised,Work/Employment,,Housing,Torts/Individuals,Consumer/Money/Debt,0.90,False,False,False,Landlord-tenant relationship and security deposit dispute
llama3,L_full,34,"എങ്ക് ഒഞ്ജി പ്രൊമോഷൻ കൊർപെർ പണ്ഡ്ഡ് പാതേര കൊര്യെർ, മാത്ര ദാല കാരണ കൊരന്ദേ ബേതെ ജനക് കൊര്യെർ.",I was promised a promotion but someone else got it without explanation,Work/Employment,,Torts/Individuals,Housing,Consumer/Money/Debt,0.90,False,False,False,"The person's property has been taken without permission, which is a classic example of a tortious act."
llama3,L_full,35,യാൻ ബേലെൻ ബുഡി ബൊക്ക എന്ന ധനി എന്ന അഖേരിദ സംബളൻ കൊരോന്ദിജ്ജെർ.,My employer refuses to give me my final paycheck after I quit,Work/Employment,Consumer/Money/Debt,Consumer/Money/Debt,Housing,Work/Employment,0.90,False,True,True,Dispute with authority figure over payment
llama3,L_full,36,എന്ന നെരെകരെദകുലു അക്ലെന ബേലിൻ എന്ന ജാഗദ ഉല്ലയി മുട്ട കട്ടാദെർ.,My neighbor built a wall that crosses onto my land,Land/Property,,Torts/Individuals,Land/Property,Housing,0.95,False,True,True,Damage caused by another individual to the person's property
llama3,L_full,37,എൻഡ കേണന്ദേ യേരാ എന്ന കുടുംബദ ജാഗഡ് ബെന്നി ദട്ടൊന്ദുല്ലെർ.,Someone is tilling on land that belongs to my family without asking,Land/Property,,Land/Property,Torts/Individuals,Housing,0.90,True,True,False,Family land dispute
llama3,L_full,38,എന്ന ജാഗദ ബേലിൻ യേരാ ദെത്ത് ബുഡ്തെർ.,The boundary markers on my property were moved without my knowledge,Land/Property,,Torts/Individuals,Land/Property,Housing,0.90,False,True,True,Damage caused by another person to the individual's property
llama3,L_full,39,എന്ന പലയെ എന്ന കുടുംബദ ജാഗദ ഒഞ്ജി ഭാഗൻ ആയേന മാത്ര പണ്ഡ്ഡ് പണൊന്ദുല്ലെ.,My brother is claiming a part of our family's land is his alone,Land/Property,Estates/Wills,Land/Property,Torts/Individuals,Housing,0.90,True,True,False,Occupation of family land without permission
llama3,L_full,40,എൻഡ കേണന്ദേ യേരാ എന്ന ജാഗദ മരൻ കഡ്തെർ.,Someone cut down trees on my property without permission,Land/Property,Torts/Individuals,Torts/Individuals,Housing,Land/Property,0.95,False,True,True,Property damage caused by another person's action
llama3,M_sparse,21,enklena tirpu maltina samayada dunbu enna dhani badige jasti malpere prayatna maltonduller.,My landlord is trying to raise my rent before our agreement ends,Housing,Consumer/Money/Debt,Torts/Individuals,Housing,Land/Property,0.90,False,True,True,Unauthorized entry into the individual's home
llama3,M_sparse,22,baritakulu et bobbe padonduller panda enk ratred jeppere avondiji.,The people next door make so much noise I cannot sleep at night,Housing,Torts/Individuals,Torts/Individuals,Housing,Land/Property,0.90,False,True,True,Unauthorized entry into a dwelling without permission
llama3,M_sparse,23,enna adipilda hal ayina nallin enna dhani sari malpere tayar ijjer.,My landlord will not fix the broken pipe in my kitchen,Housing,,Land/Property,Torts/Individuals,Housing,0.90,False,True,True,Someone took the person's property without permission
llama3,M_sparse,24,enk badigeda illan budiyere khali radd dinata vayide koryer.,I was told to leave my rented house with only two days notice,Housing,,Housing,Torts/Individuals,Courts/Legal-System,0.95,True,True,False,Unauthorized entry into a person's dwelling
llama3,M_sparse,25,enna sahavasi ill buddu badadigen pura enna mitte padd poyer.,My roommate moved out and left me to pay all the rent,Housing,Consumer/Money/Debt,Torts/Individuals,Housing,Land/Property,0.90,False,True,True,Unauthorized entry into someone's home
llama3,M_sparse,26,enk onji hal ayna phon-n mard daangadida dhani kasn pira korere tayar ijjer.,The shop owner sold me a broken phone and won't give my money back,Consumer/Money/Debt,,Torts/Individuals,Housing,Courts/Legal-System,0.90,False,False,False,Someone entered the person's home without permission
llama3,M_sparse,27,yan pura kas kori bokkala belen purti maltijer.,I paid for a service that was never completed,Consumer/Money/Debt,,Torts/Individuals,Housing,Land/Property,0.85,False,False,False,Property damage caused by another person's action
llama3,M_sparse,28,"enna megge radd varshada dunbu ennadda sara dettonde, aven nanla pira kortije.",My brother borrowed money from me two years ago and still has not paid,Consumer/Money/Debt,,Torts/Individuals,Housing,Land/Property,0.90,False,False,False,Unauthorized entry into the person's property
llama3,M_sparse,29,enna oppandina shulkag byank enna mitt kas padondundu.,The bank is charging me fees I never agreed to,Consumer/Money/Debt,,Land/Property,Torts/Individuals,Housing,0.85,False,False,False,Dispute over ownership or possession of land or property
llama3,M_sparse,30,ero enan onji dongi astida mitt kas padere oppayer.,Someone convinced me to invest in something that turned out to be fake,Consumer/Money/Debt,,Housing,Torts/Individuals,Land/Property,0.95,False,False,False,Unauthorized entry into their home
llama3,M_sparse,31,yan maltina jasti kelsag enk beleda jagadd kas tikkiji.,My workplace has not paid me for the extra hours I worked,Work/Employment,,Torts/Individuals,Land/Property,Housing,0.90,False,False,False,Property invasion without permission
llama3,M_sparse,32,yan dhanita yan hushar ijji pandd pandina varade ar enan beledd detter.,I was fired the same week I told my boss I was sick,Work/Employment,,Torts/Individuals,Land/Property,Housing,0.85,False,False,False,Unauthorized taking of something that belongs to the person
llama3,M_sparse,33,enna dhani enan suraksha dipina saman korper pand pandi bokka aven korande enada bele malpavonduller.,My employer is making me work without the safety equipment I was promised,Work/Employment,,Torts/Individuals,Housing,Land/Property,0.90,False,False,False,Property entered without permission
llama3,M_sparse,34,"enk onji promoshan korper pandd patera koryer, matra dala karana korande bete janak koryer.",I was promised a promotion but someone else got it without explanation,Work/Employment,,Land/Property,Torts/Individuals,Housing,0.85,False,False,False,Dispute over land or property ownership
llama3,M_sparse,35,yan belen budi bokka enna dhani enna akherida sanbalan korondijjer.,My employer refuses to give me my final paycheck after I quit,Work/Employment,Consumer/Money/Debt,Torts/Individuals,Housing,Land/Property,0.90,False,False,False,Someone entered another person's home without permission
llama3,M_sparse,36,enna nerekaredakulu aklena belin enna jagada ullayi mutta kattader.,My neighbor built a wall that crosses onto my land,Land/Property,,Torts/Individuals,Housing,Consumer/Money/Debt,0.85,False,False,False,Someone entered the person's home without permission
llama3,M_sparse,37,enda kenande yera enna kutunbada jagad benni dattonduller.,Someone is tilling on land that belongs to my family without asking,Land/Property,,Torts/Individuals,Housing,Land/Property,0.90,False,True,True,Another individual entered the person's home without permission
llama3,M_sparse,38,enna jagada belin yera dett budter.,The boundary markers on my property were moved without my knowledge,Land/Property,,Torts/Individuals,Housing,Consumer/Money/Debt,0.85,False,False,False,Unauthorized entry into someone's home
llama3,M_sparse,39,enna palaye enna kutunbada jagada onji bhagan ayena matra pandd panondulle.,My brother is claiming a part of our family's land is his alone,Land/Property,Estates/Wills,Torts/Individuals,Housing,Land/Property,0.90,False,True,True,Unauthorized entry into someone's home
llama3,M_sparse,40,enda kenande yera enna jagada maran kadter.,Someone cut down trees on my property without permission,Land/Property,Torts/Individuals,Housing,Torts/Individuals,Courts/Legal-System,0.95,False,True,True,Unauthorized entry into a person's dwelling
llama3,M_full,21,enklena tirpu maltina samayada dunbu enna dhani badige jasti malpere prayatna maltonduller.,My landlord is trying to raise my rent before our agreement ends,Housing,Consumer/Money/Debt,Land/Property,Torts/Individuals,Housing,0.90,False,True,True,The situation revolves around someone taking the person's land without permission.
llama3,M_full,22,baritakulu et bobbe padonduller panda enk ratred jeppere avondiji.,The people next door make so much noise I cannot sleep at night,Housing,Torts/Individuals,Torts/Individuals,Housing,Consumer/Money/Debt,0.90,False,True,True,Someone entered the person's house without permission and caused harm to their property
llama3,M_full,23,enna adipilda hal ayina nallin enna dhani sari malpere tayar ijjer.,My landlord will not fix the broken pipe in my kitchen,Housing,,Land/Property,Torts/Individuals,Housing,0.90,False,True,True,Dispute over land or property ownership
llama3,M_full,24,enk badigeda illan budiyere khali radd dinata vayide koryer.,I was told to leave my rented house with only two days notice,Housing,,Torts/Individuals,Housing,Land/Property,0.90,False,True,True,Property damage caused by another person's action
llama3,M_full,25,enna sahavasi ill buddu badadigen pura enna mitte padd poyer.,My roommate moved out and left me to pay all the rent,Housing,Consumer/Money/Debt,Torts/Individuals,Housing,Courts/Legal-System,0.90,False,True,True,Someone entered the person's house without permission
llama3,M_full,26,enk onji hal ayna phon-n mard daangadida dhani kasn pira korere tayar ijjer.,The shop owner sold me a broken phone and won't give my money back,Consumer/Money/Debt,,Consumer/Money/Debt,Housing,Torts/Individuals,0.90,True,True,False,"The situation revolves around someone taking the person's money without permission, which falls under consumer/money/debt issues."
llama3,M_full,27,yan pura kas kori bokkala belen purti maltijer.,I paid for a service that was never completed,Consumer/Money/Debt,,Consumer/Money/Debt,Torts/Individuals,Housing,0.90,True,True,False,"Someone took money without permission, causing trouble"
llama3,M_full,28,"enna megge radd varshada dunbu ennadda sara dettonde, aven nanla pira kortije.",My brother borrowed money from me two years ago and still has not paid,Consumer/Money/Debt,,Land/Property,Torts/Individuals,Housing,0.90,False,False,False,Someone took the person's land without permission
llama3,M_full,29,enna oppandina shulkag byank enna mitt kas padondundu.,The bank is charging me fees I never agreed to,Consumer/Money/Debt,,Consumer/Money/Debt,Torts/Individuals,Housing,0.90,True,True,False,The situation involves someone taking money that was given to them without permission.
llama3,M_full,30,ero enan onji dongi astida mitt kas padere oppayer.,Someone convinced me to invest in something that turned out to be fake,Consumer/Money/Debt,,Consumer/Money/Debt,Torts/Individuals,Housing,0.90,True,True,False,Someone took the person's money without permission
llama3,M_full,31,yan maltina jasti kelsag enk beleda jagadd kas tikkiji.,My workplace has not paid me for the extra hours I worked,Work/Employment,,Housing,Consumer/Money/Debt,Torts/Individuals,0.70,False,False,False,"The situation involves someone taking money without permission, possibly related to land or property, which is a common issue in housing disputes."
llama3,M_full,32,yan dhanita yan hushar ijji pandd pandina varade ar enan beledd detter.,I was fired the same week I told my boss I was sick,Work/Employment,,Torts/Individuals,Land/Property,Housing,0.90,False,False,False,Property damage caused by another person's action
llama3,M_full,33,enna dhani enan suraksha dipina saman korper pand pandi bokka aven korande enada bele malpavonduller.,My employer is making me work without the safety equipment I was promised,Work/Employment,,Torts/Individuals,Land/Property,Housing,0.90,False,False,False,Physical harm/damage caused by another individual without permission
llama3,M_full,34,"enk onji promoshan korper pandd patera koryer, matra dala karana korande bete janak koryer.",I was promised a promotion but someone else got it without explanation,Work/Employment,,Torts/Individuals,Housing,Land/Property,0.90,False,False,False,Someone entered the person's house without permission
llama3,M_full,35,yan belen budi bokka enna dhani enna akherida sanbalan korondijjer.,My employer refuses to give me my final paycheck after I quit,Work/Employment,Consumer/Money/Debt,Land/Property,Torts/Individuals,Housing,0.90,False,False,False,The situation revolves around someone taking the person's land without permission.
llama3,M_full,36,enna nerekaredakulu aklena belin enna jagada ullayi mutta kattader.,My neighbor built a wall that crosses onto my land,Land/Property,,Torts/Individuals,Land/Property,Housing,0.90,False,True,True,Property damage caused by another person's action
llama3,M_full,37,enda kenande yera enna kutunbada jagad benni dattonduller.,Someone is tilling on land that belongs to my family without asking,Land/Property,,Land/Property,Torts/Individuals,Housing,0.90,True,True,False,Unauthorized occupation of land
llama3,M_full,38,enna jagada belin yera dett budter.,The boundary markers on my property were moved without my knowledge,Land/Property,,Land/Property,Torts/Individuals,Housing,0.85,True,True,False,Trespass and land ownership dispute
llama3,M_full,39,enna palaye enna kutunbada jagada onji bhagan ayena matra pandd panondulle.,My brother is claiming a part of our family's land is his alone,Land/Property,Estates/Wills,Land/Property,Torts/Individuals,Housing,0.90,True,True,False,Unauthorized entry onto one's property
llama3,M_full,40,enda kenande yera enna jagada maran kadter.,Someone cut down trees on my property without permission,Land/Property,Torts/Individuals,Land/Property,Torts/Individuals,Housing,0.90,True,True,False,Unauthorized entry onto someone else's property
